{
    "A": "Ag", 
    "gllbsc_ind-gap": 0.0, 
    "B": "As", 
    "anion": "N3", 
    "CB_ind": 6.183756992390063, 
    "anion_idx": 3, 
    "heat_of_formation_all": 1.9, 
    "CB_dir": 6.183756992390063, 
    "filename": "/Users/ajain/Documents/papers_proposals/2012Paper_UNCOptimization/data/rawdata/abn3/4487eadc0efe11364454c927c376f38b9c6af7d7.json", 
    "sum_magnetic_moments": 2.9124037729849013, 
    "VB_dir": 6.183756992390063, 
    "VB_ind": 6.183756992390063, 
    "is_direct": true, 
    "gllbsc_dir-gap": 0.0, 
    "FermiLevel": 0.250918954116, 
    "XCFunctional": "RPBE", 
    "FermiWidth": 0.0018374654734, 
    "structure": {
        "lattice": {
            "a": 3.870394122033615, 
            "c": 3.870394122033615, 
            "b": 3.870394122033615, 
            "matrix": [
                [
                    3.870394122033615, 
                    0.0, 
                    0.0
                ], 
                [
                    0.0, 
                    3.870394122033615, 
                    0.0
                ], 
                [
                    0.0, 
                    0.0, 
                    3.870394122033615
                ]
            ], 
            "volume": 57.97831298232354, 
            "beta": 90.0, 
            "alpha": 90.0, 
            "gamma": 90.0
        }, 
        "sites": [
            {
                "label": "Ag", 
                "xyz": [
                    0.0, 
                    0.0, 
                    0.0
                ], 
                "abc": [
                    0.0, 
                    0.0, 
                    0.0
                ], 
                "properties": {}, 
                "species": [
                    {
                        "occu": 1, 
                        "element": "Ag"
                    }
                ]
            }, 
            {
                "label": "As", 
                "xyz": [
                    1.9351970610168074, 
                    1.9351970610168074, 
                    1.9351970610168074
                ], 
                "abc": [
                    0.5, 
                    0.5, 
                    0.5
                ], 
                "properties": {}, 
                "species": [
                    {
                        "occu": 1, 
                        "element": "As"
                    }
                ]
            }, 
            {
                "label": "N", 
                "xyz": [
                    1.9351970610168074, 
                    0.0, 
                    1.9351970610168074
                ], 
                "abc": [
                    0.5, 
                    0.0, 
                    0.5
                ], 
                "properties": {}, 
                "species": [
                    {
                        "occu": 1, 
                        "element": "N"
                    }
                ]
            }, 
            {
                "label": "N", 
                "xyz": [
                    1.9351970610168074, 
                    1.9351970610168074, 
                    0.0
                ], 
                "abc": [
                    0.5, 
                    0.5, 
                    0.0
                ], 
                "properties": {}, 
                "species": [
                    {
                        "occu": 1, 
                        "element": "N"
                    }
                ]
            }, 
            {
                "label": "N", 
                "xyz": [
                    0.0, 
                    1.9351970610168074, 
                    1.9351970610168074
                ], 
                "abc": [
                    0.0, 
                    0.5, 
                    0.5
                ], 
                "properties": {}, 
                "species": [
                    {
                        "occu": 1, 
                        "element": "N"
                    }
                ]
            }
        ], 
        "@class": "Structure", 
        "@module": "pymatgen.core.structure"
    }
}