{
    "A": "Ag", 
    "gllbsc_ind-gap": 0.0, 
    "B": "Cu", 
    "anion": "ON2", 
    "CB_ind": 6.021503684173647, 
    "anion_idx": 2, 
    "heat_of_formation_all": 2.1, 
    "CB_dir": 6.021503684173647, 
    "filename": "/Users/ajain/Documents/papers_proposals/2012Paper_UNCOptimization/data/rawdata/abon2/dbe94b8895751048b5941edc105439248803879c.json", 
    "sum_magnetic_moments": 0.00011221845414513384, 
    "VB_dir": 6.021503684173647, 
    "VB_ind": 6.021503684173647, 
    "is_direct": true, 
    "gllbsc_dir-gap": 0.0, 
    "FermiLevel": 0.184852222033, 
    "XCFunctional": "RPBE", 
    "FermiWidth": 0.0018374654734, 
    "structure": {
        "lattice": {
            "a": 3.883237671725026, 
            "c": 3.883237671725026, 
            "b": 3.883237671725026, 
            "matrix": [
                [
                    3.883237671725026, 
                    0.0, 
                    0.0
                ], 
                [
                    0.0, 
                    3.883237671725026, 
                    0.0
                ], 
                [
                    0.0, 
                    0.0, 
                    3.883237671725026
                ]
            ], 
            "volume": 58.557417666102495, 
            "beta": 90.0, 
            "alpha": 90.0, 
            "gamma": 90.0
        }, 
        "sites": [
            {
                "label": "Ag", 
                "xyz": [
                    0.0022654494205822913, 
                    0.0, 
                    0.0
                ], 
                "abc": [
                    0.0005833919044094782, 
                    0.0, 
                    0.0
                ], 
                "properties": {}, 
                "species": [
                    {
                        "occu": 1, 
                        "element": "Ag"
                    }
                ]
            }, 
            {
                "label": "Cu", 
                "xyz": [
                    1.9624529947885592, 
                    1.941618835862513, 
                    1.941618835862513
                ], 
                "abc": [
                    0.5053651516304927, 
                    0.5, 
                    0.5
                ], 
                "properties": {}, 
                "species": [
                    {
                        "occu": 1, 
                        "element": "Cu"
                    }
                ]
            }, 
            {
                "label": "N", 
                "xyz": [
                    1.9409257493794587, 
                    1.3368141557244065e-19, 
                    1.941618835862513
                ], 
                "abc": [
                    0.499821518397367, 
                    3.442524688761999e-20, 
                    0.5
                ], 
                "properties": {}, 
                "species": [
                    {
                        "occu": 1, 
                        "element": "N"
                    }
                ]
            }, 
            {
                "label": "N", 
                "xyz": [
                    1.9409257493794587, 
                    1.941618835862513, 
                    0.0
                ], 
                "abc": [
                    0.499821518397367, 
                    0.5, 
                    0.0
                ], 
                "properties": {}, 
                "species": [
                    {
                        "occu": 1, 
                        "element": "N"
                    }
                ]
            }, 
            {
                "label": "O", 
                "xyz": [
                    0.019328310451430596, 
                    1.941618835862513, 
                    1.941618835862513
                ], 
                "abc": [
                    0.00497736993853495, 
                    0.5, 
                    0.5
                ], 
                "properties": {}, 
                "species": [
                    {
                        "occu": 1, 
                        "element": "O"
                    }
                ]
            }
        ], 
        "@class": "Structure", 
        "@module": "pymatgen.core.structure"
    }
}