{
    "A": "Ag", 
    "gllbsc_ind-gap": 0.0, 
    "B": "Cu", 
    "anion": "O2F", 
    "CB_ind": 6.515388743714938, 
    "anion_idx": 4, 
    "heat_of_formation_all": 1.14, 
    "CB_dir": 6.515388743714938, 
    "filename": "/Users/ajain/Documents/papers_proposals/2012Paper_UNCOptimization/data/rawdata/abo2f/68cc28e079c71a59b05a71fba894b4ec5b7b660e.json", 
    "sum_magnetic_moments": -1.106800305680127, 
    "VB_dir": 6.515388743714938, 
    "VB_ind": 6.515388743714938, 
    "is_direct": true, 
    "gllbsc_dir-gap": 0.0, 
    "FermiLevel": 0.134062382322, 
    "XCFunctional": "RPBE", 
    "FermiWidth": 0.0036749309468, 
    "structure": {
        "lattice": {
            "a": 3.896601783339508, 
            "c": 3.896601783339508, 
            "b": 3.896601783339508, 
            "matrix": [
                [
                    3.896601783339508, 
                    0.0, 
                    0.0
                ], 
                [
                    0.0, 
                    3.896601783339508, 
                    0.0
                ], 
                [
                    0.0, 
                    0.0, 
                    3.896601783339508
                ]
            ], 
            "volume": 59.16407444469428, 
            "beta": 90.0, 
            "alpha": 90.0, 
            "gamma": 90.0
        }, 
        "sites": [
            {
                "label": "Ag", 
                "xyz": [
                    0.0019140167238778682, 
                    0.0, 
                    0.0
                ], 
                "abc": [
                    0.0004912015213003102, 
                    0.0, 
                    0.0
                ], 
                "properties": {}, 
                "species": [
                    {
                        "occu": 1, 
                        "element": "Ag"
                    }
                ]
            }, 
            {
                "label": "Cu", 
                "xyz": [
                    1.9710436492184993, 
                    1.9483008916697535, 
                    1.9483008916697535
                ], 
                "abc": [
                    0.505836561910428, 
                    0.4999999999999999, 
                    0.4999999999999999
                ], 
                "properties": {}, 
                "species": [
                    {
                        "occu": 1, 
                        "element": "Cu"
                    }
                ]
            }, 
            {
                "label": "F", 
                "xyz": [
                    1.948872957330958, 
                    0.0, 
                    1.9483008916697535
                ], 
                "abc": [
                    0.5001468114251885, 
                    0.0, 
                    0.4999999999999999
                ], 
                "properties": {}, 
                "species": [
                    {
                        "occu": 1, 
                        "element": "F"
                    }
                ]
            }, 
            {
                "label": "O", 
                "xyz": [
                    1.947507811464627, 
                    1.9483008916697535, 
                    0.0
                ], 
                "abc": [
                    0.49979646875682343, 
                    0.4999999999999999, 
                    0.0
                ], 
                "properties": {}, 
                "species": [
                    {
                        "occu": 1, 
                        "element": "O"
                    }
                ]
            }, 
            {
                "label": "O", 
                "xyz": [
                    0.01703866887413174, 
                    1.9483008916697535, 
                    1.9483008916697535
                ], 
                "abc": [
                    0.004372699552462113, 
                    0.4999999999999999, 
                    0.4999999999999999
                ], 
                "properties": {}, 
                "species": [
                    {
                        "occu": 1, 
                        "element": "O"
                    }
                ]
            }
        ], 
        "@class": "Structure", 
        "@module": "pymatgen.core.structure"
    }
}