{
    "A": "Ag", 
    "gllbsc_ind-gap": 0.0, 
    "B": "Ge", 
    "anion": "ON2", 
    "CB_ind": 6.053421570167784, 
    "anion_idx": 2, 
    "heat_of_formation_all": 1.5, 
    "CB_dir": 6.053421570167784, 
    "filename": "/Users/ajain/Documents/papers_proposals/2012Paper_UNCOptimization/data/rawdata/abon2/47443543bca39c1c7f1b41bc79007074861bc583.json", 
    "sum_magnetic_moments": -3.5816932831171774e-05, 
    "VB_dir": 6.053421570167784, 
    "VB_ind": 6.053421570167784, 
    "is_direct": true, 
    "gllbsc_dir-gap": 0.0, 
    "FermiLevel": 0.226362863636, 
    "XCFunctional": "RPBE", 
    "FermiWidth": 0.0018374654734, 
    "structure": {
        "lattice": {
            "a": 3.886636851446019, 
            "c": 3.886636851446019, 
            "b": 3.886636851446019, 
            "matrix": [
                [
                    3.886636851446019, 
                    0.0, 
                    0.0
                ], 
                [
                    0.0, 
                    3.886636851446019, 
                    0.0
                ], 
                [
                    0.0, 
                    0.0, 
                    3.886636851446019
                ]
            ], 
            "volume": 58.71132645792396, 
            "beta": 90.0, 
            "alpha": 90.0, 
            "gamma": 90.0
        }, 
        "sites": [
            {
                "label": "Ag", 
                "xyz": [
                    0.003686137867649297, 
                    6.910540980891143e-19, 
                    0.0
                ], 
                "abc": [
                    0.0009484132448026045, 
                    1.7780258987458745e-19, 
                    0.0
                ], 
                "properties": {}, 
                "species": [
                    {
                        "occu": 1, 
                        "element": "Ag"
                    }
                ]
            }, 
            {
                "label": "Ge", 
                "xyz": [
                    1.9628124359422976, 
                    1.9433184257230094, 
                    1.9433184257230094
                ], 
                "abc": [
                    0.5050156500245284, 
                    0.5, 
                    0.5
                ], 
                "properties": {}, 
                "species": [
                    {
                        "occu": 1, 
                        "element": "Ge"
                    }
                ]
            }, 
            {
                "label": "N", 
                "xyz": [
                    1.9430195165489166, 
                    0.0, 
                    1.9433184257230094
                ], 
                "abc": [
                    0.4999230931045226, 
                    0.0, 
                    0.5
                ], 
                "properties": {}, 
                "species": [
                    {
                        "occu": 1, 
                        "element": "N"
                    }
                ]
            }, 
            {
                "label": "N", 
                "xyz": [
                    1.9430195165489166, 
                    1.9433184257230094, 
                    0.0
                ], 
                "abc": [
                    0.4999230931045226, 
                    0.5, 
                    0.0
                ], 
                "properties": {}, 
                "species": [
                    {
                        "occu": 1, 
                        "element": "N"
                    }
                ]
            }, 
            {
                "label": "O", 
                "xyz": [
                    0.016447799143262994, 
                    1.9433184257230094, 
                    1.9433184257230094
                ], 
                "abc": [
                    0.0042318847301475076, 
                    0.5, 
                    0.5
                ], 
                "properties": {}, 
                "species": [
                    {
                        "occu": 1, 
                        "element": "O"
                    }
                ]
            }
        ], 
        "@class": "Structure", 
        "@module": "pymatgen.core.structure"
    }
}