{
    "A": "Ag", 
    "gllbsc_ind-gap": 1.9, 
    "B": "Hf", 
    "anion": "O2F", 
    "CB_ind": 5.219295974563321, 
    "anion_idx": 4, 
    "heat_of_formation_all": 0.32, 
    "CB_dir": 4.869295974563322, 
    "filename": "/Users/ajain/Documents/papers_proposals/2012Paper_UNCOptimization/data/rawdata/abo2f/3ae6c154fc3cf961fee2323209345bfcf219789c.json", 
    "sum_magnetic_moments": -4.4378291236222047e-16, 
    "VB_dir": 7.469295974563321, 
    "VB_ind": 7.119295974563322, 
    "is_direct": false, 
    "gllbsc_dir-gap": 2.6, 
    "FermiLevel": 0.191840320201, 
    "XCFunctional": "RPBE", 
    "FermiWidth": 0.0036749309468, 
    "structure": {
        "lattice": {
            "a": 4.1926770162785685, 
            "c": 4.1926770162785685, 
            "b": 4.1926770162785685, 
            "matrix": [
                [
                    4.1926770162785685, 
                    0.0, 
                    0.0
                ], 
                [
                    0.0, 
                    4.1926770162785685, 
                    0.0
                ], 
                [
                    0.0, 
                    0.0, 
                    4.1926770162785685
                ]
            ], 
            "volume": 73.70114299750023, 
            "beta": 90.0, 
            "alpha": 90.0, 
            "gamma": 90.0
        }, 
        "sites": [
            {
                "label": "Ag", 
                "xyz": [
                    0.005600002359968213, 
                    0.0, 
                    0.0
                ], 
                "abc": [
                    0.0013356627133989897, 
                    0.0, 
                    0.0
                ], 
                "properties": {}, 
                "species": [
                    {
                        "occu": 1, 
                        "element": "Ag"
                    }
                ]
            }, 
            {
                "label": "Hf", 
                "xyz": [
                    2.114121155004515, 
                    2.096338508139284, 
                    2.096338508139284
                ], 
                "abc": [
                    0.5042413586346355, 
                    0.4999999999999999, 
                    0.4999999999999999
                ], 
                "properties": {}, 
                "species": [
                    {
                        "occu": 1, 
                        "element": "Hf"
                    }
                ]
            }, 
            {
                "label": "F", 
                "xyz": [
                    2.0981149095196256, 
                    0.0, 
                    2.096338508139284
                ], 
                "abc": [
                    0.5004236914442597, 
                    0.0, 
                    0.4999999999999999
                ], 
                "properties": {}, 
                "species": [
                    {
                        "occu": 1, 
                        "element": "F"
                    }
                ]
            }, 
            {
                "label": "O", 
                "xyz": [
                    2.1030445617008047, 
                    2.096338508139284, 
                    0.0
                ], 
                "abc": [
                    0.5015994682002652, 
                    0.4999999999999999, 
                    0.0
                ], 
                "properties": {}, 
                "species": [
                    {
                        "occu": 1, 
                        "element": "O"
                    }
                ]
            }, 
            {
                "label": "O", 
                "xyz": [
                    0.012392886125522536, 
                    2.096338508139284, 
                    2.096338508139284
                ], 
                "abc": [
                    0.0029558408809945715, 
                    0.4999999999999999, 
                    0.4999999999999999
                ], 
                "properties": {}, 
                "species": [
                    {
                        "occu": 1, 
                        "element": "O"
                    }
                ]
            }
        ], 
        "@class": "Structure", 
        "@module": "pymatgen.core.structure"
    }
}