{
    "A": "Ag", 
    "gllbsc_ind-gap": 0.0, 
    "B": "Ir", 
    "anion": "O2S", 
    "CB_ind": 6.087807521174681, 
    "anion_idx": 6, 
    "heat_of_formation_all": 1.24, 
    "CB_dir": 6.087807521174681, 
    "filename": "/Users/ajain/Documents/papers_proposals/2012Paper_UNCOptimization/data/rawdata/abo2s/ea9480628815987d87175e0621e7ad98d501cd6e.json", 
    "sum_magnetic_moments": 1.216600627467454, 
    "VB_dir": 6.087807521174681, 
    "VB_ind": 6.087807521174681, 
    "is_direct": true, 
    "gllbsc_dir-gap": 0.0, 
    "FermiLevel": 0.209785474561, 
    "XCFunctional": "RPBE", 
    "FermiWidth": 0.0018374654734, 
    "structure": {
        "lattice": {
            "a": 4.282620901732492, 
            "c": 4.282620901732492, 
            "b": 4.282620901732492, 
            "matrix": [
                [
                    4.282620901732492, 
                    0.0, 
                    0.0
                ], 
                [
                    0.0, 
                    4.282620901732492, 
                    0.0
                ], 
                [
                    0.0, 
                    0.0, 
                    4.282620901732492
                ]
            ], 
            "volume": 78.5468723964692, 
            "beta": 90.0, 
            "alpha": 90.0, 
            "gamma": 90.0
        }, 
        "sites": [
            {
                "label": "Ag", 
                "xyz": [
                    0.17456719789596284, 
                    4.282620901732491, 
                    2.502771485150467e-16
                ], 
                "abc": [
                    0.04076176759547954, 
                    0.9999999999999999, 
                    5.844018283612252e-17
                ], 
                "properties": {}, 
                "species": [
                    {
                        "occu": 1, 
                        "element": "Ag"
                    }
                ]
            }, 
            {
                "label": "Ir", 
                "xyz": [
                    2.442413944560374, 
                    2.1413104508662464, 
                    2.1413104508662464
                ], 
                "abc": [
                    0.5703082296105919, 
                    0.5000000000000001, 
                    0.5000000000000001
                ], 
                "properties": {}, 
                "species": [
                    {
                        "occu": 1, 
                        "element": "Ir"
                    }
                ]
            }, 
            {
                "label": "S", 
                "xyz": [
                    1.5935922947772245, 
                    1.0355294475302758e-17, 
                    2.1413104508662464
                ], 
                "abc": [
                    0.37210678492055005, 
                    2.4179806508471545e-18, 
                    0.5000000000000001
                ], 
                "properties": {}, 
                "species": [
                    {
                        "occu": 1, 
                        "element": "S"
                    }
                ]
            }, 
            {
                "label": "O", 
                "xyz": [
                    2.246536937286916, 
                    2.1413104508662464, 
                    6.681486522608059e-18
                ], 
                "abc": [
                    0.5245705816216658, 
                    0.5000000000000001, 
                    1.560139614483535e-18
                ], 
                "properties": {}, 
                "species": [
                    {
                        "occu": 1, 
                        "element": "O"
                    }
                ]
            }, 
            {
                "label": "O", 
                "xyz": [
                    0.023619601814702167, 
                    2.1413104508662464, 
                    2.1413104508662464
                ], 
                "abc": [
                    0.00551522125274901, 
                    0.5000000000000001, 
                    0.5000000000000001
                ], 
                "properties": {}, 
                "species": [
                    {
                        "occu": 1, 
                        "element": "O"
                    }
                ]
            }
        ], 
        "@class": "Structure", 
        "@module": "pymatgen.core.structure"
    }
}