{
    "A": "Ag", 
    "gllbsc_ind-gap": 0.0, 
    "B": "Rb", 
    "anion": "OFN", 
    "CB_ind": 5.681667163459199, 
    "anion_idx": 5, 
    "heat_of_formation_all": 2.8, 
    "CB_dir": 5.681667163459199, 
    "filename": "/Users/ajain/Documents/papers_proposals/2012Paper_UNCOptimization/data/rawdata/abofn/3e88c4ccb31dd0087f59bdf81faa1334afba766a.json", 
    "sum_magnetic_moments": 0.0, 
    "VB_dir": 5.681667163459199, 
    "VB_ind": 5.681667163459199, 
    "is_direct": true, 
    "gllbsc_dir-gap": 0.0, 
    "FermiLevel": -0.0269205995645, 
    "XCFunctional": "RPBE", 
    "FermiWidth": 0.0036749309468, 
    "structure": {
        "lattice": {
            "a": 4.965163477554319, 
            "c": 4.965163477554319, 
            "b": 4.965163477554319, 
            "matrix": [
                [
                    4.965163477554319, 
                    0.0, 
                    0.0
                ], 
                [
                    0.0, 
                    4.965163477554319, 
                    0.0
                ], 
                [
                    0.0, 
                    0.0, 
                    4.965163477554319
                ]
            ], 
            "volume": 122.40542228899383, 
            "beta": 90.0, 
            "alpha": 90.0, 
            "gamma": 90.0
        }, 
        "sites": [
            {
                "label": "Ag", 
                "xyz": [
                    0.0029509353250474673, 
                    0.0, 
                    0.0
                ], 
                "abc": [
                    0.0005943279286548292, 
                    0.0, 
                    0.0
                ], 
                "properties": {}, 
                "species": [
                    {
                        "occu": 1, 
                        "element": "Ag"
                    }
                ]
            }, 
            {
                "label": "Rb", 
                "xyz": [
                    2.5065530409485857, 
                    2.4825817387771596, 
                    2.4825817387771596
                ], 
                "abc": [
                    0.5048278978687795, 
                    0.5, 
                    0.5
                ], 
                "properties": {}, 
                "species": [
                    {
                        "occu": 1, 
                        "element": "Rb"
                    }
                ]
            }, 
            {
                "label": "F", 
                "xyz": [
                    2.4818102821278325, 
                    0.0, 
                    2.4825817387771596
                ], 
                "abc": [
                    0.4998446261330942, 
                    0.0, 
                    0.5
                ], 
                "properties": {}, 
                "species": [
                    {
                        "occu": 1, 
                        "element": "F"
                    }
                ]
            }, 
            {
                "label": "N", 
                "xyz": [
                    2.4765015786581506, 
                    2.4825817387771596, 
                    0.0
                ], 
                "abc": [
                    0.49877543606640645, 
                    0.5, 
                    0.0
                ], 
                "properties": {}, 
                "species": [
                    {
                        "occu": 1, 
                        "element": "N"
                    }
                ]
            }, 
            {
                "label": "O", 
                "xyz": [
                    0.02253324852217059, 
                    2.4825817387771596, 
                    2.4825817387771596
                ], 
                "abc": [
                    0.004538269207858942, 
                    0.5, 
                    0.5
                ], 
                "properties": {}, 
                "species": [
                    {
                        "occu": 1, 
                        "element": "O"
                    }
                ]
            }
        ], 
        "@class": "Structure", 
        "@module": "pymatgen.core.structure"
    }
}