{
    "A": "Ag", 
    "gllbsc_ind-gap": 0.0, 
    "B": "Sb", 
    "anion": "OFN", 
    "CB_ind": 6.573262334940622, 
    "anion_idx": 5, 
    "heat_of_formation_all": 0.98, 
    "CB_dir": 6.573262334940622, 
    "filename": "/Users/ajain/Documents/papers_proposals/2012Paper_UNCOptimization/data/rawdata/abofn/7783d731af690599f783309b1b1a7eeb86c6df94.json", 
    "sum_magnetic_moments": -0.18547526347336746, 
    "VB_dir": 6.573262334940622, 
    "VB_ind": 6.573262334940622, 
    "is_direct": true, 
    "gllbsc_dir-gap": 0.0, 
    "FermiLevel": 0.201965565472, 
    "XCFunctional": "RPBE", 
    "FermiWidth": 0.0036749309468, 
    "structure": {
        "lattice": {
            "a": 4.169006193070749, 
            "c": 4.169006193070749, 
            "b": 4.169006193070749, 
            "matrix": [
                [
                    4.169006193070749, 
                    0.0, 
                    0.0
                ], 
                [
                    0.0, 
                    4.169006193070749, 
                    0.0
                ], 
                [
                    0.0, 
                    0.0, 
                    4.169006193070749
                ]
            ], 
            "volume": 72.4598817266115, 
            "beta": 90.0, 
            "alpha": 90.0, 
            "gamma": 90.0
        }, 
        "sites": [
            {
                "label": "Ag", 
                "xyz": [
                    0.002580032034004946, 
                    0.0, 
                    0.0
                ], 
                "abc": [
                    0.0006188602066106746, 
                    0.0, 
                    0.0
                ], 
                "properties": {}, 
                "species": [
                    {
                        "occu": 1, 
                        "element": "Ag"
                    }
                ]
            }, 
            {
                "label": "Sb", 
                "xyz": [
                    2.1091563401032247, 
                    2.0845030965353755, 
                    2.0845030965353755
                ], 
                "abc": [
                    0.5059134581303395, 
                    0.5000000000000002, 
                    0.5000000000000002
                ], 
                "properties": {}, 
                "species": [
                    {
                        "occu": 1, 
                        "element": "Sb"
                    }
                ]
            }, 
            {
                "label": "F", 
                "xyz": [
                    2.0824504536261337, 
                    0.0, 
                    2.0845030965353755
                ], 
                "abc": [
                    0.49950764215398563, 
                    0.0, 
                    0.5000000000000002
                ], 
                "properties": {}, 
                "species": [
                    {
                        "occu": 1, 
                        "element": "F"
                    }
                ]
            }, 
            {
                "label": "N", 
                "xyz": [
                    2.0828706398073833, 
                    2.0845030965353755, 
                    0.0
                ], 
                "abc": [
                    0.4996084302463487, 
                    0.5000000000000002, 
                    0.0
                ], 
                "properties": {}, 
                "species": [
                    {
                        "occu": 1, 
                        "element": "N"
                    }
                ]
            }, 
            {
                "label": "O", 
                "xyz": [
                    0.018404445429792297, 
                    2.0845030965353755, 
                    2.0845030965353755
                ], 
                "abc": [
                    0.004414588172208064, 
                    0.5000000000000002, 
                    0.5000000000000002
                ], 
                "properties": {}, 
                "species": [
                    {
                        "occu": 1, 
                        "element": "O"
                    }
                ]
            }
        ], 
        "@class": "Structure", 
        "@module": "pymatgen.core.structure"
    }
}