{
    "A": "Ag", 
    "gllbsc_ind-gap": 0.0, 
    "B": "Sn", 
    "anion": "O2S", 
    "CB_ind": 5.82970196368383, 
    "anion_idx": 6, 
    "heat_of_formation_all": 0.94, 
    "CB_dir": 5.82970196368383, 
    "filename": "/Users/ajain/Documents/papers_proposals/2012Paper_UNCOptimization/data/rawdata/abo2s/25d4acd5886d7ad94f480beec0f3c0349670eeae.json", 
    "sum_magnetic_moments": 0.9722368764045406, 
    "VB_dir": 5.82970196368383, 
    "VB_ind": 5.82970196368383, 
    "is_direct": true, 
    "gllbsc_dir-gap": 0.0, 
    "FermiLevel": 0.14268714982, 
    "XCFunctional": "RPBE", 
    "FermiWidth": 0.0018374654734, 
    "structure": {
        "lattice": {
            "a": 4.465384224980567, 
            "c": 4.465384224980567, 
            "b": 4.465384224980567, 
            "matrix": [
                [
                    4.465384224980567, 
                    0.0, 
                    0.0
                ], 
                [
                    0.0, 
                    4.465384224980567, 
                    0.0
                ], 
                [
                    0.0, 
                    0.0, 
                    4.465384224980567
                ]
            ], 
            "volume": 89.03822658953457, 
            "beta": 90.0, 
            "alpha": 90.0, 
            "gamma": 90.0
        }, 
        "sites": [
            {
                "label": "Ag", 
                "xyz": [
                    0.1592081105591055, 
                    0.0, 
                    0.0
                ], 
                "abc": [
                    0.03565384355246572, 
                    0.0, 
                    0.0
                ], 
                "properties": {}, 
                "species": [
                    {
                        "occu": 1, 
                        "element": "Ag"
                    }
                ]
            }, 
            {
                "label": "Sn", 
                "xyz": [
                    2.4704534313403115, 
                    2.2326921124902834, 
                    2.2326921124902834
                ], 
                "abc": [
                    0.5532454335104977, 
                    0.5, 
                    0.5
                ], 
                "properties": {}, 
                "species": [
                    {
                        "occu": 1, 
                        "element": "Sn"
                    }
                ]
            }, 
            {
                "label": "S", 
                "xyz": [
                    1.3590150566949997, 
                    0.0, 
                    2.2326921124902834
                ], 
                "abc": [
                    0.30434448374952866, 
                    0.0, 
                    0.5
                ], 
                "properties": {}, 
                "species": [
                    {
                        "occu": 1, 
                        "element": "S"
                    }
                ]
            }, 
            {
                "label": "O", 
                "xyz": [
                    2.607555578155119, 
                    2.2326921124902834, 
                    0.0
                ], 
                "abc": [
                    0.5839487593402932, 
                    0.5, 
                    0.0
                ], 
                "properties": {}, 
                "species": [
                    {
                        "occu": 1, 
                        "element": "O"
                    }
                ]
            }, 
            {
                "label": "O", 
                "xyz": [
                    0.0025117455467604547, 
                    2.2326921124902834, 
                    2.2326921124902834
                ], 
                "abc": [
                    0.0005624925919496627, 
                    0.5, 
                    0.5
                ], 
                "properties": {}, 
                "species": [
                    {
                        "occu": 1, 
                        "element": "O"
                    }
                ]
            }
        ], 
        "@class": "Structure", 
        "@module": "pymatgen.core.structure"
    }
}