{
    "A": "Ag", 
    "gllbsc_ind-gap": 0.0, 
    "B": "V", 
    "anion": "O2F", 
    "CB_ind": 6.2365618043187805, 
    "anion_idx": 4, 
    "heat_of_formation_all": 0.34, 
    "CB_dir": 6.2365618043187805, 
    "filename": "/Users/ajain/Documents/papers_proposals/2012Paper_UNCOptimization/data/rawdata/abo2f/403b039d72c4ee348f55ba74ef4002d7f298d692.json", 
    "sum_magnetic_moments": -0.9966604146906696, 
    "VB_dir": 6.2365618043187805, 
    "VB_ind": 6.2365618043187805, 
    "is_direct": true, 
    "gllbsc_dir-gap": 0.0, 
    "FermiLevel": 0.168036666295, 
    "XCFunctional": "RPBE", 
    "FermiWidth": 0.0036749309468, 
    "structure": {
        "lattice": {
            "a": 3.9823771673424115, 
            "c": 3.9823771673424115, 
            "b": 3.9823771673424115, 
            "matrix": [
                [
                    3.9823771673424115, 
                    0.0, 
                    0.0
                ], 
                [
                    0.0, 
                    3.9823771673424115, 
                    0.0
                ], 
                [
                    0.0, 
                    0.0, 
                    3.9823771673424115
                ]
            ], 
            "volume": 63.157825330184814, 
            "beta": 90.0, 
            "alpha": 90.0, 
            "gamma": 90.0
        }, 
        "sites": [
            {
                "label": "Ag", 
                "xyz": [
                    0.0, 
                    0.0, 
                    0.0
                ], 
                "abc": [
                    0.0, 
                    0.0, 
                    0.0
                ], 
                "properties": {}, 
                "species": [
                    {
                        "occu": 1, 
                        "element": "Ag"
                    }
                ]
            }, 
            {
                "label": "V", 
                "xyz": [
                    2.0310123553446298, 
                    1.991188583671205, 
                    1.991188583671205
                ], 
                "abc": [
                    0.51, 
                    0.49999999999999983, 
                    0.49999999999999983
                ], 
                "properties": {}, 
                "species": [
                    {
                        "occu": 1, 
                        "element": "V"
                    }
                ]
            }, 
            {
                "label": "F", 
                "xyz": [
                    1.991188583671205, 
                    0.0, 
                    1.991188583671205
                ], 
                "abc": [
                    0.49999999999999983, 
                    0.0, 
                    0.49999999999999983
                ], 
                "properties": {}, 
                "species": [
                    {
                        "occu": 1, 
                        "element": "F"
                    }
                ]
            }, 
            {
                "label": "O", 
                "xyz": [
                    1.991188583671205, 
                    1.991188583671205, 
                    0.0
                ], 
                "abc": [
                    0.49999999999999983, 
                    0.49999999999999983, 
                    0.0
                ], 
                "properties": {}, 
                "species": [
                    {
                        "occu": 1, 
                        "element": "O"
                    }
                ]
            }, 
            {
                "label": "O", 
                "xyz": [
                    0.0, 
                    1.991188583671205, 
                    1.991188583671205
                ], 
                "abc": [
                    0.0, 
                    0.49999999999999983, 
                    0.49999999999999983
                ], 
                "properties": {}, 
                "species": [
                    {
                        "occu": 1, 
                        "element": "O"
                    }
                ]
            }
        ], 
        "@class": "Structure", 
        "@module": "pymatgen.core.structure"
    }
}