{
    "A": "Al", 
    "gllbsc_ind-gap": 0.0, 
    "B": "Ag", 
    "anion": "O2N", 
    "CB_ind": 5.6728653212122575, 
    "anion_idx": 1, 
    "heat_of_formation_all": 2.02, 
    "CB_dir": 5.6728653212122575, 
    "filename": "/Users/ajain/Documents/papers_proposals/2012Paper_UNCOptimization/data/rawdata/abo2n/29e88ccd96591a46604f937e09d88e859aade290.json", 
    "sum_magnetic_moments": -0.7056622284698026, 
    "VB_dir": 5.6728653212122575, 
    "VB_ind": 5.6728653212122575, 
    "is_direct": true, 
    "gllbsc_dir-gap": 0.0, 
    "FermiLevel": 0.173669516503, 
    "XCFunctional": "RPBE", 
    "FermiWidth": 0.0018374654734, 
    "structure": {
        "lattice": {
            "a": 4.04248829537727, 
            "c": 4.04248829537727, 
            "b": 4.04248829537727, 
            "matrix": [
                [
                    4.04248829537727, 
                    0.0, 
                    0.0
                ], 
                [
                    0.0, 
                    4.04248829537727, 
                    0.0
                ], 
                [
                    0.0, 
                    0.0, 
                    4.04248829537727
                ]
            ], 
            "volume": 66.06117794325579, 
            "beta": 90.0, 
            "alpha": 90.0, 
            "gamma": 90.0
        }, 
        "sites": [
            {
                "label": "Al", 
                "xyz": [
                    1.657026249686428, 
                    3.2705828675016332e-15, 
                    4.042488295377269
                ], 
                "abc": [
                    0.40990254729526293, 
                    8.09051907767219e-16, 
                    0.9999999999999999
                ], 
                "properties": {}, 
                "species": [
                    {
                        "occu": 1, 
                        "element": "Al"
                    }
                ]
            }, 
            {
                "label": "Ag", 
                "xyz": [
                    2.6682760471300377, 
                    2.0212441476886354, 
                    2.0212441476886354
                ], 
                "abc": [
                    0.6600578287836497, 
                    0.5000000000000001, 
                    0.5000000000000001
                ], 
                "properties": {}, 
                "species": [
                    {
                        "occu": 1, 
                        "element": "Ag"
                    }
                ]
            }, 
            {
                "label": "N", 
                "xyz": [
                    2.0953788574556125, 
                    0.0, 
                    2.0212441476886354
                ], 
                "abc": [
                    0.5183388804988633, 
                    0.0, 
                    0.5000000000000001
                ], 
                "properties": {}, 
                "species": [
                    {
                        "occu": 1, 
                        "element": "N"
                    }
                ]
            }, 
            {
                "label": "O", 
                "xyz": [
                    1.6158693996252518, 
                    2.0212441476886354, 
                    5.750825191129309e-18
                ], 
                "abc": [
                    0.3997214788409051, 
                    0.5000000000000001, 
                    1.4225953845569778e-18
                ], 
                "properties": {}, 
                "species": [
                    {
                        "occu": 1, 
                        "element": "O"
                    }
                ]
            }, 
            {
                "label": "O", 
                "xyz": [
                    0.5606636836595461, 
                    2.0212441476886354, 
                    2.0212441476886354
                ], 
                "abc": [
                    0.13869271663709828, 
                    0.5000000000000001, 
                    0.5000000000000001
                ], 
                "properties": {}, 
                "species": [
                    {
                        "occu": 1, 
                        "element": "O"
                    }
                ]
            }
        ], 
        "@class": "Structure", 
        "@module": "pymatgen.core.structure"
    }
}