{
    "A": "Al", 
    "gllbsc_ind-gap": 0.0, 
    "B": "Co", 
    "anion": "N3", 
    "CB_ind": 5.557959068677864, 
    "anion_idx": 3, 
    "heat_of_formation_all": 1.24, 
    "CB_dir": 5.557959068677864, 
    "filename": "/Users/ajain/Documents/papers_proposals/2012Paper_UNCOptimization/data/rawdata/abn3/35709a02692a78c0b05e0efab00c26a47dc7f722.json", 
    "sum_magnetic_moments": 0.042646325326193946, 
    "VB_dir": 5.557959068677864, 
    "VB_ind": 5.557959068677864, 
    "is_direct": true, 
    "gllbsc_dir-gap": 0.0, 
    "FermiLevel": 0.24792066252, 
    "XCFunctional": "RPBE", 
    "FermiWidth": 0.0018374654734, 
    "structure": {
        "lattice": {
            "a": 3.7736441036079595, 
            "c": 3.7736441036079595, 
            "b": 3.7736441036079595, 
            "matrix": [
                [
                    3.7736441036079595, 
                    0.0, 
                    0.0
                ], 
                [
                    0.0, 
                    3.7736441036079595, 
                    0.0
                ], 
                [
                    0.0, 
                    0.0, 
                    3.7736441036079595
                ]
            ], 
            "volume": 53.738163079944954, 
            "beta": 90.0, 
            "alpha": 90.0, 
            "gamma": 90.0
        }, 
        "sites": [
            {
                "label": "Al", 
                "xyz": [
                    1.0449493705491, 
                    3.773644103607959, 
                    0.0
                ], 
                "abc": [
                    0.2769072392253498, 
                    0.9999999999999999, 
                    0.0
                ], 
                "properties": {}, 
                "species": [
                    {
                        "occu": 1, 
                        "element": "Al"
                    }
                ]
            }, 
            {
                "label": "Co", 
                "xyz": [
                    1.9916067526023706, 
                    1.8868220518039798, 
                    1.8868220518039798
                ], 
                "abc": [
                    0.5277675101099775, 
                    0.5, 
                    0.5
                ], 
                "properties": {}, 
                "species": [
                    {
                        "occu": 1, 
                        "element": "Co"
                    }
                ]
            }, 
            {
                "label": "N", 
                "xyz": [
                    1.3984753080176113, 
                    0.0, 
                    1.8868220518039798
                ], 
                "abc": [
                    0.37059014300806403, 
                    0.0, 
                    0.5
                ], 
                "properties": {}, 
                "species": [
                    {
                        "occu": 1, 
                        "element": "N"
                    }
                ]
            }, 
            {
                "label": "N", 
                "xyz": [
                    1.3984753080176073, 
                    1.8868220518039798, 
                    0.0
                ], 
                "abc": [
                    0.370590143008063, 
                    0.5, 
                    0.0
                ], 
                "properties": {}, 
                "species": [
                    {
                        "occu": 1, 
                        "element": "N"
                    }
                ]
            }, 
            {
                "label": "N", 
                "xyz": [
                    3.658406542303208, 
                    1.8868220518039798, 
                    1.8868220518039798
                ], 
                "abc": [
                    0.9694625253095347, 
                    0.5, 
                    0.5
                ], 
                "properties": {}, 
                "species": [
                    {
                        "occu": 1, 
                        "element": "N"
                    }
                ]
            }
        ], 
        "@class": "Structure", 
        "@module": "pymatgen.core.structure"
    }
}