{
    "A": "Al", 
    "gllbsc_ind-gap": 0.0, 
    "B": "Fe", 
    "anion": "O2F", 
    "CB_ind": 5.987070188754441, 
    "anion_idx": 4, 
    "heat_of_formation_all": 1.2, 
    "CB_dir": 5.987070188754441, 
    "filename": "/Users/ajain/Documents/papers_proposals/2012Paper_UNCOptimization/data/rawdata/abo2f/b0bf9ce82387102616297a529d593d4b453c882f.json", 
    "sum_magnetic_moments": 3.469074954762555, 
    "VB_dir": 5.987070188754441, 
    "VB_ind": 5.987070188754441, 
    "is_direct": true, 
    "gllbsc_dir-gap": 0.0, 
    "FermiLevel": 0.19874320349, 
    "XCFunctional": "RPBE", 
    "FermiWidth": 0.0036749309468, 
    "structure": {
        "lattice": {
            "a": 3.9630226520608027, 
            "c": 3.9630226520608027, 
            "b": 3.9630226520608027, 
            "matrix": [
                [
                    3.9630226520608027, 
                    0.0, 
                    0.0
                ], 
                [
                    0.0, 
                    3.9630226520608027, 
                    0.0
                ], 
                [
                    0.0, 
                    0.0, 
                    3.9630226520608027
                ]
            ], 
            "volume": 62.241444630021, 
            "beta": 90.0, 
            "alpha": 90.0, 
            "gamma": 90.0
        }, 
        "sites": [
            {
                "label": "Al", 
                "xyz": [
                    3.4370926943029443, 
                    0.0, 
                    0.0
                ], 
                "abc": [
                    0.8672907010803053, 
                    0.0, 
                    0.0
                ], 
                "properties": {}, 
                "species": [
                    {
                        "occu": 1, 
                        "element": "Al"
                    }
                ]
            }, 
            {
                "label": "Fe", 
                "xyz": [
                    2.0428466789192474, 
                    1.981511326030401, 
                    1.981511326030401
                ], 
                "abc": [
                    0.5154769120123377, 
                    0.4999999999999999, 
                    0.4999999999999999
                ], 
                "properties": {}, 
                "species": [
                    {
                        "occu": 1, 
                        "element": "Fe"
                    }
                ]
            }, 
            {
                "label": "F", 
                "xyz": [
                    2.6836742844467714, 
                    0.0, 
                    1.981511326030401
                ], 
                "abc": [
                    0.6771786386462464, 
                    0.0, 
                    0.4999999999999999
                ], 
                "properties": {}, 
                "species": [
                    {
                        "occu": 1, 
                        "element": "F"
                    }
                ]
            }, 
            {
                "label": "O", 
                "xyz": [
                    2.5381594282604536, 
                    1.981511326030401, 
                    0.0
                ], 
                "abc": [
                    0.6404604896569518, 
                    0.4999999999999999, 
                    0.0
                ], 
                "properties": {}, 
                "species": [
                    {
                        "occu": 1, 
                        "element": "O"
                    }
                ]
            }, 
            {
                "label": "O", 
                "xyz": [
                    0.22858543667673997, 
                    1.981511326030401, 
                    1.981511326030401
                ], 
                "abc": [
                    0.05767956853788705, 
                    0.4999999999999999, 
                    0.4999999999999999
                ], 
                "properties": {}, 
                "species": [
                    {
                        "occu": 1, 
                        "element": "O"
                    }
                ]
            }
        ], 
        "@class": "Structure", 
        "@module": "pymatgen.core.structure"
    }
}