{
    "A": "Al", 
    "gllbsc_ind-gap": 0.0, 
    "B": "Fe", 
    "anion": "O3", 
    "CB_ind": 5.6115546773981855, 
    "anion_idx": 0, 
    "heat_of_formation_all": 1.34, 
    "CB_dir": 5.6115546773981855, 
    "filename": "/Users/ajain/Documents/papers_proposals/2012Paper_UNCOptimization/data/rawdata/abo3/c0775881d5bd3391a910e82fc28c414ff4a472b8.json", 
    "sum_magnetic_moments": 2.877018027206107, 
    "VB_dir": 5.6115546773981855, 
    "VB_ind": 5.6115546773981855, 
    "is_direct": true, 
    "gllbsc_dir-gap": 0.0, 
    "FermiLevel": 0.256968067139, 
    "XCFunctional": "RPBE", 
    "FermiWidth": 0.0018374654734, 
    "structure": {
        "lattice": {
            "a": 3.7214831185751134, 
            "c": 3.7214831185751134, 
            "b": 3.7214831185751134, 
            "matrix": [
                [
                    3.7214831185751134, 
                    0.0, 
                    0.0
                ], 
                [
                    0.0, 
                    3.7214831185751134, 
                    0.0
                ], 
                [
                    0.0, 
                    0.0, 
                    3.7214831185751134
                ]
            ], 
            "volume": 51.540444515522175, 
            "beta": 90.0, 
            "alpha": 90.0, 
            "gamma": 90.0
        }, 
        "sites": [
            {
                "label": "Al", 
                "xyz": [
                    0.007483917476211519, 
                    0.0, 
                    0.0
                ], 
                "abc": [
                    0.002011004010432532, 
                    0.0, 
                    0.0
                ], 
                "properties": {}, 
                "species": [
                    {
                        "occu": 1, 
                        "element": "Al"
                    }
                ]
            }, 
            {
                "label": "Fe", 
                "xyz": [
                    1.8646379937196074, 
                    1.8607415592875562, 
                    1.8607415592875562
                ], 
                "abc": [
                    0.5010470111801938, 
                    0.4999999999999999, 
                    0.4999999999999999
                ], 
                "properties": {}, 
                "species": [
                    {
                        "occu": 1, 
                        "element": "Fe"
                    }
                ]
            }, 
            {
                "label": "O", 
                "xyz": [
                    1.865511210725606, 
                    0.0, 
                    1.8607415592875562
                ], 
                "abc": [
                    0.5012816533855124, 
                    0.0, 
                    0.4999999999999999
                ], 
                "properties": {}, 
                "species": [
                    {
                        "occu": 1, 
                        "element": "O"
                    }
                ]
            }, 
            {
                "label": "O", 
                "xyz": [
                    1.865511210725606, 
                    1.8607415592875562, 
                    0.0
                ], 
                "abc": [
                    0.5012816533855124, 
                    0.4999999999999999, 
                    0.0
                ], 
                "properties": {}, 
                "species": [
                    {
                        "occu": 1, 
                        "element": "O"
                    }
                ]
            }, 
            {
                "label": "O", 
                "xyz": [
                    0.004969237809784392, 
                    1.8607415592875562, 
                    1.8607415592875562
                ], 
                "abc": [
                    0.0013352842540065104, 
                    0.4999999999999999, 
                    0.4999999999999999
                ], 
                "properties": {}, 
                "species": [
                    {
                        "occu": 1, 
                        "element": "O"
                    }
                ]
            }
        ], 
        "@class": "Structure", 
        "@module": "pymatgen.core.structure"
    }
}