{
    "A": "Al", 
    "gllbsc_ind-gap": 0.0, 
    "B": "La", 
    "anion": "ON2", 
    "CB_ind": 5.215250275073224, 
    "anion_idx": 2, 
    "heat_of_formation_all": 2.58, 
    "CB_dir": 5.215250275073224, 
    "filename": "/Users/ajain/Documents/papers_proposals/2012Paper_UNCOptimization/data/rawdata/abon2/74a0816f65b7de727219aab6dd190629e500fcef.json", 
    "sum_magnetic_moments": -0.140931202051231, 
    "VB_dir": 5.215250275073224, 
    "VB_ind": 5.215250275073224, 
    "is_direct": true, 
    "gllbsc_dir-gap": 0.0, 
    "FermiLevel": 0.166761682852, 
    "XCFunctional": "RPBE", 
    "FermiWidth": 0.0018374654734, 
    "structure": {
        "lattice": {
            "a": 4.499872517733353, 
            "c": 4.499872517733353, 
            "b": 4.499872517733353, 
            "matrix": [
                [
                    4.499872517733353, 
                    0.0, 
                    0.0
                ], 
                [
                    0.0, 
                    4.499872517733353, 
                    0.0
                ], 
                [
                    0.0, 
                    0.0, 
                    4.499872517733353
                ]
            ], 
            "volume": 91.11725567169745, 
            "beta": 90.0, 
            "alpha": 90.0, 
            "gamma": 90.0
        }, 
        "sites": [
            {
                "label": "Al", 
                "xyz": [
                    0.0024217336381758036, 
                    3.057354845401111e-18, 
                    0.0
                ], 
                "abc": [
                    0.0005381782769694249, 
                    6.794314357467936e-19, 
                    0.0
                ], 
                "properties": {}, 
                "species": [
                    {
                        "occu": 1, 
                        "element": "Al"
                    }
                ]
            }, 
            {
                "label": "La", 
                "xyz": [
                    2.2701736116654656, 
                    2.249936258866676, 
                    2.249936258866676
                ], 
                "abc": [
                    0.5044973169170985, 
                    0.49999999999999994, 
                    0.49999999999999994
                ], 
                "properties": {}, 
                "species": [
                    {
                        "occu": 1, 
                        "element": "La"
                    }
                ]
            }, 
            {
                "label": "N", 
                "xyz": [
                    2.2488346028145574, 
                    0.0, 
                    2.249936258866676
                ], 
                "abc": [
                    0.4997551806083889, 
                    0.0, 
                    0.49999999999999994
                ], 
                "properties": {}, 
                "species": [
                    {
                        "occu": 1, 
                        "element": "N"
                    }
                ]
            }, 
            {
                "label": "N", 
                "xyz": [
                    2.2488346028145574, 
                    2.249936258866676, 
                    3.350274353230592e-20
                ], 
                "abc": [
                    0.4997551806083889, 
                    0.49999999999999994, 
                    7.445265038126393e-21
                ], 
                "properties": {}, 
                "species": [
                    {
                        "occu": 1, 
                        "element": "N"
                    }
                ]
            }, 
            {
                "label": "O", 
                "xyz": [
                    0.020014405601590804, 
                    2.249936258866676, 
                    2.249936258866676
                ], 
                "abc": [
                    0.004447771691912804, 
                    0.49999999999999994, 
                    0.49999999999999994
                ], 
                "properties": {}, 
                "species": [
                    {
                        "occu": 1, 
                        "element": "O"
                    }
                ]
            }
        ], 
        "@class": "Structure", 
        "@module": "pymatgen.core.structure"
    }
}