{
    "A": "Al", 
    "gllbsc_ind-gap": 0.0, 
    "B": "Mg", 
    "anion": "N3", 
    "CB_ind": 5.407890714138931, 
    "anion_idx": 3, 
    "heat_of_formation_all": 2.84, 
    "CB_dir": 5.407890714138931, 
    "filename": "/Users/ajain/Documents/papers_proposals/2012Paper_UNCOptimization/data/rawdata/abn3/6cfdab69b7a848852273286126d7ba0d0e7f508c.json", 
    "sum_magnetic_moments": 3.462505682448374, 
    "VB_dir": 5.407890714138931, 
    "VB_ind": 5.407890714138931, 
    "is_direct": true, 
    "gllbsc_dir-gap": 0.0, 
    "FermiLevel": 0.16397956302, 
    "XCFunctional": "RPBE", 
    "FermiWidth": 0.0018374654734, 
    "structure": {
        "lattice": {
            "a": 3.9420753429685624, 
            "c": 3.9420753429685624, 
            "b": 3.9420753429685624, 
            "matrix": [
                [
                    3.9420753429685624, 
                    0.0, 
                    0.0
                ], 
                [
                    0.0, 
                    3.9420753429685624, 
                    0.0
                ], 
                [
                    0.0, 
                    0.0, 
                    3.9420753429685624
                ]
            ], 
            "volume": 61.25968530057146, 
            "beta": 90.0, 
            "alpha": 90.0, 
            "gamma": 90.0
        }, 
        "sites": [
            {
                "label": "Al", 
                "xyz": [
                    0.0012027691396771806, 
                    0.0, 
                    0.0
                ], 
                "abc": [
                    0.00030511064224648753, 
                    0.0, 
                    0.0
                ], 
                "properties": {}, 
                "species": [
                    {
                        "occu": 1, 
                        "element": "Al"
                    }
                ]
            }, 
            {
                "label": "Mg", 
                "xyz": [
                    1.9922936377636529, 
                    1.9710376714842806, 
                    1.9710376714842806
                ], 
                "abc": [
                    0.5053920750949841, 
                    0.49999999999999983, 
                    0.49999999999999983
                ], 
                "properties": {}, 
                "species": [
                    {
                        "occu": 1, 
                        "element": "Mg"
                    }
                ]
            }, 
            {
                "label": "N", 
                "xyz": [
                    1.970090646844303, 
                    0.0, 
                    1.9710376714842806
                ], 
                "abc": [
                    0.49975976495688557, 
                    0.0, 
                    0.49999999999999983
                ], 
                "properties": {}, 
                "species": [
                    {
                        "occu": 1, 
                        "element": "N"
                    }
                ]
            }, 
            {
                "label": "N", 
                "xyz": [
                    1.970090646844303, 
                    1.9710376714842806, 
                    1.2672596034603044e-19
                ], 
                "abc": [
                    0.49975976495688557, 
                    0.49999999999999983, 
                    3.214701631009417e-20
                ], 
                "properties": {}, 
                "species": [
                    {
                        "occu": 1, 
                        "element": "N"
                    }
                ]
            }, 
            {
                "label": "N", 
                "xyz": [
                    0.018335806691616278, 
                    1.9710376714842806, 
                    1.9710376714842806
                ], 
                "abc": [
                    0.0046513080284783645, 
                    0.49999999999999983, 
                    0.49999999999999983
                ], 
                "properties": {}, 
                "species": [
                    {
                        "occu": 1, 
                        "element": "N"
                    }
                ]
            }
        ], 
        "@class": "Structure", 
        "@module": "pymatgen.core.structure"
    }
}