{
    "A": "Al", 
    "gllbsc_ind-gap": 0.0, 
    "B": "Na", 
    "anion": "N3", 
    "CB_ind": 5.119064774885979, 
    "anion_idx": 3, 
    "heat_of_formation_all": 2.18, 
    "CB_dir": 5.119064774885979, 
    "filename": "/Users/ajain/Documents/papers_proposals/2012Paper_UNCOptimization/data/rawdata/abn3/6c7c6bd01019e8b05c3f7e56e2b51671f1c6e79e.json", 
    "sum_magnetic_moments": 0.5811779172086471, 
    "VB_dir": 5.119064774885979, 
    "VB_ind": 5.119064774885979, 
    "is_direct": true, 
    "gllbsc_dir-gap": 0.0, 
    "FermiLevel": 0.146983469326, 
    "XCFunctional": "RPBE", 
    "FermiWidth": 0.0018374654734, 
    "structure": {
        "lattice": {
            "a": 3.94940680621169, 
            "c": 3.94940680621169, 
            "b": 3.94940680621169, 
            "matrix": [
                [
                    3.94940680621169, 
                    0.0, 
                    0.0
                ], 
                [
                    0.0, 
                    3.94940680621169, 
                    0.0
                ], 
                [
                    0.0, 
                    0.0, 
                    3.94940680621169
                ]
            ], 
            "volume": 61.60211325130957, 
            "beta": 90.0, 
            "alpha": 90.0, 
            "gamma": 90.0
        }, 
        "sites": [
            {
                "label": "Al", 
                "xyz": [
                    0.7733686690545196, 
                    3.9494068062116896, 
                    0.0
                ], 
                "abc": [
                    0.1958189437052048, 
                    0.9999999999999999, 
                    0.0
                ], 
                "properties": {}, 
                "species": [
                    {
                        "occu": 1, 
                        "element": "Al"
                    }
                ]
            }, 
            {
                "label": "Na", 
                "xyz": [
                    2.7556061162958048, 
                    1.9747034031058455, 
                    1.9747034031058455
                ], 
                "abc": [
                    0.6977265831318626, 
                    0.5000000000000001, 
                    0.5000000000000001
                ], 
                "properties": {}, 
                "species": [
                    {
                        "occu": 1, 
                        "element": "Na"
                    }
                ]
            }, 
            {
                "label": "N", 
                "xyz": [
                    0.7685641801721036, 
                    1.1050249504766753e-17, 
                    1.9747034031058455
                ], 
                "abc": [
                    0.19460243471583974, 
                    2.7979517043893137e-18, 
                    0.5000000000000001
                ], 
                "properties": {}, 
                "species": [
                    {
                        "occu": 1, 
                        "element": "N"
                    }
                ]
            }, 
            {
                "label": "N", 
                "xyz": [
                    0.7685641801721036, 
                    1.9747034031058455, 
                    0.0
                ], 
                "abc": [
                    0.19460243471583974, 
                    0.5000000000000001, 
                    0.0
                ], 
                "properties": {}, 
                "species": [
                    {
                        "occu": 1, 
                        "element": "N"
                    }
                ]
            }, 
            {
                "label": "N", 
                "xyz": [
                    0.7796791552376101, 
                    1.9747034031058455, 
                    1.9747034031058455
                ], 
                "abc": [
                    0.1974167750993183, 
                    0.5000000000000001, 
                    0.5000000000000001
                ], 
                "properties": {}, 
                "species": [
                    {
                        "occu": 1, 
                        "element": "N"
                    }
                ]
            }
        ], 
        "@class": "Structure", 
        "@module": "pymatgen.core.structure"
    }
}