{
    "A": "Al", 
    "gllbsc_ind-gap": 0.0, 
    "B": "Rb", 
    "anion": "N3", 
    "CB_ind": 4.921129848920413, 
    "anion_idx": 3, 
    "heat_of_formation_all": 4.46, 
    "CB_dir": 4.921129848920413, 
    "filename": "/Users/ajain/Documents/papers_proposals/2012Paper_UNCOptimization/data/rawdata/abn3/e2e8735ea62ffad9582ea80b0d431541e404b46b.json", 
    "sum_magnetic_moments": 4.979389418020115, 
    "VB_dir": 4.921129848920413, 
    "VB_ind": 4.921129848920413, 
    "is_direct": true, 
    "gllbsc_dir-gap": 0.0, 
    "FermiLevel": 0.0929961719309, 
    "XCFunctional": "RPBE", 
    "FermiWidth": 0.0018374654734, 
    "structure": {
        "lattice": {
            "a": 4.552924113824312, 
            "c": 4.552924113824312, 
            "b": 4.552924113824312, 
            "matrix": [
                [
                    4.552924113824312, 
                    0.0, 
                    0.0
                ], 
                [
                    0.0, 
                    4.552924113824312, 
                    0.0
                ], 
                [
                    0.0, 
                    0.0, 
                    4.552924113824312
                ]
            ], 
            "volume": 94.37810113787452, 
            "beta": 90.0, 
            "alpha": 90.0, 
            "gamma": 90.0
        }, 
        "sites": [
            {
                "label": "Al", 
                "xyz": [
                    0.0009838339558950603, 
                    1.0199559229215144e-18, 
                    1.1352758548395772e-19
                ], 
                "abc": [
                    0.00021608837118716458, 
                    2.240221662874991e-19, 
                    2.49350928426958e-20
                ], 
                "properties": {}, 
                "species": [
                    {
                        "occu": 1, 
                        "element": "Al"
                    }
                ]
            }, 
            {
                "label": "Rb", 
                "xyz": [
                    2.3009949980754194, 
                    2.276462056912156, 
                    2.276462056912156
                ], 
                "abc": [
                    0.5053883922837134, 
                    0.5, 
                    0.5
                ], 
                "properties": {}, 
                "species": [
                    {
                        "occu": 1, 
                        "element": "Rb"
                    }
                ]
            }, 
            {
                "label": "N", 
                "xyz": [
                    2.276694838472948, 
                    0.0, 
                    2.276462056912156
                ], 
                "abc": [
                    0.500051127924598, 
                    0.0, 
                    0.5
                ], 
                "properties": {}, 
                "species": [
                    {
                        "occu": 1, 
                        "element": "N"
                    }
                ]
            }, 
            {
                "label": "N", 
                "xyz": [
                    2.276694838472948, 
                    2.276462056912156, 
                    0.0
                ], 
                "abc": [
                    0.500051127924598, 
                    0.5, 
                    0.0
                ], 
                "properties": {}, 
                "species": [
                    {
                        "occu": 1, 
                        "element": "N"
                    }
                ]
            }, 
            {
                "label": "N", 
                "xyz": [
                    0.021001967397234853, 
                    2.276462056912156, 
                    2.276462056912156
                ], 
                "abc": [
                    0.004612852503617476, 
                    0.5, 
                    0.5
                ], 
                "properties": {}, 
                "species": [
                    {
                        "occu": 1, 
                        "element": "N"
                    }
                ]
            }
        ], 
        "@class": "Structure", 
        "@module": "pymatgen.core.structure"
    }
}