{
    "A": "Al", 
    "gllbsc_ind-gap": 0.0, 
    "B": "Sc", 
    "anion": "ON2", 
    "CB_ind": 5.321365129928927, 
    "anion_idx": 2, 
    "heat_of_formation_all": 1.46, 
    "CB_dir": 5.321365129928927, 
    "filename": "/Users/ajain/Documents/papers_proposals/2012Paper_UNCOptimization/data/rawdata/abon2/7f1047465599f4da4125e6937487cbc26362a1ff.json", 
    "sum_magnetic_moments": -0.000596258165942205, 
    "VB_dir": 5.321365129928927, 
    "VB_ind": 5.321365129928927, 
    "is_direct": true, 
    "gllbsc_dir-gap": 0.0, 
    "FermiLevel": 0.161214209698, 
    "XCFunctional": "RPBE", 
    "FermiWidth": 0.0018374654734, 
    "structure": {
        "lattice": {
            "a": 4.113208961274979, 
            "c": 4.113208961274979, 
            "b": 4.113208961274979, 
            "matrix": [
                [
                    4.113208961274979, 
                    0.0, 
                    0.0
                ], 
                [
                    0.0, 
                    4.113208961274979, 
                    0.0
                ], 
                [
                    0.0, 
                    0.0, 
                    4.113208961274979
                ]
            ], 
            "volume": 69.58927628464556, 
            "beta": 90.0, 
            "alpha": 90.0, 
            "gamma": 90.0
        }, 
        "sites": [
            {
                "label": "Al", 
                "xyz": [
                    1.3286565708720104, 
                    4.096318072303289e-15, 
                    4.113208961274974
                ], 
                "abc": [
                    0.32302189929591235, 
                    9.958935008819844e-16, 
                    0.9999999999999988
                ], 
                "properties": {}, 
                "species": [
                    {
                        "occu": 1, 
                        "element": "Al"
                    }
                ]
            }, 
            {
                "label": "Sc", 
                "xyz": [
                    0.6521765185929417, 
                    2.056604480637489, 
                    2.056604480637489
                ], 
                "abc": [
                    0.15855662202748516, 
                    0.4999999999999999, 
                    0.4999999999999999
                ], 
                "properties": {}, 
                "species": [
                    {
                        "occu": 1, 
                        "element": "Sc"
                    }
                ]
            }, 
            {
                "label": "N", 
                "xyz": [
                    1.1377674236258366, 
                    4.113208961274977, 
                    2.056604480637489
                ], 
                "abc": [
                    0.27661308587472316, 
                    0.9999999999999997, 
                    0.4999999999999999
                ], 
                "properties": {}, 
                "species": [
                    {
                        "occu": 1, 
                        "element": "N"
                    }
                ]
            }, 
            {
                "label": "N", 
                "xyz": [
                    1.1377674236258317, 
                    2.056604480637489, 
                    1.2448130124885526e-16
                ], 
                "abc": [
                    0.276613085874722, 
                    0.4999999999999999, 
                    3.0263792192621685e-17
                ], 
                "properties": {}, 
                "species": [
                    {
                        "occu": 1, 
                        "element": "N"
                    }
                ]
            }, 
            {
                "label": "O", 
                "xyz": [
                    2.750275261936181, 
                    2.056604480637489, 
                    2.056604480637489
                ], 
                "abc": [
                    0.6686446732537685, 
                    0.4999999999999999, 
                    0.4999999999999999
                ], 
                "properties": {}, 
                "species": [
                    {
                        "occu": 1, 
                        "element": "O"
                    }
                ]
            }
        ], 
        "@class": "Structure", 
        "@module": "pymatgen.core.structure"
    }
}