{
    "A": "Al", 
    "gllbsc_ind-gap": 0.0, 
    "B": "W", 
    "anion": "OFN", 
    "CB_ind": 6.041538746226169, 
    "anion_idx": 5, 
    "heat_of_formation_all": 1.36, 
    "CB_dir": 6.041538746226169, 
    "filename": "/Users/ajain/Documents/papers_proposals/2012Paper_UNCOptimization/data/rawdata/abofn/d46f0decf2bd3b6d299101a7fa7bdf339fa5952c.json", 
    "sum_magnetic_moments": 5.451407539896766e-11, 
    "VB_dir": 6.041538746226169, 
    "VB_ind": 6.041538746226169, 
    "is_direct": true, 
    "gllbsc_dir-gap": 0.0, 
    "FermiLevel": 0.228266513696, 
    "XCFunctional": "RPBE", 
    "FermiWidth": 0.0036749309468, 
    "structure": {
        "lattice": {
            "a": 4.0991022711761325, 
            "c": 4.0991022711761325, 
            "b": 4.0991022711761325, 
            "matrix": [
                [
                    4.0991022711761325, 
                    0.0, 
                    0.0
                ], 
                [
                    0.0, 
                    4.0991022711761325, 
                    0.0
                ], 
                [
                    0.0, 
                    0.0, 
                    4.0991022711761325
                ]
            ], 
            "volume": 68.87573744746848, 
            "beta": 90.0, 
            "alpha": 90.0, 
            "gamma": 90.0
        }, 
        "sites": [
            {
                "label": "Al", 
                "xyz": [
                    0.0033415128574520985, 
                    0.0, 
                    0.0
                ], 
                "abc": [
                    0.000815181626706117, 
                    0.0, 
                    0.0
                ], 
                "properties": {}, 
                "species": [
                    {
                        "occu": 1, 
                        "element": "Al"
                    }
                ]
            }, 
            {
                "label": "W", 
                "xyz": [
                    2.063337590439551, 
                    2.049551135588066, 
                    2.049551135588066
                ], 
                "abc": [
                    0.5033632863830765, 
                    0.4999999999999999, 
                    0.4999999999999999
                ], 
                "properties": {}, 
                "species": [
                    {
                        "occu": 1, 
                        "element": "W"
                    }
                ]
            }, 
            {
                "label": "F", 
                "xyz": [
                    2.0506539996877975, 
                    0.0, 
                    2.049551135588066
                ], 
                "abc": [
                    0.5002690501545878, 
                    0.0, 
                    0.4999999999999999
                ], 
                "properties": {}, 
                "species": [
                    {
                        "occu": 1, 
                        "element": "F"
                    }
                ]
            }, 
            {
                "label": "N", 
                "xyz": [
                    2.05617092189645, 
                    2.049551135588066, 
                    0.0
                ], 
                "abc": [
                    0.501614935629914, 
                    0.4999999999999999, 
                    0.0
                ], 
                "properties": {}, 
                "species": [
                    {
                        "occu": 1, 
                        "element": "N"
                    }
                ]
            }, 
            {
                "label": "O", 
                "xyz": [
                    0.016608784434094602, 
                    2.049551135588066, 
                    2.049551135588066
                ], 
                "abc": [
                    0.00405181020997779, 
                    0.4999999999999999, 
                    0.4999999999999999
                ], 
                "properties": {}, 
                "species": [
                    {
                        "occu": 1, 
                        "element": "O"
                    }
                ]
            }
        ], 
        "@class": "Structure", 
        "@module": "pymatgen.core.structure"
    }
}