{
    "A": "Al", 
    "gllbsc_ind-gap": 0.8, 
    "B": "Zn", 
    "anion": "N3", 
    "CB_ind": 5.19620551568759, 
    "anion_idx": 3, 
    "heat_of_formation_all": 1.66, 
    "CB_dir": 5.046205515687591, 
    "filename": "/Users/ajain/Documents/papers_proposals/2012Paper_UNCOptimization/data/rawdata/abn3/42d8541a115fa041759c796d84aa6d484550ebce.json", 
    "sum_magnetic_moments": 7.263064343315296e-05, 
    "VB_dir": 6.1462055156875905, 
    "VB_ind": 5.996205515687591, 
    "is_direct": false, 
    "gllbsc_dir-gap": 1.1, 
    "FermiLevel": 0.243891733923, 
    "XCFunctional": "RPBE", 
    "FermiWidth": 0.0018374654734, 
    "structure": {
        "lattice": {
            "a": 3.861983134966318, 
            "c": 3.861983134966318, 
            "b": 3.861983134966318, 
            "matrix": [
                [
                    3.861983134966318, 
                    0.0, 
                    0.0
                ], 
                [
                    0.0, 
                    3.861983134966318, 
                    0.0
                ], 
                [
                    0.0, 
                    0.0, 
                    3.861983134966318
                ]
            ], 
            "volume": 57.60114530313711, 
            "beta": 90.0, 
            "alpha": 90.0, 
            "gamma": 90.0
        }, 
        "sites": [
            {
                "label": "Al", 
                "xyz": [
                    0.9145168096442472, 
                    1.6241173075869156e-16, 
                    1.9481197817931442e-16
                ], 
                "abc": [
                    0.2367997937029373, 
                    4.2053972035304604e-17, 
                    5.0443508262760305e-17
                ], 
                "properties": {}, 
                "species": [
                    {
                        "occu": 1, 
                        "element": "Al"
                    }
                ]
            }, 
            {
                "label": "Zn", 
                "xyz": [
                    2.4170618995709634, 
                    1.930991567483159, 
                    1.930991567483159
                ], 
                "abc": [
                    0.6258602938182027, 
                    0.5, 
                    0.5
                ], 
                "properties": {}, 
                "species": [
                    {
                        "occu": 1, 
                        "element": "Zn"
                    }
                ]
            }, 
            {
                "label": "N", 
                "xyz": [
                    0.9526059180606915, 
                    0.0, 
                    1.930991567483159
                ], 
                "abc": [
                    0.24666237131794197, 
                    0.0, 
                    0.5
                ], 
                "properties": {}, 
                "species": [
                    {
                        "occu": 1, 
                        "element": "N"
                    }
                ]
            }, 
            {
                "label": "N", 
                "xyz": [
                    0.952605918060691, 
                    1.930991567483159, 
                    0.0
                ], 
                "abc": [
                    0.2466623713179418, 
                    0.5, 
                    0.0
                ], 
                "properties": {}, 
                "species": [
                    {
                        "occu": 1, 
                        "element": "N"
                    }
                ]
            }, 
            {
                "label": "N", 
                "xyz": [
                    0.46865871257983555, 
                    1.930991567483159, 
                    1.930991567483159
                ], 
                "abc": [
                    0.1213518278566804, 
                    0.5, 
                    0.5
                ], 
                "properties": {}, 
                "species": [
                    {
                        "occu": 1, 
                        "element": "N"
                    }
                ]
            }
        ], 
        "@class": "Structure", 
        "@module": "pymatgen.core.structure"
    }
}