{
    "A": "As", 
    "gllbsc_ind-gap": 0.0, 
    "B": "Ag", 
    "anion": "O2N", 
    "CB_ind": 6.271286483842522, 
    "anion_idx": 1, 
    "heat_of_formation_all": 2.32, 
    "CB_dir": 6.271286483842522, 
    "filename": "/Users/ajain/Documents/papers_proposals/2012Paper_UNCOptimization/data/rawdata/abo2n/c339d4ba223c570cb02f20a55fd791990cac2d38.json", 
    "sum_magnetic_moments": 0.5424581002984041, 
    "VB_dir": 6.271286483842522, 
    "VB_ind": 6.271286483842522, 
    "is_direct": true, 
    "gllbsc_dir-gap": 0.0, 
    "FermiLevel": 0.186460265178, 
    "XCFunctional": "RPBE", 
    "FermiWidth": 0.0018374654734, 
    "structure": {
        "lattice": {
            "a": 4.031421154231798, 
            "c": 4.031421154231798, 
            "b": 4.031421154231798, 
            "matrix": [
                [
                    4.031421154231798, 
                    0.0, 
                    0.0
                ], 
                [
                    0.0, 
                    4.031421154231798, 
                    0.0
                ], 
                [
                    0.0, 
                    0.0, 
                    4.031421154231798
                ]
            ], 
            "volume": 65.52009389208325, 
            "beta": 90.0, 
            "alpha": 90.0, 
            "gamma": 90.0
        }, 
        "sites": [
            {
                "label": "As", 
                "xyz": [
                    0.002266945714137605, 
                    0.0, 
                    0.0
                ], 
                "abc": [
                    0.0005623192485751541, 
                    0.0, 
                    0.0
                ], 
                "properties": {}, 
                "species": [
                    {
                        "occu": 1, 
                        "element": "As"
                    }
                ]
            }, 
            {
                "label": "Ag", 
                "xyz": [
                    2.0352387038814865, 
                    2.0157105771158985, 
                    2.0157105771158985
                ], 
                "abc": [
                    0.5048439808242532, 
                    0.4999999999999999, 
                    0.4999999999999999
                ], 
                "properties": {}, 
                "species": [
                    {
                        "occu": 1, 
                        "element": "Ag"
                    }
                ]
            }, 
            {
                "label": "N", 
                "xyz": [
                    2.0147868618065736, 
                    0.0, 
                    2.0157105771158985
                ], 
                "abc": [
                    0.4997708710467137, 
                    0.0, 
                    0.4999999999999999
                ], 
                "properties": {}, 
                "species": [
                    {
                        "occu": 1, 
                        "element": "N"
                    }
                ]
            }, 
            {
                "label": "O", 
                "xyz": [
                    2.0153673762524225, 
                    2.0157105771158985, 
                    0.0
                ], 
                "abc": [
                    0.49991486851649913, 
                    0.4999999999999999, 
                    0.0
                ], 
                "properties": {}, 
                "species": [
                    {
                        "occu": 1, 
                        "element": "O"
                    }
                ]
            }, 
            {
                "label": "O", 
                "xyz": [
                    0.01962799548608428, 
                    2.0157105771158985, 
                    2.0157105771158985
                ], 
                "abc": [
                    0.00486875340857918, 
                    0.4999999999999999, 
                    0.4999999999999999
                ], 
                "properties": {}, 
                "species": [
                    {
                        "occu": 1, 
                        "element": "O"
                    }
                ]
            }
        ], 
        "@class": "Structure", 
        "@module": "pymatgen.core.structure"
    }
}