{
    "A": "As", 
    "gllbsc_ind-gap": 0.0, 
    "B": "Al", 
    "anion": "ON2", 
    "CB_ind": 5.836183520924388, 
    "anion_idx": 2, 
    "heat_of_formation_all": 1.62, 
    "CB_dir": 5.836183520924388, 
    "filename": "/Users/ajain/Documents/papers_proposals/2012Paper_UNCOptimization/data/rawdata/abon2/f046671ad1437c2aba0fad7294a9a987b73de7a4.json", 
    "sum_magnetic_moments": 1.6808929852246948, 
    "VB_dir": 5.836183520924388, 
    "VB_ind": 5.836183520924388, 
    "is_direct": true, 
    "gllbsc_dir-gap": 0.0, 
    "FermiLevel": 0.235484796214, 
    "XCFunctional": "RPBE", 
    "FermiWidth": 0.0018374654734, 
    "structure": {
        "lattice": {
            "a": 3.7958580970455476, 
            "c": 3.7958580970455476, 
            "b": 3.7958580970455476, 
            "matrix": [
                [
                    3.7958580970455476, 
                    0.0, 
                    0.0
                ], 
                [
                    0.0, 
                    3.7958580970455476, 
                    0.0
                ], 
                [
                    0.0, 
                    0.0, 
                    3.7958580970455476
                ]
            ], 
            "volume": 54.692768264062245, 
            "beta": 90.0, 
            "alpha": 90.0, 
            "gamma": 90.0
        }, 
        "sites": [
            {
                "label": "As", 
                "xyz": [
                    0.008337728974859843, 
                    1.3713459710148322e-20, 
                    0.0
                ], 
                "abc": [
                    0.0021965333691871666, 
                    3.6127429844708896e-21, 
                    0.0
                ], 
                "properties": {}, 
                "species": [
                    {
                        "occu": 1, 
                        "element": "As"
                    }
                ]
            }, 
            {
                "label": "Al", 
                "xyz": [
                    1.9069031633373879, 
                    1.8979290485227742, 
                    1.8979290485227742
                ], 
                "abc": [
                    0.5023641860641732, 
                    0.5000000000000001, 
                    0.5000000000000001
                ], 
                "properties": {}, 
                "species": [
                    {
                        "occu": 1, 
                        "element": "Al"
                    }
                ]
            }, 
            {
                "label": "N", 
                "xyz": [
                    1.9089755708044138, 
                    0.0, 
                    1.8979290485227742
                ], 
                "abc": [
                    0.5029101515386568, 
                    0.0, 
                    0.5000000000000001
                ], 
                "properties": {}, 
                "species": [
                    {
                        "occu": 1, 
                        "element": "N"
                    }
                ]
            }, 
            {
                "label": "N", 
                "xyz": [
                    1.9089755708044138, 
                    1.8979290485227742, 
                    0.0
                ], 
                "abc": [
                    0.5029101515386568, 
                    0.5000000000000001, 
                    0.0
                ], 
                "properties": {}, 
                "species": [
                    {
                        "occu": 1, 
                        "element": "N"
                    }
                ]
            }, 
            {
                "label": "O", 
                "xyz": [
                    0.010428788446649262, 
                    1.8979290485227742, 
                    1.8979290485227742
                ], 
                "abc": [
                    0.002747412621869706, 
                    0.5000000000000001, 
                    0.5000000000000001
                ], 
                "properties": {}, 
                "species": [
                    {
                        "occu": 1, 
                        "element": "O"
                    }
                ]
            }
        ], 
        "@class": "Structure", 
        "@module": "pymatgen.core.structure"
    }
}