{
    "A": "As", 
    "gllbsc_ind-gap": 0.0, 
    "B": "Ba", 
    "anion": "OFN", 
    "CB_ind": 6.048367290078826, 
    "anion_idx": 5, 
    "heat_of_formation_all": 2.38, 
    "CB_dir": 6.048367290078826, 
    "filename": "/Users/ajain/Documents/papers_proposals/2012Paper_UNCOptimization/data/rawdata/abofn/e4fff743ec7092bb3fce9272cbcabce446d02c68.json", 
    "sum_magnetic_moments": 0.0, 
    "VB_dir": 6.048367290078826, 
    "VB_ind": 6.048367290078826, 
    "is_direct": true, 
    "gllbsc_dir-gap": 0.0, 
    "FermiLevel": 0.07523122268, 
    "XCFunctional": "RPBE", 
    "FermiWidth": 0.0036749309468, 
    "structure": {
        "lattice": {
            "a": 4.848018563177364, 
            "c": 4.848018563177364, 
            "b": 4.848018563177364, 
            "matrix": [
                [
                    4.848018563177364, 
                    0.0, 
                    0.0
                ], 
                [
                    0.0, 
                    4.848018563177364, 
                    0.0
                ], 
                [
                    0.0, 
                    0.0, 
                    4.848018563177364
                ]
            ], 
            "volume": 113.9443570738762, 
            "beta": 90.0, 
            "alpha": 90.0, 
            "gamma": 90.0
        }, 
        "sites": [
            {
                "label": "As", 
                "xyz": [
                    0.0005189009488512959, 
                    0.0, 
                    0.0
                ], 
                "abc": [
                    0.0001070336142671886, 
                    0.0, 
                    0.0
                ], 
                "properties": {}, 
                "species": [
                    {
                        "occu": 1, 
                        "element": "As"
                    }
                ]
            }, 
            {
                "label": "Ba", 
                "xyz": [
                    2.4499178983573238, 
                    2.424009281588683, 
                    2.424009281588683
                ], 
                "abc": [
                    0.5053441661641785, 
                    0.5000000000000002, 
                    0.5000000000000002
                ], 
                "properties": {}, 
                "species": [
                    {
                        "occu": 1, 
                        "element": "Ba"
                    }
                ]
            }, 
            {
                "label": "F", 
                "xyz": [
                    2.422419433415655, 
                    0.0, 
                    2.424009281588683
                ], 
                "abc": [
                    0.49967206227610134, 
                    0.0, 
                    0.5000000000000002
                ], 
                "properties": {}, 
                "species": [
                    {
                        "occu": 1, 
                        "element": "F"
                    }
                ]
            }, 
            {
                "label": "N", 
                "xyz": [
                    2.4242760437401305, 
                    2.424009281588683, 
                    0.0
                ], 
                "abc": [
                    0.5000550249855631, 
                    0.5000000000000002, 
                    0.0
                ], 
                "properties": {}, 
                "species": [
                    {
                        "occu": 1, 
                        "element": "N"
                    }
                ]
            }, 
            {
                "label": "O", 
                "xyz": [
                    0.022235906362064704, 
                    2.424009281588683, 
                    2.424009281588683
                ], 
                "abc": [
                    0.004586596786356242, 
                    0.5000000000000002, 
                    0.5000000000000002
                ], 
                "properties": {}, 
                "species": [
                    {
                        "occu": 1, 
                        "element": "O"
                    }
                ]
            }
        ], 
        "@class": "Structure", 
        "@module": "pymatgen.core.structure"
    }
}