{
    "A": "As", 
    "gllbsc_ind-gap": 0.0, 
    "B": "Cd", 
    "anion": "ON2", 
    "CB_ind": 6.224560303645561, 
    "anion_idx": 2, 
    "heat_of_formation_all": 2.48, 
    "CB_dir": 6.224560303645561, 
    "filename": "/Users/ajain/Documents/papers_proposals/2012Paper_UNCOptimization/data/rawdata/abon2/e7c6a2085a0cf1dc623a9e92695e732956856775.json", 
    "sum_magnetic_moments": -0.8064176149487374, 
    "VB_dir": 6.224560303645561, 
    "VB_ind": 6.224560303645561, 
    "is_direct": true, 
    "gllbsc_dir-gap": 0.0, 
    "FermiLevel": 0.175443104288, 
    "XCFunctional": "RPBE", 
    "FermiWidth": 0.0018374654734, 
    "structure": {
        "lattice": {
            "a": 4.204866762466036, 
            "c": 4.204866762466036, 
            "b": 4.204866762466036, 
            "matrix": [
                [
                    4.204866762466036, 
                    0.0, 
                    0.0
                ], 
                [
                    0.0, 
                    4.204866762466036, 
                    0.0
                ], 
                [
                    0.0, 
                    0.0, 
                    4.204866762466036
                ]
            ], 
            "volume": 74.34584762072268, 
            "beta": 90.0, 
            "alpha": 90.0, 
            "gamma": 90.0
        }, 
        "sites": [
            {
                "label": "As", 
                "xyz": [
                    0.001121875720450382, 
                    0.0, 
                    0.0
                ], 
                "abc": [
                    0.0002668041067233325, 
                    0.0, 
                    0.0
                ], 
                "properties": {}, 
                "species": [
                    {
                        "occu": 1, 
                        "element": "As"
                    }
                ]
            }, 
            {
                "label": "Cd", 
                "xyz": [
                    2.12311186503742, 
                    2.102433381233018, 
                    2.102433381233018
                ], 
                "abc": [
                    0.5049177500673707, 
                    0.5, 
                    0.5
                ], 
                "properties": {}, 
                "species": [
                    {
                        "occu": 1, 
                        "element": "Cd"
                    }
                ]
            }, 
            {
                "label": "N", 
                "xyz": [
                    2.1022937347262793, 
                    0.0, 
                    2.102433381233018
                ], 
                "abc": [
                    0.499966789314709, 
                    0.0, 
                    0.5
                ], 
                "properties": {}, 
                "species": [
                    {
                        "occu": 1, 
                        "element": "N"
                    }
                ]
            }, 
            {
                "label": "N", 
                "xyz": [
                    2.1022937347262793, 
                    2.102433381233018, 
                    0.0
                ], 
                "abc": [
                    0.499966789314709, 
                    0.5, 
                    0.0
                ], 
                "properties": {}, 
                "species": [
                    {
                        "occu": 1, 
                        "element": "N"
                    }
                ]
            }, 
            {
                "label": "O", 
                "xyz": [
                    0.020028271724714594, 
                    2.102433381233018, 
                    2.102433381233018
                ], 
                "abc": [
                    0.0047631168491456734, 
                    0.5, 
                    0.5
                ], 
                "properties": {}, 
                "species": [
                    {
                        "occu": 1, 
                        "element": "O"
                    }
                ]
            }
        ], 
        "@class": "Structure", 
        "@module": "pymatgen.core.structure"
    }
}