{
    "A": "As", 
    "gllbsc_ind-gap": 0.0, 
    "B": "Cu", 
    "anion": "OFN", 
    "CB_ind": 6.702962659152229, 
    "anion_idx": 5, 
    "heat_of_formation_all": 1.46, 
    "CB_dir": 6.702962659152229, 
    "filename": "/Users/ajain/Documents/papers_proposals/2012Paper_UNCOptimization/data/rawdata/abofn/c2bb554a1324c95d9efc9909c3ae2b2fb623682b.json", 
    "sum_magnetic_moments": -0.09289677949001131, 
    "VB_dir": 6.702962659152229, 
    "VB_ind": 6.702962659152229, 
    "is_direct": true, 
    "gllbsc_dir-gap": 0.0, 
    "FermiLevel": 0.199391296375, 
    "XCFunctional": "RPBE", 
    "FermiWidth": 0.0036749309468, 
    "structure": {
        "lattice": {
            "a": 3.890415051298302, 
            "c": 3.890415051298302, 
            "b": 3.890415051298302, 
            "matrix": [
                [
                    3.890415051298302, 
                    0.0, 
                    0.0
                ], 
                [
                    0.0, 
                    3.890415051298302, 
                    0.0
                ], 
                [
                    0.0, 
                    0.0, 
                    3.890415051298302
                ]
            ], 
            "volume": 58.88271280368727, 
            "beta": 90.0, 
            "alpha": 90.0, 
            "gamma": 90.0
        }, 
        "sites": [
            {
                "label": "As", 
                "xyz": [
                    0.009109830448332672, 
                    0.0, 
                    0.0
                ], 
                "abc": [
                    0.002341608884453744, 
                    0.0, 
                    0.0
                ], 
                "properties": {}, 
                "species": [
                    {
                        "occu": 1, 
                        "element": "As"
                    }
                ]
            }, 
            {
                "label": "Cu", 
                "xyz": [
                    1.9527103204454983, 
                    1.945207525649152, 
                    1.945207525649152
                ], 
                "abc": [
                    0.5019285332535004, 
                    0.5000000000000002, 
                    0.5000000000000002
                ], 
                "properties": {}, 
                "species": [
                    {
                        "occu": 1, 
                        "element": "Cu"
                    }
                ]
            }, 
            {
                "label": "F", 
                "xyz": [
                    1.9477324423127496, 
                    0.0, 
                    1.945207525649152
                ], 
                "abc": [
                    0.5006490095864594, 
                    0.0, 
                    0.5000000000000002
                ], 
                "properties": {}, 
                "species": [
                    {
                        "occu": 1, 
                        "element": "F"
                    }
                ]
            }, 
            {
                "label": "N", 
                "xyz": [
                    1.9463297983331649, 
                    1.945207525649152, 
                    0.0
                ], 
                "abc": [
                    0.500288471196316, 
                    0.5000000000000002, 
                    0.0
                ], 
                "properties": {}, 
                "species": [
                    {
                        "occu": 1, 
                        "element": "N"
                    }
                ]
            }, 
            {
                "label": "O", 
                "xyz": [
                    0.007305261343370681, 
                    1.945207525649152, 
                    1.945207525649152
                ], 
                "abc": [
                    0.0018777588630120026, 
                    0.5000000000000002, 
                    0.5000000000000002
                ], 
                "properties": {}, 
                "species": [
                    {
                        "occu": 1, 
                        "element": "O"
                    }
                ]
            }
        ], 
        "@class": "Structure", 
        "@module": "pymatgen.core.structure"
    }
}