{
    "A": "As", 
    "gllbsc_ind-gap": 0.0, 
    "B": "Hf", 
    "anion": "N3", 
    "CB_ind": 5.86579250414259, 
    "anion_idx": 3, 
    "heat_of_formation_all": 1.66, 
    "CB_dir": 5.86579250414259, 
    "filename": "/Users/ajain/Documents/papers_proposals/2012Paper_UNCOptimization/data/rawdata/abn3/dca5b9dcfcee38ffae521bc6828a56f0a0f2e4c4.json", 
    "sum_magnetic_moments": 2.004014138589273, 
    "VB_dir": 5.86579250414259, 
    "VB_ind": 5.86579250414259, 
    "is_direct": true, 
    "gllbsc_dir-gap": 0.0, 
    "FermiLevel": 0.206679604696, 
    "XCFunctional": "RPBE", 
    "FermiWidth": 0.0018374654734, 
    "structure": {
        "lattice": {
            "a": 4.201401807787197, 
            "c": 4.201401807787197, 
            "b": 4.201401807787197, 
            "matrix": [
                [
                    4.201401807787197, 
                    0.0, 
                    0.0
                ], 
                [
                    0.0, 
                    4.201401807787197, 
                    0.0
                ], 
                [
                    0.0, 
                    0.0, 
                    4.201401807787197
                ]
            ], 
            "volume": 74.162208430673, 
            "beta": 90.0, 
            "alpha": 90.0, 
            "gamma": 90.0
        }, 
        "sites": [
            {
                "label": "As", 
                "xyz": [
                    0.0, 
                    0.0, 
                    0.0
                ], 
                "abc": [
                    0.0, 
                    0.0, 
                    0.0
                ], 
                "properties": {}, 
                "species": [
                    {
                        "occu": 1, 
                        "element": "As"
                    }
                ]
            }, 
            {
                "label": "Hf", 
                "xyz": [
                    2.100700903893599, 
                    2.100700903893599, 
                    2.100700903893599
                ], 
                "abc": [
                    0.5000000000000001, 
                    0.5000000000000001, 
                    0.5000000000000001
                ], 
                "properties": {}, 
                "species": [
                    {
                        "occu": 1, 
                        "element": "Hf"
                    }
                ]
            }, 
            {
                "label": "N", 
                "xyz": [
                    2.100700903893599, 
                    0.0, 
                    2.100700903893599
                ], 
                "abc": [
                    0.5000000000000001, 
                    0.0, 
                    0.5000000000000001
                ], 
                "properties": {}, 
                "species": [
                    {
                        "occu": 1, 
                        "element": "N"
                    }
                ]
            }, 
            {
                "label": "N", 
                "xyz": [
                    2.100700903893599, 
                    2.100700903893599, 
                    0.0
                ], 
                "abc": [
                    0.5000000000000001, 
                    0.5000000000000001, 
                    0.0
                ], 
                "properties": {}, 
                "species": [
                    {
                        "occu": 1, 
                        "element": "N"
                    }
                ]
            }, 
            {
                "label": "N", 
                "xyz": [
                    0.0, 
                    2.100700903893599, 
                    2.100700903893599
                ], 
                "abc": [
                    0.0, 
                    0.5000000000000001, 
                    0.5000000000000001
                ], 
                "properties": {}, 
                "species": [
                    {
                        "occu": 1, 
                        "element": "N"
                    }
                ]
            }
        ], 
        "@class": "Structure", 
        "@module": "pymatgen.core.structure"
    }
}