{
    "A": "As", 
    "gllbsc_ind-gap": 0.0, 
    "B": "La", 
    "anion": "O2S", 
    "CB_ind": 5.627721922953883, 
    "anion_idx": 6, 
    "heat_of_formation_all": 1.1, 
    "CB_dir": 5.627721922953883, 
    "filename": "/Users/ajain/Documents/papers_proposals/2012Paper_UNCOptimization/data/rawdata/abo2s/c5f7d5709c33ad134bce2041df621f37f5194dea.json", 
    "sum_magnetic_moments": -0.00879310729277151, 
    "VB_dir": 5.627721922953883, 
    "VB_ind": 5.627721922953883, 
    "is_direct": true, 
    "gllbsc_dir-gap": 0.0, 
    "FermiLevel": 0.18551716128, 
    "XCFunctional": "RPBE", 
    "FermiWidth": 0.0018374654734, 
    "structure": {
        "lattice": {
            "a": 4.790745225589608, 
            "c": 4.790745225589608, 
            "b": 4.790745225589608, 
            "matrix": [
                [
                    4.790745225589608, 
                    0.0, 
                    0.0
                ], 
                [
                    0.0, 
                    4.790745225589608, 
                    0.0
                ], 
                [
                    0.0, 
                    0.0, 
                    4.790745225589608
                ]
            ], 
            "volume": 109.95354257230557, 
            "beta": 90.0, 
            "alpha": 90.0, 
            "gamma": 90.0
        }, 
        "sites": [
            {
                "label": "As", 
                "xyz": [
                    0.3791608854320895, 
                    0.0, 
                    0.0
                ], 
                "abc": [
                    0.07914444780048292, 
                    0.0, 
                    0.0
                ], 
                "properties": {}, 
                "species": [
                    {
                        "occu": 1, 
                        "element": "As"
                    }
                ]
            }, 
            {
                "label": "La", 
                "xyz": [
                    2.748465114879477, 
                    2.3953726127948034, 
                    2.3953726127948034
                ], 
                "abc": [
                    0.573703043150498, 
                    0.49999999999999994, 
                    0.49999999999999994
                ], 
                "properties": {}, 
                "species": [
                    {
                        "occu": 1, 
                        "element": "La"
                    }
                ]
            }, 
            {
                "label": "S", 
                "xyz": [
                    0.4618591128824359, 
                    0.0, 
                    2.3953726127948034
                ], 
                "abc": [
                    0.09640652782273428, 
                    0.0, 
                    0.49999999999999994
                ], 
                "properties": {}, 
                "species": [
                    {
                        "occu": 1, 
                        "element": "S"
                    }
                ]
            }, 
            {
                "label": "O", 
                "xyz": [
                    2.839611830036071, 
                    2.3953726127948034, 
                    0.0
                ], 
                "abc": [
                    0.5927286249471957, 
                    0.49999999999999994, 
                    0.0
                ], 
                "properties": {}, 
                "species": [
                    {
                        "occu": 1, 
                        "element": "O"
                    }
                ]
            }, 
            {
                "label": "O", 
                "xyz": [
                    0.4470381288039443, 
                    2.3953726127948034, 
                    2.3953726127948034
                ], 
                "abc": [
                    0.09331285796959204, 
                    0.49999999999999994, 
                    0.49999999999999994
                ], 
                "properties": {}, 
                "species": [
                    {
                        "occu": 1, 
                        "element": "O"
                    }
                ]
            }
        ], 
        "@class": "Structure", 
        "@module": "pymatgen.core.structure"
    }
}