{
    "A": "As", 
    "gllbsc_ind-gap": 0.0, 
    "B": "Mg", 
    "anion": "N3", 
    "CB_ind": 5.978360144539736, 
    "anion_idx": 3, 
    "heat_of_formation_all": 2.62, 
    "CB_dir": 5.978360144539736, 
    "filename": "/Users/ajain/Documents/papers_proposals/2012Paper_UNCOptimization/data/rawdata/abn3/b9f9c8d6dfaa3648f22b52a5949d66dcf4a443eb.json", 
    "sum_magnetic_moments": 3.9975165395250123, 
    "VB_dir": 5.978360144539736, 
    "VB_ind": 5.978360144539736, 
    "is_direct": true, 
    "gllbsc_dir-gap": 0.0, 
    "FermiLevel": 0.163904544278, 
    "XCFunctional": "RPBE", 
    "FermiWidth": 0.0018374654734, 
    "structure": {
        "lattice": {
            "a": 4.034666551921869, 
            "c": 4.034666551921869, 
            "b": 4.034666551921869, 
            "matrix": [
                [
                    4.034666551921869, 
                    0.0, 
                    0.0
                ], 
                [
                    0.0, 
                    4.034666551921869, 
                    0.0
                ], 
                [
                    0.0, 
                    0.0, 
                    4.034666551921869
                ]
            ], 
            "volume": 65.67845739133146, 
            "beta": 90.0, 
            "alpha": 90.0, 
            "gamma": 90.0
        }, 
        "sites": [
            {
                "label": "As", 
                "xyz": [
                    0.0, 
                    0.0, 
                    0.0
                ], 
                "abc": [
                    0.0, 
                    0.0, 
                    0.0
                ], 
                "properties": {}, 
                "species": [
                    {
                        "occu": 1, 
                        "element": "As"
                    }
                ]
            }, 
            {
                "label": "Mg", 
                "xyz": [
                    2.017333275960934, 
                    2.017333275960934, 
                    2.017333275960934
                ], 
                "abc": [
                    0.4999999999999999, 
                    0.4999999999999999, 
                    0.4999999999999999
                ], 
                "properties": {}, 
                "species": [
                    {
                        "occu": 1, 
                        "element": "Mg"
                    }
                ]
            }, 
            {
                "label": "N", 
                "xyz": [
                    2.017333275960934, 
                    0.0, 
                    2.017333275960934
                ], 
                "abc": [
                    0.4999999999999999, 
                    0.0, 
                    0.4999999999999999
                ], 
                "properties": {}, 
                "species": [
                    {
                        "occu": 1, 
                        "element": "N"
                    }
                ]
            }, 
            {
                "label": "N", 
                "xyz": [
                    2.017333275960934, 
                    2.017333275960934, 
                    0.0
                ], 
                "abc": [
                    0.4999999999999999, 
                    0.4999999999999999, 
                    0.0
                ], 
                "properties": {}, 
                "species": [
                    {
                        "occu": 1, 
                        "element": "N"
                    }
                ]
            }, 
            {
                "label": "N", 
                "xyz": [
                    0.0, 
                    2.017333275960934, 
                    2.017333275960934
                ], 
                "abc": [
                    0.0, 
                    0.4999999999999999, 
                    0.4999999999999999
                ], 
                "properties": {}, 
                "species": [
                    {
                        "occu": 1, 
                        "element": "N"
                    }
                ]
            }
        ], 
        "@class": "Structure", 
        "@module": "pymatgen.core.structure"
    }
}