{
    "A": "As", 
    "gllbsc_ind-gap": 0.0, 
    "B": "Na", 
    "anion": "ON2", 
    "CB_ind": 5.698977016523009, 
    "anion_idx": 2, 
    "heat_of_formation_all": 2.12, 
    "CB_dir": 5.698977016523009, 
    "filename": "/Users/ajain/Documents/papers_proposals/2012Paper_UNCOptimization/data/rawdata/abon2/c994882dc3b7b6ff440368f6dbcee8c8cbe959e7.json", 
    "sum_magnetic_moments": 0.0007816961784765653, 
    "VB_dir": 5.698977016523009, 
    "VB_ind": 5.698977016523009, 
    "is_direct": true, 
    "gllbsc_dir-gap": 0.0, 
    "FermiLevel": 0.145357936213, 
    "XCFunctional": "RPBE", 
    "FermiWidth": 0.0018374654734, 
    "structure": {
        "lattice": {
            "a": 4.037003046791466, 
            "c": 4.037003046791466, 
            "b": 4.037003046791466, 
            "matrix": [
                [
                    4.037003046791466, 
                    0.0, 
                    0.0
                ], 
                [
                    0.0, 
                    4.037003046791466, 
                    0.0
                ], 
                [
                    0.0, 
                    0.0, 
                    4.037003046791466
                ]
            ], 
            "volume": 65.7926276171668, 
            "beta": 90.0, 
            "alpha": 90.0, 
            "gamma": 90.0
        }, 
        "sites": [
            {
                "label": "As", 
                "xyz": [
                    1.2891774685627093, 
                    9.327244264227437e-19, 
                    0.0
                ], 
                "abc": [
                    0.3193402268019895, 
                    2.3104377569495655e-19, 
                    0.0
                ], 
                "properties": {}, 
                "species": [
                    {
                        "occu": 1, 
                        "element": "As"
                    }
                ]
            }, 
            {
                "label": "Na", 
                "xyz": [
                    2.5708508943050017, 
                    2.0185015233957326, 
                    2.0185015233957326
                ], 
                "abc": [
                    0.6368216383557762, 
                    0.49999999999999994, 
                    0.49999999999999994
                ], 
                "properties": {}, 
                "species": [
                    {
                        "occu": 1, 
                        "element": "Na"
                    }
                ]
            }, 
            {
                "label": "N", 
                "xyz": [
                    0.7940436875630303, 
                    0.0, 
                    2.0185015233957326
                ], 
                "abc": [
                    0.19669137683562593, 
                    0.0, 
                    0.49999999999999994
                ], 
                "properties": {}, 
                "species": [
                    {
                        "occu": 1, 
                        "element": "N"
                    }
                ]
            }, 
            {
                "label": "N", 
                "xyz": [
                    0.7940436875630303, 
                    2.0185015233957326, 
                    0.0
                ], 
                "abc": [
                    0.19669137683562593, 
                    0.49999999999999994, 
                    0.0
                ], 
                "properties": {}, 
                "species": [
                    {
                        "occu": 1, 
                        "element": "N"
                    }
                ]
            }, 
            {
                "label": "O", 
                "xyz": [
                    0.5193999464504016, 
                    2.0185015233957326, 
                    2.0185015233957326
                ], 
                "abc": [
                    0.12865978559595362, 
                    0.49999999999999994, 
                    0.49999999999999994
                ], 
                "properties": {}, 
                "species": [
                    {
                        "occu": 1, 
                        "element": "O"
                    }
                ]
            }
        ], 
        "@class": "Structure", 
        "@module": "pymatgen.core.structure"
    }
}