{
    "A": "As", 
    "gllbsc_ind-gap": 0.0, 
    "B": "Rh", 
    "anion": "O3", 
    "CB_ind": 6.275175129666533, 
    "anion_idx": 0, 
    "heat_of_formation_all": 1.26, 
    "CB_dir": 6.275175129666533, 
    "filename": "/Users/ajain/Documents/papers_proposals/2012Paper_UNCOptimization/data/rawdata/abo3/a2fe77fc619d9e5edd3931f1d1fec93fb1ebeeb4.json", 
    "sum_magnetic_moments": 0.011351969623710545, 
    "VB_dir": 6.275175129666533, 
    "VB_ind": 6.275175129666533, 
    "is_direct": true, 
    "gllbsc_dir-gap": 0.0, 
    "FermiLevel": 0.236776410416, 
    "XCFunctional": "RPBE", 
    "FermiWidth": 0.0018374654734, 
    "structure": {
        "lattice": {
            "a": 3.970944139386656, 
            "c": 3.970944139386656, 
            "b": 3.970944139386656, 
            "matrix": [
                [
                    3.970944139386656, 
                    0.0, 
                    0.0
                ], 
                [
                    0.0, 
                    3.970944139386656, 
                    0.0
                ], 
                [
                    0.0, 
                    0.0, 
                    3.970944139386656
                ]
            ], 
            "volume": 62.61542507678328, 
            "beta": 90.0, 
            "alpha": 90.0, 
            "gamma": 90.0
        }, 
        "sites": [
            {
                "label": "As", 
                "xyz": [
                    0.6190725573964262, 
                    3.8154803773749396e-19, 
                    0.0
                ], 
                "abc": [
                    0.15590059584470684, 
                    9.608496728851671e-20, 
                    0.0
                ], 
                "properties": {}, 
                "species": [
                    {
                        "occu": 1, 
                        "element": "As"
                    }
                ]
            }, 
            {
                "label": "Rh", 
                "xyz": [
                    2.0070814699914585, 
                    1.9854720696933283, 
                    1.9854720696933283
                ], 
                "abc": [
                    0.5054418796990351, 
                    0.5000000000000001, 
                    0.5000000000000001
                ], 
                "properties": {}, 
                "species": [
                    {
                        "occu": 1, 
                        "element": "Rh"
                    }
                ]
            }, 
            {
                "label": "O", 
                "xyz": [
                    1.620844536556245, 
                    6.215692478591596e-19, 
                    1.9854720696933283
                ], 
                "abc": [
                    0.4081761111871489, 
                    1.5652933560409286e-19, 
                    0.5000000000000001
                ], 
                "properties": {}, 
                "species": [
                    {
                        "occu": 1, 
                        "element": "O"
                    }
                ]
            }, 
            {
                "label": "O", 
                "xyz": [
                    1.620844536556253, 
                    1.9854720696933283, 
                    0.0
                ], 
                "abc": [
                    0.4081761111871509, 
                    0.5000000000000001, 
                    0.0
                ], 
                "properties": {}, 
                "species": [
                    {
                        "occu": 1, 
                        "element": "O"
                    }
                ]
            }, 
            {
                "label": "O", 
                "xyz": [
                    3.9535014414855576, 
                    1.9854720696933283, 
                    1.9854720696933283
                ], 
                "abc": [
                    0.9956074179618672, 
                    0.5000000000000001, 
                    0.5000000000000001
                ], 
                "properties": {}, 
                "species": [
                    {
                        "occu": 1, 
                        "element": "O"
                    }
                ]
            }
        ], 
        "@class": "Structure", 
        "@module": "pymatgen.core.structure"
    }
}