{
    "A": "As", 
    "gllbsc_ind-gap": 0.0, 
    "B": "Ru", 
    "anion": "O2F", 
    "CB_ind": 6.756251583067833, 
    "anion_idx": 4, 
    "heat_of_formation_all": 1.34, 
    "CB_dir": 6.756251583067833, 
    "filename": "/Users/ajain/Documents/papers_proposals/2012Paper_UNCOptimization/data/rawdata/abo2f/fb0b70c2abb10d428d3f16e09d6b8d514c85967e.json", 
    "sum_magnetic_moments": 0.7127571332627981, 
    "VB_dir": 6.756251583067833, 
    "VB_ind": 6.756251583067833, 
    "is_direct": true, 
    "gllbsc_dir-gap": 0.0, 
    "FermiLevel": 0.203421558117, 
    "XCFunctional": "RPBE", 
    "FermiWidth": 0.0036749309468, 
    "structure": {
        "lattice": {
            "a": 4.064249084899786, 
            "c": 4.064249084899786, 
            "b": 4.064249084899786, 
            "matrix": [
                [
                    4.064249084899786, 
                    0.0, 
                    0.0
                ], 
                [
                    0.0, 
                    4.064249084899786, 
                    0.0
                ], 
                [
                    0.0, 
                    0.0, 
                    4.064249084899786
                ]
            ], 
            "volume": 67.13375663079827, 
            "beta": 90.0, 
            "alpha": 90.0, 
            "gamma": 90.0
        }, 
        "sites": [
            {
                "label": "As", 
                "xyz": [
                    0.004508950634249365, 
                    0.0, 
                    0.0
                ], 
                "abc": [
                    0.0011094178875506947, 
                    0.0, 
                    0.0
                ], 
                "properties": {}, 
                "species": [
                    {
                        "occu": 1, 
                        "element": "As"
                    }
                ]
            }, 
            {
                "label": "Ru", 
                "xyz": [
                    2.049978875135381, 
                    2.032124542449893, 
                    2.032124542449893
                ], 
                "abc": [
                    0.5043930212722009, 
                    0.5, 
                    0.5
                ], 
                "properties": {}, 
                "species": [
                    {
                        "occu": 1, 
                        "element": "Ru"
                    }
                ]
            }, 
            {
                "label": "F", 
                "xyz": [
                    2.0286153491188244, 
                    0.0, 
                    2.032124542449893
                ], 
                "abc": [
                    0.49913657030911157, 
                    0.0, 
                    0.5
                ], 
                "properties": {}, 
                "species": [
                    {
                        "occu": 1, 
                        "element": "F"
                    }
                ]
            }, 
            {
                "label": "O", 
                "xyz": [
                    2.0294631755530474, 
                    2.032124542449893, 
                    0.0
                ], 
                "abc": [
                    0.4993451762327428, 
                    0.5, 
                    0.0
                ], 
                "properties": {}, 
                "species": [
                    {
                        "occu": 1, 
                        "element": "O"
                    }
                ]
            }, 
            {
                "label": "O", 
                "xyz": [
                    0.01902931483838021, 
                    2.032124542449893, 
                    2.032124542449893
                ], 
                "abc": [
                    0.004682123177214032, 
                    0.5, 
                    0.5
                ], 
                "properties": {}, 
                "species": [
                    {
                        "occu": 1, 
                        "element": "O"
                    }
                ]
            }
        ], 
        "@class": "Structure", 
        "@module": "pymatgen.core.structure"
    }
}