{
    "A": "As", 
    "gllbsc_ind-gap": 0.0, 
    "B": "Ti", 
    "anion": "O3", 
    "CB_ind": 6.004764487770237, 
    "anion_idx": 0, 
    "heat_of_formation_all": 0.54, 
    "CB_dir": 6.004764487770237, 
    "filename": "/Users/ajain/Documents/papers_proposals/2012Paper_UNCOptimization/data/rawdata/abo3/10ab46413270f84b7bd5b323027c44b289c3f770.json", 
    "sum_magnetic_moments": 0.28532809088003214, 
    "VB_dir": 6.004764487770237, 
    "VB_ind": 6.004764487770237, 
    "is_direct": true, 
    "gllbsc_dir-gap": 0.0, 
    "FermiLevel": 0.272856700499, 
    "XCFunctional": "RPBE", 
    "FermiWidth": 0.0018374654734, 
    "structure": {
        "lattice": {
            "a": 3.942826777768137, 
            "c": 3.942826777768137, 
            "b": 3.942826777768137, 
            "matrix": [
                [
                    3.942826777768137, 
                    0.0, 
                    0.0
                ], 
                [
                    0.0, 
                    3.942826777768137, 
                    0.0
                ], 
                [
                    0.0, 
                    0.0, 
                    3.942826777768137
                ]
            ], 
            "volume": 61.29472377442176, 
            "beta": 90.0, 
            "alpha": 90.0, 
            "gamma": 90.0
        }, 
        "sites": [
            {
                "label": "As", 
                "xyz": [
                    0.9045510930119124, 
                    2.896199175229021e-20, 
                    0.0
                ], 
                "abc": [
                    0.22941689909185903, 
                    7.345489260546295e-21, 
                    0.0
                ], 
                "properties": {}, 
                "species": [
                    {
                        "occu": 1, 
                        "element": "As"
                    }
                ]
            }, 
            {
                "label": "Ti", 
                "xyz": [
                    2.2571114592436823, 
                    1.9714133888840695, 
                    1.9714133888840695
                ], 
                "abc": [
                    0.5724602135631571, 
                    0.5000000000000002, 
                    0.5000000000000002
                ], 
                "properties": {}, 
                "species": [
                    {
                        "occu": 1, 
                        "element": "Ti"
                    }
                ]
            }, 
            {
                "label": "O", 
                "xyz": [
                    1.8142480412216788, 
                    0.0, 
                    1.9714133888840695
                ], 
                "abc": [
                    0.46013891643716737, 
                    0.0, 
                    0.5000000000000002
                ], 
                "properties": {}, 
                "species": [
                    {
                        "occu": 1, 
                        "element": "O"
                    }
                ]
            }, 
            {
                "label": "O", 
                "xyz": [
                    1.814248041221679, 
                    1.9714133888840695, 
                    0.0
                ], 
                "abc": [
                    0.4601389164371674, 
                    0.5000000000000002, 
                    0.0
                ], 
                "properties": {}, 
                "species": [
                    {
                        "occu": 1, 
                        "element": "O"
                    }
                ]
            }, 
            {
                "label": "O", 
                "xyz": [
                    0.05994920754184945, 
                    1.9714133888840695, 
                    1.9714133888840695
                ], 
                "abc": [
                    0.015204626254411331, 
                    0.5000000000000002, 
                    0.5000000000000002
                ], 
                "properties": {}, 
                "species": [
                    {
                        "occu": 1, 
                        "element": "O"
                    }
                ]
            }
        ], 
        "@class": "Structure", 
        "@module": "pymatgen.core.structure"
    }
}