{
    "A": "As", 
    "gllbsc_ind-gap": 0.0, 
    "B": "Y", 
    "anion": "O2F", 
    "CB_ind": 6.30697989987246, 
    "anion_idx": 4, 
    "heat_of_formation_all": 1.1, 
    "CB_dir": 6.30697989987246, 
    "filename": "/Users/ajain/Documents/papers_proposals/2012Paper_UNCOptimization/data/rawdata/abo2f/8abd0f7145162b6a483aa98ec2ea1109621a4107.json", 
    "sum_magnetic_moments": -3.2116539856801607e-15, 
    "VB_dir": 6.30697989987246, 
    "VB_ind": 6.30697989987246, 
    "is_direct": true, 
    "gllbsc_dir-gap": 0.0, 
    "FermiLevel": 0.130392267378, 
    "XCFunctional": "RPBE", 
    "FermiWidth": 0.0036749309468, 
    "structure": {
        "lattice": {
            "a": 4.378787551073528, 
            "c": 4.378787551073528, 
            "b": 4.378787551073528, 
            "matrix": [
                [
                    4.378787551073528, 
                    0.0, 
                    0.0
                ], 
                [
                    0.0, 
                    4.378787551073528, 
                    0.0
                ], 
                [
                    0.0, 
                    0.0, 
                    4.378787551073528
                ]
            ], 
            "volume": 83.95791099888838, 
            "beta": 90.0, 
            "alpha": 90.0, 
            "gamma": 90.0
        }, 
        "sites": [
            {
                "label": "As", 
                "xyz": [
                    0.0009880905274607598, 
                    0.0, 
                    0.0
                ], 
                "abc": [
                    0.000225653908972705, 
                    0.0, 
                    0.0
                ], 
                "properties": {}, 
                "species": [
                    {
                        "occu": 1, 
                        "element": "As"
                    }
                ]
            }, 
            {
                "label": "Y", 
                "xyz": [
                    2.212933845374256, 
                    2.1893937755367645, 
                    2.1893937755367645
                ], 
                "abc": [
                    0.505375933306406, 
                    0.5000000000000001, 
                    0.5000000000000001
                ], 
                "properties": {}, 
                "species": [
                    {
                        "occu": 1, 
                        "element": "Y"
                    }
                ]
            }, 
            {
                "label": "F", 
                "xyz": [
                    2.1888017388623884, 
                    0.0, 
                    2.1893937755367645
                ], 
                "abc": [
                    0.49986479438258413, 
                    0.0, 
                    0.5000000000000001
                ], 
                "properties": {}, 
                "species": [
                    {
                        "occu": 1, 
                        "element": "F"
                    }
                ]
            }, 
            {
                "label": "O", 
                "xyz": [
                    2.1883964148280253, 
                    2.1893937755367645, 
                    0.0
                ], 
                "abc": [
                    0.49977222902524826, 
                    0.5000000000000001, 
                    0.0
                ], 
                "properties": {}, 
                "species": [
                    {
                        "occu": 1, 
                        "element": "O"
                    }
                ]
            }, 
            {
                "label": "O", 
                "xyz": [
                    0.02024221790259254, 
                    2.1893937755367645, 
                    2.1893937755367645
                ], 
                "abc": [
                    0.004622790593626732, 
                    0.5000000000000001, 
                    0.5000000000000001
                ], 
                "properties": {}, 
                "species": [
                    {
                        "occu": 1, 
                        "element": "O"
                    }
                ]
            }
        ], 
        "@class": "Structure", 
        "@module": "pymatgen.core.structure"
    }
}