{
    "A": "Au", 
    "gllbsc_ind-gap": 0.0, 
    "B": "Bi", 
    "anion": "ON2", 
    "CB_ind": 6.237007791528321, 
    "anion_idx": 2, 
    "heat_of_formation_all": 1.62, 
    "CB_dir": 6.237007791528321, 
    "filename": "/Users/ajain/Documents/papers_proposals/2012Paper_UNCOptimization/data/rawdata/abon2/598a6625a55d4198db986c661d05a26c68935d79.json", 
    "sum_magnetic_moments": 0.0017984989613175626, 
    "VB_dir": 6.237007791528321, 
    "VB_ind": 6.237007791528321, 
    "is_direct": true, 
    "gllbsc_dir-gap": 0.0, 
    "FermiLevel": 0.203006193655, 
    "XCFunctional": "RPBE", 
    "FermiWidth": 0.0018374654734, 
    "structure": {
        "lattice": {
            "a": 4.324418059889259, 
            "c": 4.324418059889259, 
            "b": 4.324418059889259, 
            "matrix": [
                [
                    4.324418059889259, 
                    0.0, 
                    0.0
                ], 
                [
                    0.0, 
                    4.324418059889259, 
                    0.0
                ], 
                [
                    0.0, 
                    0.0, 
                    4.324418059889259
                ]
            ], 
            "volume": 80.86917585839046, 
            "beta": 90.0, 
            "alpha": 90.0, 
            "gamma": 90.0
        }, 
        "sites": [
            {
                "label": "Au", 
                "xyz": [
                    1.2385137322431563, 
                    1.2536109488600866e-15, 
                    5.298955342211248e-16
                ], 
                "abc": [
                    0.28640009247275977, 
                    2.898912481399149e-16, 
                    1.2253568616228895e-16
                ], 
                "properties": {}, 
                "species": [
                    {
                        "occu": 1, 
                        "element": "Au"
                    }
                ]
            }, 
            {
                "label": "Bi", 
                "xyz": [
                    2.4600519633870976, 
                    2.1622090299446297, 
                    2.1622090299446297
                ], 
                "abc": [
                    0.5688746854068256, 
                    0.5, 
                    0.5
                ], 
                "properties": {}, 
                "species": [
                    {
                        "occu": 1, 
                        "element": "Bi"
                    }
                ]
            }, 
            {
                "label": "N", 
                "xyz": [
                    1.7558485932143473, 
                    0.0, 
                    2.1622090299446297
                ], 
                "abc": [
                    0.40603118590696835, 
                    0.0, 
                    0.5
                ], 
                "properties": {}, 
                "species": [
                    {
                        "occu": 1, 
                        "element": "N"
                    }
                ]
            }, 
            {
                "label": "N", 
                "xyz": [
                    1.7558485932143473, 
                    2.1622090299446297, 
                    0.0
                ], 
                "abc": [
                    0.40603118590696835, 
                    0.5, 
                    0.0
                ], 
                "properties": {}, 
                "species": [
                    {
                        "occu": 1, 
                        "element": "N"
                    }
                ]
            }, 
            {
                "label": "O", 
                "xyz": [
                    0.1567589854428923, 
                    2.1622090299446297, 
                    2.1622090299446297
                ], 
                "abc": [
                    0.03624972962186422, 
                    0.5, 
                    0.5
                ], 
                "properties": {}, 
                "species": [
                    {
                        "occu": 1, 
                        "element": "O"
                    }
                ]
            }
        ], 
        "@class": "Structure", 
        "@module": "pymatgen.core.structure"
    }
}