{
    "A": "Au", 
    "gllbsc_ind-gap": 0.0, 
    "B": "Os", 
    "anion": "O2N", 
    "CB_ind": 6.503120585909822, 
    "anion_idx": 1, 
    "heat_of_formation_all": 1.44, 
    "CB_dir": 6.503120585909822, 
    "filename": "/Users/ajain/Documents/papers_proposals/2012Paper_UNCOptimization/data/rawdata/abo2n/e3d0340e501b8c7e8c8f71a81a93d467199b7e39.json", 
    "sum_magnetic_moments": 0.0014588016604299983, 
    "VB_dir": 6.503120585909822, 
    "VB_ind": 6.503120585909822, 
    "is_direct": true, 
    "gllbsc_dir-gap": 0.0, 
    "FermiLevel": 0.287553947909, 
    "XCFunctional": "RPBE", 
    "FermiWidth": 0.0018374654734, 
    "structure": {
        "lattice": {
            "a": 3.9277945821842373, 
            "c": 3.9277945821842373, 
            "b": 3.9277945821842373, 
            "matrix": [
                [
                    3.9277945821842373, 
                    0.0, 
                    0.0
                ], 
                [
                    0.0, 
                    3.9277945821842373, 
                    0.0
                ], 
                [
                    0.0, 
                    0.0, 
                    3.9277945821842373
                ]
            ], 
            "volume": 60.596326961405794, 
            "beta": 90.0, 
            "alpha": 90.0, 
            "gamma": 90.0
        }, 
        "sites": [
            {
                "label": "Au", 
                "xyz": [
                    0.0031924896030609703, 
                    3.8543774001201324e-18, 
                    1.956183368055235e-18
                ], 
                "abc": [
                    0.0008127944413237706, 
                    9.813082938712957e-19, 
                    4.980360676009197e-19
                ], 
                "properties": {}, 
                "species": [
                    {
                        "occu": 1, 
                        "element": "Au"
                    }
                ]
            }, 
            {
                "label": "Os", 
                "xyz": [
                    1.9690467728785346, 
                    1.9638972910921195, 
                    1.9638972910921195
                ], 
                "abc": [
                    0.5013110364299022, 
                    0.5000000000000002, 
                    0.5000000000000002
                ], 
                "properties": {}, 
                "species": [
                    {
                        "occu": 1, 
                        "element": "Os"
                    }
                ]
            }, 
            {
                "label": "N", 
                "xyz": [
                    1.9737944214280454, 
                    2.404394467042835e-21, 
                    1.9638972910921195
                ], 
                "abc": [
                    0.5025197678057856, 
                    6.121487304730068e-22, 
                    0.5000000000000002
                ], 
                "properties": {}, 
                "species": [
                    {
                        "occu": 1, 
                        "element": "N"
                    }
                ]
            }, 
            {
                "label": "O", 
                "xyz": [
                    1.9682123465697492, 
                    1.9638972910921195, 
                    0.0
                ], 
                "abc": [
                    0.5010985949971016, 
                    0.5000000000000002, 
                    0.0
                ], 
                "properties": {}, 
                "species": [
                    {
                        "occu": 1, 
                        "element": "O"
                    }
                ]
            }, 
            {
                "label": "O", 
                "xyz": [
                    0.005957881447370511, 
                    1.9638972910921195, 
                    1.9638972910921195
                ], 
                "abc": [
                    0.001516851587502661, 
                    0.5000000000000002, 
                    0.5000000000000002
                ], 
                "properties": {}, 
                "species": [
                    {
                        "occu": 1, 
                        "element": "O"
                    }
                ]
            }
        ], 
        "@class": "Structure", 
        "@module": "pymatgen.core.structure"
    }
}