{
    "A": "Au", 
    "gllbsc_ind-gap": 0.0, 
    "B": "Y", 
    "anion": "ON2", 
    "CB_ind": 5.928789878295304, 
    "anion_idx": 2, 
    "heat_of_formation_all": 2.22, 
    "CB_dir": 5.928789878295304, 
    "filename": "/Users/ajain/Documents/papers_proposals/2012Paper_UNCOptimization/data/rawdata/abon2/1c375e121033e6ea31b0d428cd6763f98c058cfc.json", 
    "sum_magnetic_moments": -0.0004059200335025032, 
    "VB_dir": 5.928789878295304, 
    "VB_ind": 5.928789878295304, 
    "is_direct": true, 
    "gllbsc_dir-gap": 0.0, 
    "FermiLevel": 0.122091968518, 
    "XCFunctional": "RPBE", 
    "FermiWidth": 0.0018374654734, 
    "structure": {
        "lattice": {
            "a": 4.45412162354539, 
            "c": 4.45412162354539, 
            "b": 4.45412162354539, 
            "matrix": [
                [
                    4.45412162354539, 
                    0.0, 
                    0.0
                ], 
                [
                    0.0, 
                    4.45412162354539, 
                    0.0
                ], 
                [
                    0.0, 
                    0.0, 
                    4.45412162354539
                ]
            ], 
            "volume": 88.36620720766169, 
            "beta": 90.0, 
            "alpha": 90.0, 
            "gamma": 90.0
        }, 
        "sites": [
            {
                "label": "Au", 
                "xyz": [
                    4.453963422006687, 
                    0.0, 
                    0.0
                ], 
                "abc": [
                    0.9999644819894754, 
                    0.0, 
                    0.0
                ], 
                "properties": {}, 
                "species": [
                    {
                        "occu": 1, 
                        "element": "Au"
                    }
                ]
            }, 
            {
                "label": "Y", 
                "xyz": [
                    2.2510056047462763, 
                    2.227060811772695, 
                    2.227060811772695
                ], 
                "abc": [
                    0.5053758731793502, 
                    0.5, 
                    0.5
                ], 
                "properties": {}, 
                "species": [
                    {
                        "occu": 1, 
                        "element": "Y"
                    }
                ]
            }, 
            {
                "label": "N", 
                "xyz": [
                    2.2256562870693393, 
                    0.0, 
                    2.227060811772695
                ], 
                "abc": [
                    0.4996846685335373, 
                    0.0, 
                    0.5
                ], 
                "properties": {}, 
                "species": [
                    {
                        "occu": 1, 
                        "element": "N"
                    }
                ]
            }, 
            {
                "label": "N", 
                "xyz": [
                    2.2256562870693393, 
                    2.227060811772695, 
                    0.0
                ], 
                "abc": [
                    0.4996846685335373, 
                    0.5, 
                    0.0
                ], 
                "properties": {}, 
                "species": [
                    {
                        "occu": 1, 
                        "element": "N"
                    }
                ]
            }, 
            {
                "label": "O", 
                "xyz": [
                    0.023664623463669383, 
                    2.227060811772695, 
                    2.227060811772695
                ], 
                "abc": [
                    0.0053129719984684265, 
                    0.5, 
                    0.5
                ], 
                "properties": {}, 
                "species": [
                    {
                        "occu": 1, 
                        "element": "O"
                    }
                ]
            }
        ], 
        "@class": "Structure", 
        "@module": "pymatgen.core.structure"
    }
}