{
    "A": "Ba", 
    "gllbsc_ind-gap": 0.0, 
    "B": "Ag", 
    "anion": "O2S", 
    "CB_ind": 5.303708178684919, 
    "anion_idx": 6, 
    "heat_of_formation_all": 1.2, 
    "CB_dir": 5.303708178684919, 
    "filename": "/Users/ajain/Documents/papers_proposals/2012Paper_UNCOptimization/data/rawdata/abo2s/04462ca590fe5a907e1989ef06ee60b39c8a61ca.json", 
    "sum_magnetic_moments": 0.6562795232666936, 
    "VB_dir": 5.303708178684919, 
    "VB_ind": 5.303708178684919, 
    "is_direct": true, 
    "gllbsc_dir-gap": 0.0, 
    "FermiLevel": 0.168072048354, 
    "XCFunctional": "RPBE", 
    "FermiWidth": 0.0018374654734, 
    "structure": {
        "lattice": {
            "a": 4.618531558892405, 
            "c": 4.618531558892405, 
            "b": 4.618531558892405, 
            "matrix": [
                [
                    4.618531558892405, 
                    0.0, 
                    0.0
                ], 
                [
                    0.0, 
                    4.618531558892405, 
                    0.0
                ], 
                [
                    0.0, 
                    0.0, 
                    4.618531558892405
                ]
            ], 
            "volume": 98.51712890028804, 
            "beta": 90.0, 
            "alpha": 90.0, 
            "gamma": 90.0
        }, 
        "sites": [
            {
                "label": "Ba", 
                "xyz": [
                    0.004442419168310172, 
                    4.810934445185322e-18, 
                    7.181448376068275e-18
                ], 
                "abc": [
                    0.000961868314996538, 
                    1.0416588874276433e-18, 
                    1.5549202781220135e-18
                ], 
                "properties": {}, 
                "species": [
                    {
                        "occu": 1, 
                        "element": "Ba"
                    }
                ]
            }, 
            {
                "label": "Ag", 
                "xyz": [
                    2.319360480070379, 
                    2.309265779446202, 
                    2.309265779446202
                ], 
                "abc": [
                    0.5021856948459604, 
                    0.4999999999999999, 
                    0.4999999999999999
                ], 
                "properties": {}, 
                "species": [
                    {
                        "occu": 1, 
                        "element": "Ag"
                    }
                ]
            }, 
            {
                "label": "S", 
                "xyz": [
                    2.2905395401759394, 
                    5.731546417913746e-20, 
                    2.309265779446202
                ], 
                "abc": [
                    0.49594541272881243, 
                    1.2409889041200487e-20, 
                    0.4999999999999999
                ], 
                "properties": {}, 
                "species": [
                    {
                        "occu": 1, 
                        "element": "S"
                    }
                ]
            }, 
            {
                "label": "O", 
                "xyz": [
                    2.315811733380502, 
                    2.309265779446202, 
                    5.224518634808817e-20
                ], 
                "abc": [
                    0.5014173236343262, 
                    0.4999999999999999, 
                    1.1312077373921283e-20
                ], 
                "properties": {}, 
                "species": [
                    {
                        "occu": 1, 
                        "element": "O"
                    }
                ]
            }, 
            {
                "label": "O", 
                "xyz": [
                    0.02527290224157858, 
                    2.309265779446202, 
                    2.309265779446202
                ], 
                "abc": [
                    0.005472064425524768, 
                    0.4999999999999999, 
                    0.4999999999999999
                ], 
                "properties": {}, 
                "species": [
                    {
                        "occu": 1, 
                        "element": "O"
                    }
                ]
            }
        ], 
        "@class": "Structure", 
        "@module": "pymatgen.core.structure"
    }
}