{
    "A": "Ba", 
    "gllbsc_ind-gap": 0.0, 
    "B": "Co", 
    "anion": "N3", 
    "CB_ind": 5.36094431840373, 
    "anion_idx": 3, 
    "heat_of_formation_all": 1.44, 
    "CB_dir": 5.36094431840373, 
    "filename": "/Users/ajain/Documents/papers_proposals/2012Paper_UNCOptimization/data/rawdata/abn3/1b8c61c49f3fcce51bb7006ea1c41f275fbdaa4e.json", 
    "sum_magnetic_moments": 5.464671928986422, 
    "VB_dir": 5.36094431840373, 
    "VB_ind": 5.36094431840373, 
    "is_direct": true, 
    "gllbsc_dir-gap": 0.0, 
    "FermiLevel": 0.322848338073, 
    "XCFunctional": "RPBE", 
    "FermiWidth": 0.0018374654734, 
    "structure": {
        "lattice": {
            "a": 4.005377892200786, 
            "c": 4.005377892200786, 
            "b": 4.005377892200786, 
            "matrix": [
                [
                    4.005377892200786, 
                    0.0, 
                    0.0
                ], 
                [
                    0.0, 
                    4.005377892200786, 
                    0.0
                ], 
                [
                    0.0, 
                    0.0, 
                    4.005377892200786
                ]
            ], 
            "volume": 64.25848604186994, 
            "beta": 90.0, 
            "alpha": 90.0, 
            "gamma": 90.0
        }, 
        "sites": [
            {
                "label": "Ba", 
                "xyz": [
                    0.01571513623991768, 
                    1.2048907409848636e-18, 
                    0.0
                ], 
                "abc": [
                    0.003923509007856154, 
                    3.0081824322519217e-19, 
                    0.0
                ], 
                "properties": {}, 
                "species": [
                    {
                        "occu": 1, 
                        "element": "Ba"
                    }
                ]
            }, 
            {
                "label": "Co", 
                "xyz": [
                    2.034631442546874, 
                    2.0026889461003927, 
                    2.0026889461003927
                ], 
                "abc": [
                    0.5079749020707082, 
                    0.4999999999999999, 
                    0.4999999999999999
                ], 
                "properties": {}, 
                "species": [
                    {
                        "occu": 1, 
                        "element": "Co"
                    }
                ]
            }, 
            {
                "label": "N", 
                "xyz": [
                    2.002148488900935, 
                    0.0, 
                    2.0026889461003927
                ], 
                "abc": [
                    0.4998650671137646, 
                    0.0, 
                    0.4999999999999999
                ], 
                "properties": {}, 
                "species": [
                    {
                        "occu": 1, 
                        "element": "N"
                    }
                ]
            }, 
            {
                "label": "N", 
                "xyz": [
                    2.002148488900935, 
                    2.0026889461003927, 
                    0.0
                ], 
                "abc": [
                    0.4998650671137646, 
                    0.4999999999999999, 
                    0.0
                ], 
                "properties": {}, 
                "species": [
                    {
                        "occu": 1, 
                        "element": "N"
                    }
                ]
            }, 
            {
                "label": "N", 
                "xyz": [
                    4.0033398880347555, 
                    2.0026889461003927, 
                    2.0026889461003927
                ], 
                "abc": [
                    0.9994911830491701, 
                    0.4999999999999999, 
                    0.4999999999999999
                ], 
                "properties": {}, 
                "species": [
                    {
                        "occu": 1, 
                        "element": "N"
                    }
                ]
            }
        ], 
        "@class": "Structure", 
        "@module": "pymatgen.core.structure"
    }
}