{
    "A": "Ba", 
    "gllbsc_ind-gap": 0.0, 
    "B": "Cr", 
    "anion": "O3", 
    "CB_ind": 5.318786190542142, 
    "anion_idx": 0, 
    "heat_of_formation_all": -0.14, 
    "CB_dir": 5.318786190542142, 
    "filename": "/Users/ajain/Documents/papers_proposals/2012Paper_UNCOptimization/data/rawdata/abo3/31d65fb069facc62f2f60de6eacfb07e002c9d66.json", 
    "sum_magnetic_moments": 1.9999994757011734, 
    "VB_dir": 5.318786190542142, 
    "VB_ind": 5.318786190542142, 
    "is_direct": true, 
    "gllbsc_dir-gap": 0.0, 
    "FermiLevel": 0.324914132857, 
    "XCFunctional": "RPBE", 
    "FermiWidth": 0.0018374654734, 
    "structure": {
        "lattice": {
            "a": 3.921637162462017, 
            "c": 3.921637162462017, 
            "b": 3.921637162462017, 
            "matrix": [
                [
                    3.921637162462017, 
                    0.0, 
                    0.0
                ], 
                [
                    0.0, 
                    3.921637162462017, 
                    0.0
                ], 
                [
                    0.0, 
                    0.0, 
                    3.921637162462017
                ]
            ], 
            "volume": 60.31179140449601, 
            "beta": 90.0, 
            "alpha": 90.0, 
            "gamma": 90.0
        }, 
        "sites": [
            {
                "label": "Ba", 
                "xyz": [
                    0.008892901969149828, 
                    7.863367385630187e-19, 
                    0.0
                ], 
                "abc": [
                    0.0022676503717051766, 
                    2.005123640937128e-19, 
                    0.0
                ], 
                "properties": {}, 
                "species": [
                    {
                        "occu": 1, 
                        "element": "Ba"
                    }
                ]
            }, 
            {
                "label": "Cr", 
                "xyz": [
                    1.9768797087128838, 
                    1.9608185812310084, 
                    1.9608185812310084
                ], 
                "abc": [
                    0.5040955159328896, 
                    0.49999999999999994, 
                    0.49999999999999994
                ], 
                "properties": {}, 
                "species": [
                    {
                        "occu": 1, 
                        "element": "Cr"
                    }
                ]
            }, 
            {
                "label": "O", 
                "xyz": [
                    1.9676677448503657, 
                    0.0, 
                    1.9608185812310084
                ], 
                "abc": [
                    0.5017465062002465, 
                    0.0, 
                    0.49999999999999994
                ], 
                "properties": {}, 
                "species": [
                    {
                        "occu": 1, 
                        "element": "O"
                    }
                ]
            }, 
            {
                "label": "O", 
                "xyz": [
                    1.9676677448503657, 
                    1.9608185812310084, 
                    4.3642048527643085e-20
                ], 
                "abc": [
                    0.5017465062002465, 
                    0.49999999999999994, 
                    1.1128527887634678e-20
                ], 
                "properties": {}, 
                "species": [
                    {
                        "occu": 1, 
                        "element": "O"
                    }
                ]
            }, 
            {
                "label": "O", 
                "xyz": [
                    3.9169195390625533, 
                    1.9608185812310084, 
                    1.9608185812310084
                ], 
                "abc": [
                    0.9987970270568065, 
                    0.49999999999999994, 
                    0.49999999999999994
                ], 
                "properties": {}, 
                "species": [
                    {
                        "occu": 1, 
                        "element": "O"
                    }
                ]
            }
        ], 
        "@class": "Structure", 
        "@module": "pymatgen.core.structure"
    }
}