{
    "A": "Ba", 
    "gllbsc_ind-gap": 0.0, 
    "B": "Cu", 
    "anion": "O3", 
    "CB_ind": 5.520260180225299, 
    "anion_idx": 0, 
    "heat_of_formation_all": 0.82, 
    "CB_dir": 5.520260180225299, 
    "filename": "/Users/ajain/Documents/papers_proposals/2012Paper_UNCOptimization/data/rawdata/abo3/b6b43fb8ae8ce2d3b27112ec6e2122fabed7b772.json", 
    "sum_magnetic_moments": 0.5184923239185579, 
    "VB_dir": 5.520260180225299, 
    "VB_ind": 5.520260180225299, 
    "is_direct": true, 
    "gllbsc_dir-gap": 0.0, 
    "FermiLevel": 0.243005201665, 
    "XCFunctional": "RPBE", 
    "FermiWidth": 0.0018374654734, 
    "structure": {
        "lattice": {
            "a": 3.9810973080308694, 
            "c": 3.9810973080308694, 
            "b": 3.9810973080308694, 
            "matrix": [
                [
                    3.9810973080308694, 
                    0.0, 
                    0.0
                ], 
                [
                    0.0, 
                    3.9810973080308694, 
                    0.0
                ], 
                [
                    0.0, 
                    0.0, 
                    3.9810973080308694
                ]
            ], 
            "volume": 63.09695177249168, 
            "beta": 90.0, 
            "alpha": 90.0, 
            "gamma": 90.0
        }, 
        "sites": [
            {
                "label": "Ba", 
                "xyz": [
                    0.004420256872293297, 
                    0.0, 
                    1.4193904595239055e-20
                ], 
                "abc": [
                    0.00111031118565641, 
                    0.0, 
                    3.565324707488661e-21
                ], 
                "properties": {}, 
                "species": [
                    {
                        "occu": 1, 
                        "element": "Ba"
                    }
                ]
            }, 
            {
                "label": "Cu", 
                "xyz": [
                    2.020349196178994, 
                    1.990548654015434, 
                    1.990548654015434
                ], 
                "abc": [
                    0.5074855096114943, 
                    0.49999999999999983, 
                    0.49999999999999983
                ], 
                "properties": {}, 
                "species": [
                    {
                        "occu": 1, 
                        "element": "Cu"
                    }
                ]
            }, 
            {
                "label": "O", 
                "xyz": [
                    1.9896179854806852, 
                    1.8080355292190172e-20, 
                    1.990548654015434
                ], 
                "abc": [
                    0.499766228136933, 
                    4.541550706564638e-21, 
                    0.49999999999999983
                ], 
                "properties": {}, 
                "species": [
                    {
                        "occu": 1, 
                        "element": "O"
                    }
                ]
            }, 
            {
                "label": "O", 
                "xyz": [
                    1.9896179854806852, 
                    1.990548654015434, 
                    0.0
                ], 
                "abc": [
                    0.499766228136933, 
                    0.49999999999999983, 
                    0.0
                ], 
                "properties": {}, 
                "species": [
                    {
                        "occu": 1, 
                        "element": "O"
                    }
                ]
            }, 
            {
                "label": "O", 
                "xyz": [
                    0.01295217452657912, 
                    1.990548654015434, 
                    1.990548654015434
                ], 
                "abc": [
                    0.0032534182222703632, 
                    0.49999999999999983, 
                    0.49999999999999983
                ], 
                "properties": {}, 
                "species": [
                    {
                        "occu": 1, 
                        "element": "O"
                    }
                ]
            }
        ], 
        "@class": "Structure", 
        "@module": "pymatgen.core.structure"
    }
}