{
    "A": "Ba", 
    "gllbsc_ind-gap": 0.0, 
    "B": "La", 
    "anion": "OFN", 
    "CB_ind": 5.404859024777771, 
    "anion_idx": 5, 
    "heat_of_formation_all": 0.72, 
    "CB_dir": 5.404859024777771, 
    "filename": "/Users/ajain/Documents/papers_proposals/2012Paper_UNCOptimization/data/rawdata/abofn/ab92d533466581664e77beb3101b2d77da82a2a8.json", 
    "sum_magnetic_moments": 0.24408385249218867, 
    "VB_dir": 5.404859024777771, 
    "VB_ind": 5.404859024777771, 
    "is_direct": true, 
    "gllbsc_dir-gap": 0.0, 
    "FermiLevel": 0.234983591089, 
    "XCFunctional": "RPBE", 
    "FermiWidth": 0.0036749309468, 
    "structure": {
        "lattice": {
            "a": 4.780764125502362, 
            "c": 4.780764125502362, 
            "b": 4.780764125502362, 
            "matrix": [
                [
                    4.780764125502362, 
                    0.0, 
                    0.0
                ], 
                [
                    0.0, 
                    4.780764125502362, 
                    0.0
                ], 
                [
                    0.0, 
                    0.0, 
                    4.780764125502362
                ]
            ], 
            "volume": 109.26773750878147, 
            "beta": 90.0, 
            "alpha": 90.0, 
            "gamma": 90.0
        }, 
        "sites": [
            {
                "label": "Ba", 
                "xyz": [
                    0.011590643231369702, 
                    0.0, 
                    0.0
                ], 
                "abc": [
                    0.002424433192497603, 
                    0.0, 
                    0.0
                ], 
                "properties": {}, 
                "species": [
                    {
                        "occu": 1, 
                        "element": "Ba"
                    }
                ]
            }, 
            {
                "label": "La", 
                "xyz": [
                    2.4096584811601858, 
                    2.390382062751181, 
                    2.390382062751181
                ], 
                "abc": [
                    0.5040320789528555, 
                    0.5, 
                    0.5
                ], 
                "properties": {}, 
                "species": [
                    {
                        "occu": 1, 
                        "element": "La"
                    }
                ]
            }, 
            {
                "label": "F", 
                "xyz": [
                    2.3908638798743715, 
                    0.0, 
                    2.390382062751181
                ], 
                "abc": [
                    0.5001007824503662, 
                    0.0, 
                    0.5
                ], 
                "properties": {}, 
                "species": [
                    {
                        "occu": 1, 
                        "element": "F"
                    }
                ]
            }, 
            {
                "label": "N", 
                "xyz": [
                    2.401514128743257, 
                    2.390382062751181, 
                    0.0
                ], 
                "abc": [
                    0.5023285118654346, 
                    0.5, 
                    0.0
                ], 
                "properties": {}, 
                "species": [
                    {
                        "occu": 1, 
                        "element": "N"
                    }
                ]
            }, 
            {
                "label": "O", 
                "xyz": [
                    0.015823664454573987, 
                    2.390382062751181, 
                    2.390382062751181
                ], 
                "abc": [
                    0.0033098609425561733, 
                    0.5, 
                    0.5
                ], 
                "properties": {}, 
                "species": [
                    {
                        "occu": 1, 
                        "element": "O"
                    }
                ]
            }
        ], 
        "@class": "Structure", 
        "@module": "pymatgen.core.structure"
    }
}