{
    "A": "Ba", 
    "gllbsc_ind-gap": 0.0, 
    "B": "Ru", 
    "anion": "O2N", 
    "CB_ind": 5.486486743781046, 
    "anion_idx": 1, 
    "heat_of_formation_all": 0.62, 
    "CB_dir": 5.486486743781046, 
    "filename": "/Users/ajain/Documents/papers_proposals/2012Paper_UNCOptimization/data/rawdata/abo2n/480faab334eb61332d690e41328d81767121be1d.json", 
    "sum_magnetic_moments": 1.1892944406001684, 
    "VB_dir": 5.486486743781046, 
    "VB_ind": 5.486486743781046, 
    "is_direct": true, 
    "gllbsc_dir-gap": 0.0, 
    "FermiLevel": 0.316921996271, 
    "XCFunctional": "RPBE", 
    "FermiWidth": 0.0018374654734, 
    "structure": {
        "lattice": {
            "a": 4.080222196243245, 
            "c": 4.080222196243245, 
            "b": 4.080222196243245, 
            "matrix": [
                [
                    4.080222196243245, 
                    0.0, 
                    0.0
                ], 
                [
                    0.0, 
                    4.080222196243245, 
                    0.0
                ], 
                [
                    0.0, 
                    0.0, 
                    4.080222196243245
                ]
            ], 
            "volume": 67.92840890694474, 
            "beta": 90.0, 
            "alpha": 90.0, 
            "gamma": 90.0
        }, 
        "sites": [
            {
                "label": "Ba", 
                "xyz": [
                    0.008400691443800325, 
                    6.485741617621825e-18, 
                    0.0
                ], 
                "abc": [
                    0.0020588808745599777, 
                    1.5895559863365768e-18, 
                    0.0
                ], 
                "properties": {}, 
                "species": [
                    {
                        "occu": 1, 
                        "element": "Ba"
                    }
                ]
            }, 
            {
                "label": "Ru", 
                "xyz": [
                    2.0490458555305007, 
                    2.0401110981216224, 
                    2.0401110981216224
                ], 
                "abc": [
                    0.502189772267085, 
                    0.5, 
                    0.5
                ], 
                "properties": {}, 
                "species": [
                    {
                        "occu": 1, 
                        "element": "Ru"
                    }
                ]
            }, 
            {
                "label": "N", 
                "xyz": [
                    2.0533965348622587, 
                    1.0117033767095424e-19, 
                    2.0401110981216224
                ], 
                "abc": [
                    0.5032560571708248, 
                    2.4795301041228617e-20, 
                    0.5
                ], 
                "properties": {}, 
                "species": [
                    {
                        "occu": 1, 
                        "element": "N"
                    }
                ]
            }, 
            {
                "label": "O", 
                "xyz": [
                    2.038830762811034, 
                    2.0401110981216224, 
                    0.0
                ], 
                "abc": [
                    0.4996862094148286, 
                    0.5, 
                    0.0
                ], 
                "properties": {}, 
                "species": [
                    {
                        "occu": 1, 
                        "element": "O"
                    }
                ]
            }, 
            {
                "label": "O", 
                "xyz": [
                    0.008530925886126329, 
                    2.0401110981216224, 
                    2.0401110981216224
                ], 
                "abc": [
                    0.0020907993427370084, 
                    0.5, 
                    0.5
                ], 
                "properties": {}, 
                "species": [
                    {
                        "occu": 1, 
                        "element": "O"
                    }
                ]
            }
        ], 
        "@class": "Structure", 
        "@module": "pymatgen.core.structure"
    }
}