{
    "A": "Ba", 
    "gllbsc_ind-gap": 0.0, 
    "B": "Sb", 
    "anion": "ON2", 
    "CB_ind": 5.530292043365421, 
    "anion_idx": 2, 
    "heat_of_formation_all": 0.86, 
    "CB_dir": 5.530292043365421, 
    "filename": "/Users/ajain/Documents/papers_proposals/2012Paper_UNCOptimization/data/rawdata/abon2/715ebfcfd377ae9eb36e43f9ff836bc24de02e91.json", 
    "sum_magnetic_moments": -0.009250413512965287, 
    "VB_dir": 5.530292043365421, 
    "VB_ind": 5.530292043365421, 
    "is_direct": true, 
    "gllbsc_dir-gap": 0.0, 
    "FermiLevel": 0.30725490222, 
    "XCFunctional": "RPBE", 
    "FermiWidth": 0.0018374654734, 
    "structure": {
        "lattice": {
            "a": 4.191710710157234, 
            "c": 4.191710710157234, 
            "b": 4.191710710157234, 
            "matrix": [
                [
                    4.191710710157234, 
                    0.0, 
                    0.0
                ], 
                [
                    0.0, 
                    4.191710710157234, 
                    0.0
                ], 
                [
                    0.0, 
                    0.0, 
                    4.191710710157234
                ]
            ], 
            "volume": 73.65019598725326, 
            "beta": 90.0, 
            "alpha": 90.0, 
            "gamma": 90.0
        }, 
        "sites": [
            {
                "label": "Ba", 
                "xyz": [
                    0.007787978159557046, 
                    0.0, 
                    0.0
                ], 
                "abc": [
                    0.0018579474343698, 
                    0.0, 
                    0.0
                ], 
                "properties": {}, 
                "species": [
                    {
                        "occu": 1, 
                        "element": "Ba"
                    }
                ]
            }, 
            {
                "label": "Sb", 
                "xyz": [
                    2.1139606777683904, 
                    2.0958553550786174, 
                    2.0958553550786174
                ], 
                "abc": [
                    0.5043193158931272, 
                    0.5000000000000001, 
                    0.5000000000000001
                ], 
                "properties": {}, 
                "species": [
                    {
                        "occu": 1, 
                        "element": "Sb"
                    }
                ]
            }, 
            {
                "label": "N", 
                "xyz": [
                    2.095832815104226, 
                    0.0, 
                    2.0958553550786174
                ], 
                "abc": [
                    0.49999462272662654, 
                    0.0, 
                    0.5000000000000001
                ], 
                "properties": {}, 
                "species": [
                    {
                        "occu": 1, 
                        "element": "N"
                    }
                ]
            }, 
            {
                "label": "N", 
                "xyz": [
                    2.095832815104226, 
                    2.0958553550786174, 
                    0.0
                ], 
                "abc": [
                    0.49999462272662654, 
                    0.5000000000000001, 
                    0.0
                ], 
                "properties": {}, 
                "species": [
                    {
                        "occu": 1, 
                        "element": "N"
                    }
                ]
            }, 
            {
                "label": "O", 
                "xyz": [
                    0.016164885283989995, 
                    2.0958553550786174, 
                    2.0958553550786174
                ], 
                "abc": [
                    0.0038563933443259107, 
                    0.5000000000000001, 
                    0.5000000000000001
                ], 
                "properties": {}, 
                "species": [
                    {
                        "occu": 1, 
                        "element": "O"
                    }
                ]
            }
        ], 
        "@class": "Structure", 
        "@module": "pymatgen.core.structure"
    }
}