{
    "A": "Ba", 
    "gllbsc_ind-gap": 0.0, 
    "B": "Sc", 
    "anion": "O2N", 
    "CB_ind": 5.168935641813203, 
    "anion_idx": 1, 
    "heat_of_formation_all": 0.58, 
    "CB_dir": 5.168935641813203, 
    "filename": "/Users/ajain/Documents/papers_proposals/2012Paper_UNCOptimization/data/rawdata/abo2n/e565122346b40b1b0824e43a77d055e45d2029f1.json", 
    "sum_magnetic_moments": 1.9993428702505796, 
    "VB_dir": 5.168935641813203, 
    "VB_ind": 5.168935641813203, 
    "is_direct": true, 
    "gllbsc_dir-gap": 0.0, 
    "FermiLevel": 0.238779857341, 
    "XCFunctional": "RPBE", 
    "FermiWidth": 0.0018374654734, 
    "structure": {
        "lattice": {
            "a": 4.264228713174814, 
            "c": 4.264228713174814, 
            "b": 4.264228713174814, 
            "matrix": [
                [
                    4.264228713174814, 
                    0.0, 
                    0.0
                ], 
                [
                    0.0, 
                    4.264228713174814, 
                    0.0
                ], 
                [
                    0.0, 
                    0.0, 
                    4.264228713174814
                ]
            ], 
            "volume": 77.53922759340483, 
            "beta": 90.0, 
            "alpha": 90.0, 
            "gamma": 90.0
        }, 
        "sites": [
            {
                "label": "Ba", 
                "xyz": [
                    0.0059781590238277785, 
                    0.0, 
                    1.161427272371755e-17
                ], 
                "abc": [
                    0.0014019320786799229, 
                    0.0, 
                    2.7236514513947034e-18
                ], 
                "properties": {}, 
                "species": [
                    {
                        "occu": 1, 
                        "element": "Ba"
                    }
                ]
            }, 
            {
                "label": "Sc", 
                "xyz": [
                    2.1322815810006657, 
                    2.132114356587407, 
                    2.132114356587407
                ], 
                "abc": [
                    0.5000392156294858, 
                    0.5, 
                    0.5
                ], 
                "properties": {}, 
                "species": [
                    {
                        "occu": 1, 
                        "element": "Sc"
                    }
                ]
            }, 
            {
                "label": "N", 
                "xyz": [
                    2.144483944298564, 
                    2.670018748716169e-19, 
                    2.132114356587407
                ], 
                "abc": [
                    0.502900779611783, 
                    6.261434196685666e-20, 
                    0.5
                ], 
                "properties": {}, 
                "species": [
                    {
                        "occu": 1, 
                        "element": "N"
                    }
                ]
            }, 
            {
                "label": "O", 
                "xyz": [
                    2.137147124373411, 
                    2.132114356587407, 
                    7.419766601229693e-20
                ], 
                "abc": [
                    0.5011802293273939, 
                    0.5, 
                    1.7400020262293838e-20
                ], 
                "properties": {}, 
                "species": [
                    {
                        "occu": 1, 
                        "element": "O"
                    }
                ]
            }, 
            {
                "label": "O", 
                "xyz": [
                    0.0036378478233550678, 
                    2.132114356587407, 
                    2.132114356587407
                ], 
                "abc": [
                    0.0008531080455688336, 
                    0.5, 
                    0.5
                ], 
                "properties": {}, 
                "species": [
                    {
                        "occu": 1, 
                        "element": "O"
                    }
                ]
            }
        ], 
        "@class": "Structure", 
        "@module": "pymatgen.core.structure"
    }
}