{
    "A": "Ba", 
    "gllbsc_ind-gap": 0.0, 
    "B": "Si", 
    "anion": "O2N", 
    "CB_ind": 5.5484697420509805, 
    "anion_idx": 1, 
    "heat_of_formation_all": 0.6, 
    "CB_dir": 5.5484697420509805, 
    "filename": "/Users/ajain/Documents/papers_proposals/2012Paper_UNCOptimization/data/rawdata/abo2n/71a8e46efaaee1c4743bb187cb6f2334d413c5c4.json", 
    "sum_magnetic_moments": 0.9995256459356253, 
    "VB_dir": 5.5484697420509805, 
    "VB_ind": 5.5484697420509805, 
    "is_direct": true, 
    "gllbsc_dir-gap": 0.0, 
    "FermiLevel": 0.338700635975, 
    "XCFunctional": "RPBE", 
    "FermiWidth": 0.0018374654734, 
    "structure": {
        "lattice": {
            "a": 3.885648607638149, 
            "c": 3.885648607638149, 
            "b": 3.885648607638149, 
            "matrix": [
                [
                    3.885648607638149, 
                    0.0, 
                    0.0
                ], 
                [
                    0.0, 
                    3.885648607638149, 
                    0.0
                ], 
                [
                    0.0, 
                    0.0, 
                    3.885648607638149
                ]
            ], 
            "volume": 58.66655277149449, 
            "beta": 90.0, 
            "alpha": 90.0, 
            "gamma": 90.0
        }, 
        "sites": [
            {
                "label": "Ba", 
                "xyz": [
                    0.013204777609154932, 
                    4.372917322019074e-17, 
                    3.884872301313857e-18
                ], 
                "abc": [
                    0.0033983457956537452, 
                    1.1254021563923935e-17, 
                    9.998002119072821e-19
                ], 
                "properties": {}, 
                "species": [
                    {
                        "occu": 1, 
                        "element": "Ba"
                    }
                ]
            }, 
            {
                "label": "Si", 
                "xyz": [
                    2.019408443193203, 
                    1.9428243038190753, 
                    1.9428243038190753
                ], 
                "abc": [
                    0.5197094866539358, 
                    0.5000000000000002, 
                    0.5000000000000002
                ], 
                "properties": {}, 
                "species": [
                    {
                        "occu": 1, 
                        "element": "Si"
                    }
                ]
            }, 
            {
                "label": "N", 
                "xyz": [
                    1.934547432252216, 
                    3.3128003004817705e-18, 
                    1.9428243038190753
                ], 
                "abc": [
                    0.49786988675440486, 
                    8.525733114336919e-19, 
                    0.5000000000000002
                ], 
                "properties": {}, 
                "species": [
                    {
                        "occu": 1, 
                        "element": "N"
                    }
                ]
            }, 
            {
                "label": "O", 
                "xyz": [
                    1.9349667974213283, 
                    1.9428243038190753, 
                    0.0
                ], 
                "abc": [
                    0.4979778134383278, 
                    0.5000000000000002, 
                    0.0
                ], 
                "properties": {}, 
                "species": [
                    {
                        "occu": 1, 
                        "element": "O"
                    }
                ]
            }, 
            {
                "label": "O", 
                "xyz": [
                    3.824501175924678, 
                    1.9428243038190753, 
                    1.9428243038190753
                ], 
                "abc": [
                    0.984263262613796, 
                    0.5000000000000002, 
                    0.5000000000000002
                ], 
                "properties": {}, 
                "species": [
                    {
                        "occu": 1, 
                        "element": "O"
                    }
                ]
            }
        ], 
        "@class": "Structure", 
        "@module": "pymatgen.core.structure"
    }
}