{
    "A": "Ba", 
    "gllbsc_ind-gap": 0.0, 
    "B": "Sn", 
    "anion": "O2F", 
    "CB_ind": 5.841559253669603, 
    "anion_idx": 4, 
    "heat_of_formation_all": 0.22, 
    "CB_dir": 5.841559253669603, 
    "filename": "/Users/ajain/Documents/papers_proposals/2012Paper_UNCOptimization/data/rawdata/abo2f/65e5fd10e0810d9bee5b11e49e7a312e7f4036e1.json", 
    "sum_magnetic_moments": 3.784952398480948e-16, 
    "VB_dir": 5.841559253669603, 
    "VB_ind": 5.841559253669603, 
    "is_direct": true, 
    "gllbsc_dir-gap": 0.0, 
    "FermiLevel": 0.286141526843, 
    "XCFunctional": "RPBE", 
    "FermiWidth": 0.0036749309468, 
    "structure": {
        "lattice": {
            "a": 4.497137817981087, 
            "c": 4.497137817981087, 
            "b": 4.497137817981087, 
            "matrix": [
                [
                    4.497137817981087, 
                    0.0, 
                    0.0
                ], 
                [
                    0.0, 
                    4.497137817981087, 
                    0.0
                ], 
                [
                    0.0, 
                    0.0, 
                    4.497137817981087
                ]
            ], 
            "volume": 90.95123301206355, 
            "beta": 90.0, 
            "alpha": 90.0, 
            "gamma": 90.0
        }, 
        "sites": [
            {
                "label": "Ba", 
                "xyz": [
                    0.01864248277424263, 
                    0.0, 
                    0.0
                ], 
                "abc": [
                    0.0041454105986486875, 
                    0.0, 
                    0.0
                ], 
                "properties": {}, 
                "species": [
                    {
                        "occu": 1, 
                        "element": "Ba"
                    }
                ]
            }, 
            {
                "label": "Sn", 
                "xyz": [
                    2.2504035796587654, 
                    2.248568908990543, 
                    2.248568908990543
                ], 
                "abc": [
                    0.5004079640745912, 
                    0.49999999999999994, 
                    0.49999999999999994
                ], 
                "properties": {}, 
                "species": [
                    {
                        "occu": 1, 
                        "element": "Sn"
                    }
                ]
            }, 
            {
                "label": "F", 
                "xyz": [
                    2.249813037763652, 
                    0.0, 
                    2.248568908990543
                ], 
                "abc": [
                    0.5002766490206579, 
                    0.0, 
                    0.49999999999999994
                ], 
                "properties": {}, 
                "species": [
                    {
                        "occu": 1, 
                        "element": "F"
                    }
                ]
            }, 
            {
                "label": "O", 
                "xyz": [
                    2.2591752288048372, 
                    2.248568908990543, 
                    0.0
                ], 
                "abc": [
                    0.5023584600347105, 
                    0.49999999999999994, 
                    0.0
                ], 
                "properties": {}, 
                "species": [
                    {
                        "occu": 1, 
                        "element": "O"
                    }
                ]
            }, 
            {
                "label": "O", 
                "xyz": [
                    0.016141565137571985, 
                    2.248568908990543, 
                    2.248568908990543
                ], 
                "abc": [
                    0.0035892974133531147, 
                    0.49999999999999994, 
                    0.49999999999999994
                ], 
                "properties": {}, 
                "species": [
                    {
                        "occu": 1, 
                        "element": "O"
                    }
                ]
            }
        ], 
        "@class": "Structure", 
        "@module": "pymatgen.core.structure"
    }
}