{
    "A": "Ba", 
    "gllbsc_ind-gap": 0.0, 
    "B": "Ti", 
    "anion": "O2N", 
    "CB_ind": 5.202542665156175, 
    "anion_idx": 1, 
    "heat_of_formation_all": 0.18, 
    "CB_dir": 5.202542665156175, 
    "filename": "/Users/ajain/Documents/papers_proposals/2012Paper_UNCOptimization/data/rawdata/abo2n/11662d1ea7839bb7f19d95a06d5b18c396a44822.json", 
    "sum_magnetic_moments": 0.9998551645541448, 
    "VB_dir": 5.202542665156175, 
    "VB_ind": 5.202542665156175, 
    "is_direct": true, 
    "gllbsc_dir-gap": 0.0, 
    "FermiLevel": 0.285330003969, 
    "XCFunctional": "RPBE", 
    "FermiWidth": 0.0018374654734, 
    "structure": {
        "lattice": {
            "a": 4.083986109654619, 
            "c": 4.083986109654619, 
            "b": 4.083986109654619, 
            "matrix": [
                [
                    4.083986109654619, 
                    0.0, 
                    0.0
                ], 
                [
                    0.0, 
                    4.083986109654619, 
                    0.0
                ], 
                [
                    0.0, 
                    0.0, 
                    4.083986109654619
                ]
            ], 
            "volume": 68.11656967281851, 
            "beta": 90.0, 
            "alpha": 90.0, 
            "gamma": 90.0
        }, 
        "sites": [
            {
                "label": "Ba", 
                "xyz": [
                    0.001142928576363983, 
                    0.0, 
                    0.0
                ], 
                "abc": [
                    0.00027985613703780204, 
                    0.0, 
                    0.0
                ], 
                "properties": {}, 
                "species": [
                    {
                        "occu": 1, 
                        "element": "Ba"
                    }
                ]
            }, 
            {
                "label": "Ti", 
                "xyz": [
                    2.103243956055253, 
                    2.0419930548273104, 
                    2.0419930548273104
                ], 
                "abc": [
                    0.5149978231030574, 
                    0.5000000000000002, 
                    0.5000000000000002
                ], 
                "properties": {}, 
                "species": [
                    {
                        "occu": 1, 
                        "element": "Ti"
                    }
                ]
            }, 
            {
                "label": "N", 
                "xyz": [
                    1.9519531236092647, 
                    0.0, 
                    2.0419930548273104
                ], 
                "abc": [
                    0.4779529291235372, 
                    0.0, 
                    0.5000000000000002
                ], 
                "properties": {}, 
                "species": [
                    {
                        "occu": 1, 
                        "element": "N"
                    }
                ]
            }, 
            {
                "label": "O", 
                "xyz": [
                    2.00478964232496, 
                    2.0419930548273104, 
                    5.770344418460693e-19
                ], 
                "abc": [
                    0.4908904164942188, 
                    0.5000000000000002, 
                    1.4129196974542818e-19
                ], 
                "properties": {}, 
                "species": [
                    {
                        "occu": 1, 
                        "element": "O"
                    }
                ]
            }, 
            {
                "label": "O", 
                "xyz": [
                    3.986413405016971, 
                    2.0419930548273104, 
                    2.0419930548273104
                ], 
                "abc": [
                    0.9761084631490337, 
                    0.5000000000000002, 
                    0.5000000000000002
                ], 
                "properties": {}, 
                "species": [
                    {
                        "occu": 1, 
                        "element": "O"
                    }
                ]
            }
        ], 
        "@class": "Structure", 
        "@module": "pymatgen.core.structure"
    }
}