{
    "A": "Ba", 
    "gllbsc_ind-gap": 1.5, 
    "B": "Ti", 
    "anion": "OFN", 
    "CB_ind": 4.800687801677355, 
    "anion_idx": 5, 
    "heat_of_formation_all": 0.38, 
    "CB_dir": 4.700687801677355, 
    "filename": "/Users/ajain/Documents/papers_proposals/2012Paper_UNCOptimization/data/rawdata/abofn/dfb4564ec57d2f8d3ed4aeb262944c1bcc989747.json", 
    "sum_magnetic_moments": 7.985753298974891e-16, 
    "VB_dir": 6.400687801677354, 
    "VB_ind": 6.300687801677355, 
    "is_direct": false, 
    "gllbsc_dir-gap": 1.7, 
    "FermiLevel": 0.315453843406, 
    "XCFunctional": "RPBE", 
    "FermiWidth": 0.0036749309468, 
    "structure": {
        "lattice": {
            "a": 4.16445510460415, 
            "c": 4.16445510460415, 
            "b": 4.16445510460415, 
            "matrix": [
                [
                    4.16445510460415, 
                    0.0, 
                    0.0
                ], 
                [
                    0.0, 
                    4.16445510460415, 
                    0.0
                ], 
                [
                    0.0, 
                    0.0, 
                    4.16445510460415
                ]
            ], 
            "volume": 72.22283856564123, 
            "beta": 90.0, 
            "alpha": 90.0, 
            "gamma": 90.0
        }, 
        "sites": [
            {
                "label": "Ba", 
                "xyz": [
                    0.02347418763750221, 
                    0.0, 
                    0.0
                ], 
                "abc": [
                    0.005636796903285031, 
                    0.0, 
                    0.0
                ], 
                "properties": {}, 
                "species": [
                    {
                        "occu": 1, 
                        "element": "Ba"
                    }
                ]
            }, 
            {
                "label": "Ti", 
                "xyz": [
                    2.185407442860979, 
                    2.0822275523020752, 
                    2.0822275523020752
                ], 
                "abc": [
                    0.5247763243851111, 
                    0.5000000000000001, 
                    0.5000000000000001
                ], 
                "properties": {}, 
                "species": [
                    {
                        "occu": 1, 
                        "element": "Ti"
                    }
                ]
            }, 
            {
                "label": "F", 
                "xyz": [
                    2.028161835165308, 
                    0.0, 
                    2.0822275523020752
                ], 
                "abc": [
                    0.4870173370155935, 
                    0.0, 
                    0.5000000000000001
                ], 
                "properties": {}, 
                "species": [
                    {
                        "occu": 1, 
                        "element": "F"
                    }
                ]
            }, 
            {
                "label": "N", 
                "xyz": [
                    2.0110245723402906, 
                    2.0822275523020752, 
                    0.0
                ], 
                "abc": [
                    0.4829022097313372, 
                    0.5000000000000001, 
                    0.0
                ], 
                "properties": {}, 
                "species": [
                    {
                        "occu": 1, 
                        "element": "N"
                    }
                ]
            }, 
            {
                "label": "O", 
                "xyz": [
                    4.042798758520937, 
                    2.0822275523020752, 
                    2.0822275523020752
                ], 
                "abc": [
                    0.97078697139784, 
                    0.5000000000000001, 
                    0.5000000000000001
                ], 
                "properties": {}, 
                "species": [
                    {
                        "occu": 1, 
                        "element": "O"
                    }
                ]
            }
        ], 
        "@class": "Structure", 
        "@module": "pymatgen.core.structure"
    }
}