{
    "A": "B", 
    "gllbsc_ind-gap": 0.0, 
    "B": "Ca", 
    "anion": "O3", 
    "CB_ind": 5.260814400450959, 
    "anion_idx": 0, 
    "heat_of_formation_all": 3.26, 
    "CB_dir": 5.260814400450959, 
    "filename": "/Users/ajain/Documents/papers_proposals/2012Paper_UNCOptimization/data/rawdata/abo3/939ad7e19c157775caf338d7e1332d068171589c.json", 
    "sum_magnetic_moments": 0.0, 
    "VB_dir": 5.260814400450959, 
    "VB_ind": 5.260814400450959, 
    "is_direct": true, 
    "gllbsc_dir-gap": 0.0, 
    "FermiLevel": -0.0070109501861, 
    "XCFunctional": "RPBE", 
    "FermiWidth": 0.0018374654734, 
    "structure": {
        "lattice": {
            "a": 4.468656556577413, 
            "c": 4.468656556577413, 
            "b": 4.468656556577413, 
            "matrix": [
                [
                    4.468656556577413, 
                    0.0, 
                    0.0
                ], 
                [
                    0.0, 
                    4.468656556577413, 
                    0.0
                ], 
                [
                    0.0, 
                    0.0, 
                    4.468656556577413
                ]
            ], 
            "volume": 89.23411757443566, 
            "beta": 90.0, 
            "alpha": 90.0, 
            "gamma": 90.0
        }, 
        "sites": [
            {
                "label": "B", 
                "xyz": [
                    0.0011795939528676913, 
                    0.0, 
                    0.0
                ], 
                "abc": [
                    0.00026397060009712486, 
                    0.0, 
                    0.0
                ], 
                "properties": {}, 
                "species": [
                    {
                        "occu": 1, 
                        "element": "B"
                    }
                ]
            }, 
            {
                "label": "Ca", 
                "xyz": [
                    2.2580607454029957, 
                    2.2343282782887064, 
                    2.2343282782887064
                ], 
                "abc": [
                    0.5053108729242926, 
                    0.5, 
                    0.5
                ], 
                "properties": {}, 
                "species": [
                    {
                        "occu": 1, 
                        "element": "Ca"
                    }
                ]
            }, 
            {
                "label": "O", 
                "xyz": [
                    2.2338856518452244, 
                    2.9613237238418154e-21, 
                    2.2343282782887064
                ], 
                "abc": [
                    0.4999009486547292, 
                    6.626876973758578e-22, 
                    0.5
                ], 
                "properties": {}, 
                "species": [
                    {
                        "occu": 1, 
                        "element": "O"
                    }
                ]
            }, 
            {
                "label": "O", 
                "xyz": [
                    2.2338856518452244, 
                    2.2343282782887064, 
                    1.2504888557280227e-20
                ], 
                "abc": [
                    0.4999009486547292, 
                    0.5, 
                    2.7983552548638558e-21
                ], 
                "properties": {}, 
                "species": [
                    {
                        "occu": 1, 
                        "element": "O"
                    }
                ]
            }, 
            {
                "label": "O", 
                "xyz": [
                    0.020005418348405357, 
                    2.2343282782887064, 
                    2.2343282782887064
                ], 
                "abc": [
                    0.004476830585460723, 
                    0.5, 
                    0.5
                ], 
                "properties": {}, 
                "species": [
                    {
                        "occu": 1, 
                        "element": "O"
                    }
                ]
            }
        ], 
        "@class": "Structure", 
        "@module": "pymatgen.core.structure"
    }
}