{
    "A": "Be", 
    "gllbsc_ind-gap": 0.0, 
    "B": "B", 
    "anion": "OFN", 
    "CB_ind": 6.5416408651266496, 
    "anion_idx": 5, 
    "heat_of_formation_all": 1.54, 
    "CB_dir": 6.5416408651266496, 
    "filename": "/Users/ajain/Documents/papers_proposals/2012Paper_UNCOptimization/data/rawdata/abofn/da61fd3d612826a12561190ea7677622559f6192.json", 
    "sum_magnetic_moments": 2.0203728470989976e-15, 
    "VB_dir": 6.5416408651266496, 
    "VB_ind": 6.5416408651266496, 
    "is_direct": true, 
    "gllbsc_dir-gap": 0.0, 
    "FermiLevel": 0.190262608076, 
    "XCFunctional": "RPBE", 
    "FermiWidth": 0.0036749309468, 
    "structure": {
        "lattice": {
            "a": 3.4912119963635653, 
            "c": 3.4912119963635653, 
            "b": 3.4912119963635653, 
            "matrix": [
                [
                    3.4912119963635653, 
                    0.0, 
                    0.0
                ], 
                [
                    0.0, 
                    3.4912119963635653, 
                    0.0
                ], 
                [
                    0.0, 
                    0.0, 
                    3.4912119963635653
                ]
            ], 
            "volume": 42.55285109225532, 
            "beta": 90.0, 
            "alpha": 90.0, 
            "gamma": 90.0
        }, 
        "sites": [
            {
                "label": "Be", 
                "xyz": [
                    1.02060536400877, 
                    0.0, 
                    0.0
                ], 
                "abc": [
                    0.2923355456706236, 
                    0.0, 
                    0.0
                ], 
                "properties": {}, 
                "species": [
                    {
                        "occu": 1, 
                        "element": "Be"
                    }
                ]
            }, 
            {
                "label": "B", 
                "xyz": [
                    1.7974605680364792, 
                    1.7456059981817813, 
                    1.7456059981817813
                ], 
                "abc": [
                    0.5148528848745674, 
                    0.4999999999999996, 
                    0.4999999999999996
                ], 
                "properties": {}, 
                "species": [
                    {
                        "occu": 1, 
                        "element": "B"
                    }
                ]
            }, 
            {
                "label": "F", 
                "xyz": [
                    1.3396864548939542, 
                    0.0, 
                    1.7456059981817813
                ], 
                "abc": [
                    0.38373105279466474, 
                    0.0, 
                    0.4999999999999996
                ], 
                "properties": {}, 
                "species": [
                    {
                        "occu": 1, 
                        "element": "F"
                    }
                ]
            }, 
            {
                "label": "N", 
                "xyz": [
                    1.3491050693074123, 
                    1.7456059981817813, 
                    0.0
                ], 
                "abc": [
                    0.38642885929374543, 
                    0.4999999999999996, 
                    0.0
                ], 
                "properties": {}, 
                "species": [
                    {
                        "occu": 1, 
                        "element": "N"
                    }
                ]
            }, 
            {
                "label": "O", 
                "xyz": [
                    3.172874804175409, 
                    1.7456059981817813, 
                    1.7456059981817813
                ], 
                "abc": [
                    0.9088175703681888, 
                    0.4999999999999996, 
                    0.4999999999999996
                ], 
                "properties": {}, 
                "species": [
                    {
                        "occu": 1, 
                        "element": "O"
                    }
                ]
            }
        ], 
        "@class": "Structure", 
        "@module": "pymatgen.core.structure"
    }
}