{
    "A": "Be", 
    "gllbsc_ind-gap": 0.4, 
    "B": "Ca", 
    "anion": "O2S", 
    "CB_ind": 4.9999578052065745, 
    "anion_idx": 6, 
    "heat_of_formation_all": 1.52, 
    "CB_dir": 4.949957805206575, 
    "filename": "/Users/ajain/Documents/papers_proposals/2012Paper_UNCOptimization/data/rawdata/abo2s/ffc331bcdf79acec4911192d52ef8677da34eb85.json", 
    "sum_magnetic_moments": -0.002687743568195753, 
    "VB_dir": 5.449957805206575, 
    "VB_ind": 5.399957805206575, 
    "is_direct": false, 
    "gllbsc_dir-gap": 0.5, 
    "FermiLevel": 0.115085404738, 
    "XCFunctional": "RPBE", 
    "FermiWidth": 0.0018374654734, 
    "structure": {
        "lattice": {
            "a": 4.428941878272998, 
            "c": 4.428941878272998, 
            "b": 4.428941878272998, 
            "matrix": [
                [
                    4.428941878272998, 
                    0.0, 
                    0.0
                ], 
                [
                    0.0, 
                    4.428941878272998, 
                    0.0
                ], 
                [
                    0.0, 
                    0.0, 
                    4.428941878272998
                ]
            ], 
            "volume": 86.87602527934551, 
            "beta": 90.0, 
            "alpha": 90.0, 
            "gamma": 90.0
        }, 
        "sites": [
            {
                "label": "Be", 
                "xyz": [
                    1.3055512942449923, 
                    4.428941878272997, 
                    2.1298745755954472e-17
                ], 
                "abc": [
                    0.29477724705524316, 
                    0.9999999999999996, 
                    4.80899193110649e-18
                ], 
                "properties": {}, 
                "species": [
                    {
                        "occu": 1, 
                        "element": "Be"
                    }
                ]
            }, 
            {
                "label": "Ca", 
                "xyz": [
                    2.4476388626386023, 
                    2.2144709391364987, 
                    2.2144709391364987
                ], 
                "abc": [
                    0.552646417566677, 
                    0.4999999999999999, 
                    0.4999999999999999
                ], 
                "properties": {}, 
                "species": [
                    {
                        "occu": 1, 
                        "element": "Ca"
                    }
                ]
            }, 
            {
                "label": "S", 
                "xyz": [
                    0.5983138133260563, 
                    2.3584414855199077e-17, 
                    2.2144709391364987
                ], 
                "abc": [
                    0.13509181871660958, 
                    5.325067590274063e-18, 
                    0.4999999999999999
                ], 
                "properties": {}, 
                "species": [
                    {
                        "occu": 1, 
                        "element": "S"
                    }
                ]
            }, 
            {
                "label": "O", 
                "xyz": [
                    1.988203296180818, 
                    2.2144709391364987, 
                    0.0
                ], 
                "abc": [
                    0.44891157997225495, 
                    0.4999999999999999, 
                    0.0
                ], 
                "properties": {}, 
                "species": [
                    {
                        "occu": 1, 
                        "element": "O"
                    }
                ]
            }, 
            {
                "label": "O", 
                "xyz": [
                    0.22839591500410475, 
                    2.2144709391364987, 
                    2.2144709391364987
                ], 
                "abc": [
                    0.05156895739014855, 
                    0.4999999999999999, 
                    0.4999999999999999
                ], 
                "properties": {}, 
                "species": [
                    {
                        "occu": 1, 
                        "element": "O"
                    }
                ]
            }
        ], 
        "@class": "Structure", 
        "@module": "pymatgen.core.structure"
    }
}