{
    "A": "Be", 
    "gllbsc_ind-gap": 0.0, 
    "B": "Cr", 
    "anion": "O2S", 
    "CB_ind": 5.775955936015621, 
    "anion_idx": 6, 
    "heat_of_formation_all": 0.88, 
    "CB_dir": 5.775955936015621, 
    "filename": "/Users/ajain/Documents/papers_proposals/2012Paper_UNCOptimization/data/rawdata/abo2s/36a6e5998efb1fff0dc535c97752dc7cd5ba7755.json", 
    "sum_magnetic_moments": 1.9999996261618913, 
    "VB_dir": 5.775955936015621, 
    "VB_ind": 5.775955936015621, 
    "is_direct": true, 
    "gllbsc_dir-gap": 0.0, 
    "FermiLevel": 0.180450315587, 
    "XCFunctional": "RPBE", 
    "FermiWidth": 0.0018374654734, 
    "structure": {
        "lattice": {
            "a": 4.085993442130202, 
            "c": 4.085993442130202, 
            "b": 4.085993442130202, 
            "matrix": [
                [
                    4.085993442130202, 
                    0.0, 
                    0.0
                ], 
                [
                    0.0, 
                    4.085993442130202, 
                    0.0
                ], 
                [
                    0.0, 
                    0.0, 
                    4.085993442130202
                ]
            ], 
            "volume": 68.21705959782757, 
            "beta": 90.0, 
            "alpha": 90.0, 
            "gamma": 90.0
        }, 
        "sites": [
            {
                "label": "Be", 
                "xyz": [
                    0.5138725518629472, 
                    4.085993442129536, 
                    2.44077789880204e-15
                ], 
                "abc": [
                    0.12576440935133848, 
                    0.9999999999998369, 
                    5.973523779151145e-16
                ], 
                "properties": {}, 
                "species": [
                    {
                        "occu": 1, 
                        "element": "Be"
                    }
                ]
            }, 
            {
                "label": "Cr", 
                "xyz": [
                    1.0184339133339273, 
                    2.0429967210651014, 
                    2.0429967210651014
                ], 
                "abc": [
                    0.24925001171880842, 
                    0.5000000000000001, 
                    0.5000000000000001
                ], 
                "properties": {}, 
                "species": [
                    {
                        "occu": 1, 
                        "element": "Cr"
                    }
                ]
            }, 
            {
                "label": "S", 
                "xyz": [
                    4.0845053042331285, 
                    0.0, 
                    2.0429967210651014
                ], 
                "abc": [
                    0.9996357953290553, 
                    0.0, 
                    0.5000000000000001
                ], 
                "properties": {}, 
                "species": [
                    {
                        "occu": 1, 
                        "element": "S"
                    }
                ]
            }, 
            {
                "label": "O", 
                "xyz": [
                    0.7724825539283912, 
                    2.0429967210651014, 
                    0.0
                ], 
                "abc": [
                    0.1890562392889361, 
                    0.5000000000000001, 
                    0.0
                ], 
                "properties": {}, 
                "species": [
                    {
                        "occu": 1, 
                        "element": "O"
                    }
                ]
            }, 
            {
                "label": "O", 
                "xyz": [
                    2.7385271673575784, 
                    2.0429967210651014, 
                    2.0429967210651014
                ], 
                "abc": [
                    0.6702230941246611, 
                    0.5000000000000001, 
                    0.5000000000000001
                ], 
                "properties": {}, 
                "species": [
                    {
                        "occu": 1, 
                        "element": "O"
                    }
                ]
            }
        ], 
        "@class": "Structure", 
        "@module": "pymatgen.core.structure"
    }
}