{
    "A": "Be", 
    "gllbsc_ind-gap": 0.0, 
    "B": "La", 
    "anion": "O2N", 
    "CB_ind": 5.7156480325141485, 
    "anion_idx": 1, 
    "heat_of_formation_all": 2.7, 
    "CB_dir": 5.7156480325141485, 
    "filename": "/Users/ajain/Documents/papers_proposals/2012Paper_UNCOptimization/data/rawdata/abo2n/1dba03aeacd53fae6af1fd663e05028232eb15c6.json", 
    "sum_magnetic_moments": -0.07816040581689909, 
    "VB_dir": 5.7156480325141485, 
    "VB_ind": 5.7156480325141485, 
    "is_direct": true, 
    "gllbsc_dir-gap": 0.0, 
    "FermiLevel": 0.120967166648, 
    "XCFunctional": "RPBE", 
    "FermiWidth": 0.0018374654734, 
    "structure": {
        "lattice": {
            "a": 4.530662800575963, 
            "c": 4.530662800575963, 
            "b": 4.530662800575963, 
            "matrix": [
                [
                    4.530662800575963, 
                    0.0, 
                    0.0
                ], 
                [
                    0.0, 
                    4.530662800575963, 
                    0.0
                ], 
                [
                    0.0, 
                    0.0, 
                    4.530662800575963
                ]
            ], 
            "volume": 93.00048676345858, 
            "beta": 90.0, 
            "alpha": 90.0, 
            "gamma": 90.0
        }, 
        "sites": [
            {
                "label": "Be", 
                "xyz": [
                    0.00022671725250549726, 
                    0.0, 
                    2.4426277130884706e-18
                ], 
                "abc": [
                    5.0040636985095355e-05, 
                    0.0, 
                    5.391325332748114e-19
                ], 
                "properties": {}, 
                "species": [
                    {
                        "occu": 1, 
                        "element": "Be"
                    }
                ]
            }, 
            {
                "label": "La", 
                "xyz": [
                    2.2873734191534036, 
                    2.2653314002879807, 
                    2.2653314002879807
                ], 
                "abc": [
                    0.5048650760022617, 
                    0.4999999999999998, 
                    0.4999999999999998
                ], 
                "properties": {}, 
                "species": [
                    {
                        "occu": 1, 
                        "element": "La"
                    }
                ]
            }, 
            {
                "label": "N", 
                "xyz": [
                    2.268566699088978, 
                    2.0660546818634518e-20, 
                    2.2653314002879807
                ], 
                "abc": [
                    0.5007140895148023, 
                    4.560159898902217e-21, 
                    0.4999999999999998
                ], 
                "properties": {}, 
                "species": [
                    {
                        "occu": 1, 
                        "element": "N"
                    }
                ]
            }, 
            {
                "label": "O", 
                "xyz": [
                    2.2624408398442184, 
                    2.2653314002879807, 
                    1.421365114519423e-19
                ], 
                "abc": [
                    0.4993620005348013, 
                    0.4999999999999998, 
                    3.137212317673986e-20
                ], 
                "properties": {}, 
                "species": [
                    {
                        "occu": 1, 
                        "element": "O"
                    }
                ]
            }, 
            {
                "label": "O", 
                "xyz": [
                    0.022216043341039233, 
                    2.2653314002879807, 
                    2.2653314002879807
                ], 
                "abc": [
                    0.004903486381333655, 
                    0.4999999999999998, 
                    0.4999999999999998
                ], 
                "properties": {}, 
                "species": [
                    {
                        "occu": 1, 
                        "element": "O"
                    }
                ]
            }
        ], 
        "@class": "Structure", 
        "@module": "pymatgen.core.structure"
    }
}