{
    "A": "Be", 
    "gllbsc_ind-gap": 0.0, 
    "B": "Li", 
    "anion": "OFN", 
    "CB_ind": 6.094085434875961, 
    "anion_idx": 5, 
    "heat_of_formation_all": 2.8, 
    "CB_dir": 6.094085434875961, 
    "filename": "/Users/ajain/Documents/papers_proposals/2012Paper_UNCOptimization/data/rawdata/abofn/cd2c018e71c28ebc3e2ac2e01d2aa12e5c76f052.json", 
    "sum_magnetic_moments": 2.8100089626340523, 
    "VB_dir": 6.094085434875961, 
    "VB_ind": 6.094085434875961, 
    "is_direct": true, 
    "gllbsc_dir-gap": 0.0, 
    "FermiLevel": 0.0845498748901, 
    "XCFunctional": "RPBE", 
    "FermiWidth": 0.0036749309468, 
    "structure": {
        "lattice": {
            "a": 3.6913456553358173, 
            "c": 3.6913456553358173, 
            "b": 3.6913456553358173, 
            "matrix": [
                [
                    3.6913456553358173, 
                    0.0, 
                    0.0
                ], 
                [
                    0.0, 
                    3.6913456553358173, 
                    0.0
                ], 
                [
                    0.0, 
                    0.0, 
                    3.6913456553358173
                ]
            ], 
            "volume": 50.29839678071705, 
            "beta": 90.0, 
            "alpha": 90.0, 
            "gamma": 90.0
        }, 
        "sites": [
            {
                "label": "Be", 
                "xyz": [
                    0.0007451111676480474, 
                    0.0, 
                    0.0
                ], 
                "abc": [
                    0.00020185353451552114, 
                    0.0, 
                    0.0
                ], 
                "properties": {}, 
                "species": [
                    {
                        "occu": 1, 
                        "element": "Be"
                    }
                ]
            }, 
            {
                "label": "Li", 
                "xyz": [
                    1.8671639624364151, 
                    1.8456728276679086, 
                    1.8456728276679086
                ], 
                "abc": [
                    0.5058220326068465, 
                    0.5, 
                    0.5
                ], 
                "properties": {}, 
                "species": [
                    {
                        "occu": 1, 
                        "element": "Li"
                    }
                ]
            }, 
            {
                "label": "F", 
                "xyz": [
                    1.8453799586374455, 
                    0.0, 
                    1.8456728276679086
                ], 
                "abc": [
                    0.499920660632244, 
                    0.0, 
                    0.5
                ], 
                "properties": {}, 
                "species": [
                    {
                        "occu": 1, 
                        "element": "F"
                    }
                ]
            }, 
            {
                "label": "N", 
                "xyz": [
                    1.8432625455183076, 
                    1.8456728276679086, 
                    0.0
                ], 
                "abc": [
                    0.49934704512265954, 
                    0.5, 
                    0.0
                ], 
                "properties": {}, 
                "species": [
                    {
                        "occu": 1, 
                        "element": "N"
                    }
                ]
            }, 
            {
                "label": "O", 
                "xyz": [
                    0.017315285501261875, 
                    1.8456728276679086, 
                    1.8456728276679086
                ], 
                "abc": [
                    0.004690778680190173, 
                    0.5, 
                    0.5
                ], 
                "properties": {}, 
                "species": [
                    {
                        "occu": 1, 
                        "element": "O"
                    }
                ]
            }
        ], 
        "@class": "Structure", 
        "@module": "pymatgen.core.structure"
    }
}