{
    "A": "Be", 
    "gllbsc_ind-gap": 0.0, 
    "B": "Li", 
    "anion": "O3", 
    "CB_ind": 5.752140703945693, 
    "anion_idx": 0, 
    "heat_of_formation_all": 2.54, 
    "CB_dir": 5.752140703945693, 
    "filename": "/Users/ajain/Documents/papers_proposals/2012Paper_UNCOptimization/data/rawdata/abo3/8a803dfdde19966c08959837183fe58bdf94d1e8.json", 
    "sum_magnetic_moments": 2.999995080915152, 
    "VB_dir": 5.752140703945693, 
    "VB_ind": 5.752140703945693, 
    "is_direct": true, 
    "gllbsc_dir-gap": 0.0, 
    "FermiLevel": 0.106291400686, 
    "XCFunctional": "RPBE", 
    "FermiWidth": 0.0018374654734, 
    "structure": {
        "lattice": {
            "a": 3.538124285089091, 
            "c": 3.538124285089091, 
            "b": 3.538124285089091, 
            "matrix": [
                [
                    3.538124285089091, 
                    0.0, 
                    0.0
                ], 
                [
                    0.0, 
                    3.538124285089091, 
                    0.0
                ], 
                [
                    0.0, 
                    0.0, 
                    3.538124285089091
                ]
            ], 
            "volume": 44.29138423088227, 
            "beta": 90.0, 
            "alpha": 90.0, 
            "gamma": 90.0
        }, 
        "sites": [
            {
                "label": "Be", 
                "xyz": [
                    0.0008120752643399876, 
                    0.0, 
                    3.557643696416595e-19
                ], 
                "abc": [
                    0.0002295214070806841, 
                    0.0, 
                    1.0055168811931695e-19
                ], 
                "properties": {}, 
                "species": [
                    {
                        "occu": 1, 
                        "element": "Be"
                    }
                ]
            }, 
            {
                "label": "Li", 
                "xyz": [
                    1.7888145208208517, 
                    1.7690621425445452, 
                    1.7690621425445452
                ], 
                "abc": [
                    0.5055827259544131, 
                    0.49999999999999994, 
                    0.49999999999999994
                ], 
                "properties": {}, 
                "species": [
                    {
                        "occu": 1, 
                        "element": "Li"
                    }
                ]
            }, 
            {
                "label": "O", 
                "xyz": [
                    1.7683871495747738, 
                    8.575172254062673e-20, 
                    1.7690621425445452
                ], 
                "abc": [
                    0.499809222934136, 
                    2.4236492455060118e-20, 
                    0.49999999999999994
                ], 
                "properties": {}, 
                "species": [
                    {
                        "occu": 1, 
                        "element": "O"
                    }
                ]
            }, 
            {
                "label": "O", 
                "xyz": [
                    1.7683871495747738, 
                    1.7690621425445452, 
                    0.0
                ], 
                "abc": [
                    0.499809222934136, 
                    0.49999999999999994, 
                    0.0
                ], 
                "properties": {}, 
                "species": [
                    {
                        "occu": 1, 
                        "element": "O"
                    }
                ]
            }, 
            {
                "label": "O", 
                "xyz": [
                    0.01574562849763799, 
                    1.7690621425445452, 
                    1.7690621425445452
                ], 
                "abc": [
                    0.00445027569099131, 
                    0.49999999999999994, 
                    0.49999999999999994
                ], 
                "properties": {}, 
                "species": [
                    {
                        "occu": 1, 
                        "element": "O"
                    }
                ]
            }
        ], 
        "@class": "Structure", 
        "@module": "pymatgen.core.structure"
    }
}