{
    "A": "Be", 
    "gllbsc_ind-gap": 0.0, 
    "B": "Tl", 
    "anion": "OFN", 
    "CB_ind": 6.872420240063908, 
    "anion_idx": 5, 
    "heat_of_formation_all": 2.68, 
    "CB_dir": 6.872420240063908, 
    "filename": "/Users/ajain/Documents/papers_proposals/2012Paper_UNCOptimization/data/rawdata/abofn/11cf543cd02f97167a5584a615797b2a19e8b2a9.json", 
    "sum_magnetic_moments": 0.8463254747271877, 
    "VB_dir": 6.872420240063908, 
    "VB_ind": 6.872420240063908, 
    "is_direct": true, 
    "gllbsc_dir-gap": 0.0, 
    "FermiLevel": 0.0992750610765, 
    "XCFunctional": "RPBE", 
    "FermiWidth": 0.0036749309468, 
    "structure": {
        "lattice": {
            "a": 4.356876230771318, 
            "c": 4.356876230771318, 
            "b": 4.356876230771318, 
            "matrix": [
                [
                    4.356876230771318, 
                    0.0, 
                    0.0
                ], 
                [
                    0.0, 
                    4.356876230771318, 
                    0.0
                ], 
                [
                    0.0, 
                    0.0, 
                    4.356876230771318
                ]
            ], 
            "volume": 82.70383879270908, 
            "beta": 90.0, 
            "alpha": 90.0, 
            "gamma": 90.0
        }, 
        "sites": [
            {
                "label": "Be", 
                "xyz": [
                    0.0010066584815133573, 
                    0.0, 
                    0.0
                ], 
                "abc": [
                    0.00023105051146590498, 
                    0.0, 
                    0.0
                ], 
                "properties": {}, 
                "species": [
                    {
                        "occu": 1, 
                        "element": "Be"
                    }
                ]
            }, 
            {
                "label": "Tl", 
                "xyz": [
                    2.202875573469267, 
                    2.178438115385659, 
                    2.178438115385659
                ], 
                "abc": [
                    0.5056089401647477, 
                    0.5, 
                    0.5
                ], 
                "properties": {}, 
                "species": [
                    {
                        "occu": 1, 
                        "element": "Tl"
                    }
                ]
            }, 
            {
                "label": "F", 
                "xyz": [
                    2.1762147702466583, 
                    0.0, 
                    2.178438115385659
                ], 
                "abc": [
                    0.49948969283926453, 
                    0.0, 
                    0.5
                ], 
                "properties": {}, 
                "species": [
                    {
                        "occu": 1, 
                        "element": "F"
                    }
                ]
            }, 
            {
                "label": "N", 
                "xyz": [
                    2.177884565609771, 
                    2.178438115385659, 
                    0.0
                ], 
                "abc": [
                    0.49987294801445625, 
                    0.5, 
                    0.0
                ], 
                "properties": {}, 
                "species": [
                    {
                        "occu": 1, 
                        "element": "N"
                    }
                ]
            }, 
            {
                "label": "O", 
                "xyz": [
                    0.020870026977215562, 
                    2.178438115385659, 
                    2.178438115385659
                ], 
                "abc": [
                    0.004790135379521865, 
                    0.5, 
                    0.5
                ], 
                "properties": {}, 
                "species": [
                    {
                        "occu": 1, 
                        "element": "O"
                    }
                ]
            }
        ], 
        "@class": "Structure", 
        "@module": "pymatgen.core.structure"
    }
}