{
    "A": "B", 
    "gllbsc_ind-gap": 0.0, 
    "B": "Hf", 
    "anion": "OFN", 
    "CB_ind": 6.084128213418365, 
    "anion_idx": 5, 
    "heat_of_formation_all": 1.78, 
    "CB_dir": 6.084128213418365, 
    "filename": "/Users/ajain/Documents/papers_proposals/2012Paper_UNCOptimization/data/rawdata/abofn/e4b3a1a216304a569a59444fba895eccda4e0a11.json", 
    "sum_magnetic_moments": 0.9915835082933278, 
    "VB_dir": 6.084128213418365, 
    "VB_ind": 6.084128213418365, 
    "is_direct": true, 
    "gllbsc_dir-gap": 0.0, 
    "FermiLevel": 0.130596864724, 
    "XCFunctional": "RPBE", 
    "FermiWidth": 0.0036749309468, 
    "structure": {
        "lattice": {
            "a": 4.20182255524053, 
            "c": 4.20182255524053, 
            "b": 4.20182255524053, 
            "matrix": [
                [
                    4.20182255524053, 
                    0.0, 
                    0.0
                ], 
                [
                    0.0, 
                    4.20182255524053, 
                    0.0
                ], 
                [
                    0.0, 
                    0.0, 
                    4.20182255524053
                ]
            ], 
            "volume": 74.18449148289866, 
            "beta": 90.0, 
            "alpha": 90.0, 
            "gamma": 90.0
        }, 
        "sites": [
            {
                "label": "B", 
                "xyz": [
                    0.0005938269423658647, 
                    0.0, 
                    0.0
                ], 
                "abc": [
                    0.00014132603996454857, 
                    0.0, 
                    0.0
                ], 
                "properties": {}, 
                "species": [
                    {
                        "occu": 1, 
                        "element": "B"
                    }
                ]
            }, 
            {
                "label": "Hf", 
                "xyz": [
                    2.126260988948648, 
                    2.1009112776202654, 
                    2.1009112776202654
                ], 
                "abc": [
                    0.5060330275719918, 
                    0.5000000000000001, 
                    0.5000000000000001
                ], 
                "properties": {}, 
                "species": [
                    {
                        "occu": 1, 
                        "element": "Hf"
                    }
                ]
            }, 
            {
                "label": "F", 
                "xyz": [
                    2.1004931776776923, 
                    0.0, 
                    2.1009112776202654
                ], 
                "abc": [
                    0.4999004955737478, 
                    0.0, 
                    0.5000000000000001
                ], 
                "properties": {}, 
                "species": [
                    {
                        "occu": 1, 
                        "element": "F"
                    }
                ]
            }, 
            {
                "label": "N", 
                "xyz": [
                    2.1004668575031453, 
                    2.1009112776202654, 
                    0.0
                ], 
                "abc": [
                    0.499894231583729, 
                    0.5000000000000001, 
                    0.0
                ], 
                "properties": {}, 
                "species": [
                    {
                        "occu": 1, 
                        "element": "N"
                    }
                ]
            }, 
            {
                "label": "O", 
                "xyz": [
                    0.017775312342240453, 
                    2.1009112776202654, 
                    2.1009112776202654
                ], 
                "abc": [
                    0.004230381485308325, 
                    0.5000000000000001, 
                    0.5000000000000001
                ], 
                "properties": {}, 
                "species": [
                    {
                        "occu": 1, 
                        "element": "O"
                    }
                ]
            }
        ], 
        "@class": "Structure", 
        "@module": "pymatgen.core.structure"
    }
}