{
    "A": "Bi", 
    "gllbsc_ind-gap": 0.0, 
    "B": "Ag", 
    "anion": "O2F", 
    "CB_ind": 6.404026122648638, 
    "anion_idx": 4, 
    "heat_of_formation_all": 1.26, 
    "CB_dir": 6.404026122648638, 
    "filename": "/Users/ajain/Documents/papers_proposals/2012Paper_UNCOptimization/data/rawdata/abo2f/086e8730d9e5b9d1498b4f1a5a93945b1e5e3e4a.json", 
    "sum_magnetic_moments": 3.271462916316582e-14, 
    "VB_dir": 6.404026122648638, 
    "VB_ind": 6.404026122648638, 
    "is_direct": true, 
    "gllbsc_dir-gap": 0.0, 
    "FermiLevel": 0.215908905728, 
    "XCFunctional": "RPBE", 
    "FermiWidth": 0.0036749309468, 
    "structure": {
        "lattice": {
            "a": 4.279039918798882, 
            "c": 4.279039918798882, 
            "b": 4.279039918798882, 
            "matrix": [
                [
                    4.279039918798882, 
                    0.0, 
                    0.0
                ], 
                [
                    0.0, 
                    4.279039918798882, 
                    0.0
                ], 
                [
                    0.0, 
                    0.0, 
                    4.279039918798882
                ]
            ], 
            "volume": 78.35000238003731, 
            "beta": 90.0, 
            "alpha": 90.0, 
            "gamma": 90.0
        }, 
        "sites": [
            {
                "label": "Bi", 
                "xyz": [
                    0.0022262442090631527, 
                    0.0, 
                    0.0
                ], 
                "abc": [
                    0.0005202672214584188, 
                    0.0, 
                    0.0
                ], 
                "properties": {}, 
                "species": [
                    {
                        "occu": 1, 
                        "element": "Bi"
                    }
                ]
            }, 
            {
                "label": "Ag", 
                "xyz": [
                    2.1588020241640757, 
                    2.1395199593994416, 
                    2.1395199593994416
                ], 
                "abc": [
                    0.5045061661331841, 
                    0.5000000000000001, 
                    0.5000000000000001
                ], 
                "properties": {}, 
                "species": [
                    {
                        "occu": 1, 
                        "element": "Ag"
                    }
                ]
            }, 
            {
                "label": "F", 
                "xyz": [
                    2.138222418729796, 
                    0.0, 
                    2.1395199593994416
                ], 
                "abc": [
                    0.4996967682717927, 
                    0.0, 
                    0.5000000000000001
                ], 
                "properties": {}, 
                "species": [
                    {
                        "occu": 1, 
                        "element": "F"
                    }
                ]
            }, 
            {
                "label": "O", 
                "xyz": [
                    2.1412708696834093, 
                    2.1395199593994416, 
                    0.0
                ], 
                "abc": [
                    0.500409182974965, 
                    0.5000000000000001, 
                    0.0
                ], 
                "properties": {}, 
                "species": [
                    {
                        "occu": 1, 
                        "element": "O"
                    }
                ]
            }, 
            {
                "label": "O", 
                "xyz": [
                    0.019866024657633475, 
                    2.1395199593994416, 
                    2.1395199593994416
                ], 
                "abc": [
                    0.0046426359731670435, 
                    0.5000000000000001, 
                    0.5000000000000001
                ], 
                "properties": {}, 
                "species": [
                    {
                        "occu": 1, 
                        "element": "O"
                    }
                ]
            }
        ], 
        "@class": "Structure", 
        "@module": "pymatgen.core.structure"
    }
}