{
    "A": "Bi", 
    "gllbsc_ind-gap": 0.0, 
    "B": "Ir", 
    "anion": "O2F", 
    "CB_ind": 6.644843428240955, 
    "anion_idx": 4, 
    "heat_of_formation_all": 1.24, 
    "CB_dir": 6.644843428240955, 
    "filename": "/Users/ajain/Documents/papers_proposals/2012Paper_UNCOptimization/data/rawdata/abo2f/2ef62569db71f35fd6f27fedb5c568da736a71d4.json", 
    "sum_magnetic_moments": 2.2085524352473745e-15, 
    "VB_dir": 6.644843428240955, 
    "VB_ind": 6.644843428240955, 
    "is_direct": true, 
    "gllbsc_dir-gap": 0.0, 
    "FermiLevel": 0.302638923027, 
    "XCFunctional": "RPBE", 
    "FermiWidth": 0.0036749309468, 
    "structure": {
        "lattice": {
            "a": 4.202348306442712, 
            "c": 4.202348306442712, 
            "b": 4.202348306442712, 
            "matrix": [
                [
                    4.202348306442712, 
                    0.0, 
                    0.0
                ], 
                [
                    0.0, 
                    4.202348306442712, 
                    0.0
                ], 
                [
                    0.0, 
                    0.0, 
                    4.202348306442712
                ]
            ], 
            "volume": 74.21234187314182, 
            "beta": 90.0, 
            "alpha": 90.0, 
            "gamma": 90.0
        }, 
        "sites": [
            {
                "label": "Bi", 
                "xyz": [
                    0.34695526316093456, 
                    0.0, 
                    0.0
                ], 
                "abc": [
                    0.0825622337465483, 
                    0.0, 
                    0.0
                ], 
                "properties": {}, 
                "species": [
                    {
                        "occu": 1, 
                        "element": "Bi"
                    }
                ]
            }, 
            {
                "label": "Ir", 
                "xyz": [
                    2.1718324395494575, 
                    2.1011741532213555, 
                    2.1011741532213555
                ], 
                "abc": [
                    0.5168140004529785, 
                    0.4999999999999999, 
                    0.4999999999999999
                ], 
                "properties": {}, 
                "species": [
                    {
                        "occu": 1, 
                        "element": "Ir"
                    }
                ]
            }, 
            {
                "label": "F", 
                "xyz": [
                    2.067163339637034, 
                    0.0, 
                    2.1011741532213555
                ], 
                "abc": [
                    0.49190671236551736, 
                    0.0, 
                    0.4999999999999999
                ], 
                "properties": {}, 
                "species": [
                    {
                        "occu": 1, 
                        "element": "F"
                    }
                ]
            }, 
            {
                "label": "O", 
                "xyz": [
                    1.7596487864016048, 
                    2.1011741532213555, 
                    0.0
                ], 
                "abc": [
                    0.4187298762703341, 
                    0.4999999999999999, 
                    0.0
                ], 
                "properties": {}, 
                "species": [
                    {
                        "occu": 1, 
                        "element": "O"
                    }
                ]
            }, 
            {
                "label": "O", 
                "xyz": [
                    0.07130569985536564, 
                    2.1011741532213555, 
                    2.1011741532213555
                ], 
                "abc": [
                    0.016968060392815443, 
                    0.4999999999999999, 
                    0.4999999999999999
                ], 
                "properties": {}, 
                "species": [
                    {
                        "occu": 1, 
                        "element": "O"
                    }
                ]
            }
        ], 
        "@class": "Structure", 
        "@module": "pymatgen.core.structure"
    }
}