{
    "A": "Bi", 
    "gllbsc_ind-gap": 0.0, 
    "B": "K", 
    "anion": "O2S", 
    "CB_ind": 5.1169067792783265, 
    "anion_idx": 6, 
    "heat_of_formation_all": 2.5, 
    "CB_dir": 5.1169067792783265, 
    "filename": "/Users/ajain/Documents/papers_proposals/2012Paper_UNCOptimization/data/rawdata/abo2s/78e619ad9b23e7c59794c15b691d5c9a16c5f76e.json", 
    "sum_magnetic_moments": 1.337242080364998, 
    "VB_dir": 5.1169067792783265, 
    "VB_ind": 5.1169067792783265, 
    "is_direct": true, 
    "gllbsc_dir-gap": 0.0, 
    "FermiLevel": 0.102587518771, 
    "XCFunctional": "RPBE", 
    "FermiWidth": 0.0018374654734, 
    "structure": {
        "lattice": {
            "a": 4.880802018416295, 
            "c": 4.880802018416295, 
            "b": 4.880802018416295, 
            "matrix": [
                [
                    4.880802018416295, 
                    0.0, 
                    0.0
                ], 
                [
                    0.0, 
                    4.880802018416295, 
                    0.0
                ], 
                [
                    0.0, 
                    0.0, 
                    4.880802018416295
                ]
            ], 
            "volume": 116.27158017957399, 
            "beta": 90.0, 
            "alpha": 90.0, 
            "gamma": 90.0
        }, 
        "sites": [
            {
                "label": "Bi", 
                "xyz": [
                    0.0009098413686514407, 
                    1.4022503310950762e-18, 
                    0.0
                ], 
                "abc": [
                    0.000186412266922202, 
                    2.872991622696618e-19, 
                    0.0
                ], 
                "properties": {}, 
                "species": [
                    {
                        "occu": 1, 
                        "element": "Bi"
                    }
                ]
            }, 
            {
                "label": "K", 
                "xyz": [
                    2.4706183533860226, 
                    2.4404010092081476, 
                    2.4404010092081476
                ], 
                "abc": [
                    0.5061910612362187, 
                    0.5, 
                    0.5
                ], 
                "properties": {}, 
                "species": [
                    {
                        "occu": 1, 
                        "element": "K"
                    }
                ]
            }, 
            {
                "label": "S", 
                "xyz": [
                    2.43459403006434, 
                    0.0, 
                    2.4404010092081476
                ], 
                "abc": [
                    0.49881024079200575, 
                    0.0, 
                    0.5
                ], 
                "properties": {}, 
                "species": [
                    {
                        "occu": 1, 
                        "element": "S"
                    }
                ]
            }, 
            {
                "label": "O", 
                "xyz": [
                    2.4407072467502, 
                    2.4404010092081476, 
                    0.0
                ], 
                "abc": [
                    0.5000627432829475, 
                    0.5, 
                    0.0
                ], 
                "properties": {}, 
                "species": [
                    {
                        "occu": 1, 
                        "element": "O"
                    }
                ]
            }, 
            {
                "label": "O", 
                "xyz": [
                    0.026034974113985136, 
                    2.4404010092081476, 
                    2.4404010092081476
                ], 
                "abc": [
                    0.005334159020535905, 
                    0.5, 
                    0.5
                ], 
                "properties": {}, 
                "species": [
                    {
                        "occu": 1, 
                        "element": "O"
                    }
                ]
            }
        ], 
        "@class": "Structure", 
        "@module": "pymatgen.core.structure"
    }
}