{
    "A": "Bi", 
    "gllbsc_ind-gap": 0.0, 
    "B": "La", 
    "anion": "O2S", 
    "CB_ind": 5.348670204225523, 
    "anion_idx": 6, 
    "heat_of_formation_all": 0.82, 
    "CB_dir": 5.348670204225523, 
    "filename": "/Users/ajain/Documents/papers_proposals/2012Paper_UNCOptimization/data/rawdata/abo2s/9f6628d600e058d7477db1ac017b7b810395a666.json", 
    "sum_magnetic_moments": -0.20645931811176876, 
    "VB_dir": 5.348670204225523, 
    "VB_ind": 5.348670204225523, 
    "is_direct": true, 
    "gllbsc_dir-gap": 0.0, 
    "FermiLevel": 0.17816214381, 
    "XCFunctional": "RPBE", 
    "FermiWidth": 0.0018374654734, 
    "structure": {
        "lattice": {
            "a": 5.013754791866706, 
            "c": 5.013754791866706, 
            "b": 5.013754791866706, 
            "matrix": [
                [
                    5.013754791866706, 
                    0.0, 
                    0.0
                ], 
                [
                    0.0, 
                    5.013754791866706, 
                    0.0
                ], 
                [
                    0.0, 
                    0.0, 
                    5.013754791866706
                ]
            ], 
            "volume": 126.0344499068206, 
            "beta": 90.0, 
            "alpha": 90.0, 
            "gamma": 90.0
        }, 
        "sites": [
            {
                "label": "Bi", 
                "xyz": [
                    0.5827606539390185, 
                    5.013754791866701, 
                    2.6915280692816784e-15
                ], 
                "abc": [
                    0.11623238034783245, 
                    0.999999999999999, 
                    5.368288201185796e-16
                ], 
                "properties": {}, 
                "species": [
                    {
                        "occu": 1, 
                        "element": "Bi"
                    }
                ]
            }, 
            {
                "label": "La", 
                "xyz": [
                    2.5288355251490455, 
                    2.5068773959333543, 
                    2.5068773959333543
                ], 
                "abc": [
                    0.5043795778068989, 
                    0.5000000000000002, 
                    0.5000000000000002
                ], 
                "properties": {}, 
                "species": [
                    {
                        "occu": 1, 
                        "element": "La"
                    }
                ]
            }, 
            {
                "label": "S", 
                "xyz": [
                    1.4628873913253972, 
                    5.33730053988711e-17, 
                    2.5068773959333543
                ], 
                "abc": [
                    0.29177481788668397, 
                    1.0645316257877745e-17, 
                    0.5000000000000002
                ], 
                "properties": {}, 
                "species": [
                    {
                        "occu": 1, 
                        "element": "S"
                    }
                ]
            }, 
            {
                "label": "O", 
                "xyz": [
                    1.7701761481194673, 
                    2.5068773959333543, 
                    0.0
                ], 
                "abc": [
                    0.3530639653520831, 
                    0.5000000000000002, 
                    0.0
                ], 
                "properties": {}, 
                "species": [
                    {
                        "occu": 1, 
                        "element": "O"
                    }
                ]
            }, 
            {
                "label": "O", 
                "xyz": [
                    4.7292223880346995, 
                    2.5068773959333543, 
                    2.5068773959333543
                ], 
                "abc": [
                    0.9432496371195549, 
                    0.5000000000000002, 
                    0.5000000000000002
                ], 
                "properties": {}, 
                "species": [
                    {
                        "occu": 1, 
                        "element": "O"
                    }
                ]
            }
        ], 
        "@class": "Structure", 
        "@module": "pymatgen.core.structure"
    }
}