{
    "A": "Bi", 
    "gllbsc_ind-gap": 0.0, 
    "B": "Pt", 
    "anion": "O2N", 
    "CB_ind": 6.236835307823262, 
    "anion_idx": 1, 
    "heat_of_formation_all": 1.2, 
    "CB_dir": 6.236835307823262, 
    "filename": "/Users/ajain/Documents/papers_proposals/2012Paper_UNCOptimization/data/rawdata/abo2n/423c7dc3df5b8cdd6398f04985967889c45754d8.json", 
    "sum_magnetic_moments": 0.00014573192748201813, 
    "VB_dir": 6.236835307823262, 
    "VB_ind": 6.236835307823262, 
    "is_direct": true, 
    "gllbsc_dir-gap": 0.0, 
    "FermiLevel": 0.30067876507, 
    "XCFunctional": "RPBE", 
    "FermiWidth": 0.0018374654734, 
    "structure": {
        "lattice": {
            "a": 4.0997261030332535, 
            "c": 4.0997261030332535, 
            "b": 4.0997261030332535, 
            "matrix": [
                [
                    4.0997261030332535, 
                    0.0, 
                    0.0
                ], 
                [
                    0.0, 
                    4.0997261030332535, 
                    0.0
                ], 
                [
                    0.0, 
                    0.0, 
                    4.0997261030332535
                ]
            ], 
            "volume": 68.90718829868688, 
            "beta": 90.0, 
            "alpha": 90.0, 
            "gamma": 90.0
        }, 
        "sites": [
            {
                "label": "Bi", 
                "xyz": [
                    3.331734677782123, 
                    4.09972610284306, 
                    4.099726103022629
                ], 
                "abc": [
                    0.812672503979493, 
                    0.9999999999536081, 
                    0.9999999999974085
                ], 
                "properties": {}, 
                "species": [
                    {
                        "occu": 1, 
                        "element": "Bi"
                    }
                ]
            }, 
            {
                "label": "Pt", 
                "xyz": [
                    0.937838731319544, 
                    2.049863051516627, 
                    2.049863051516627
                ], 
                "abc": [
                    0.22875643585693878, 
                    0.5000000000000001, 
                    0.5000000000000001
                ], 
                "properties": {}, 
                "species": [
                    {
                        "occu": 1, 
                        "element": "Pt"
                    }
                ]
            }, 
            {
                "label": "N", 
                "xyz": [
                    0.536052577569349, 
                    8.056923055563404e-14, 
                    2.049863051516627
                ], 
                "abc": [
                    0.1307532659737296, 
                    1.9652344700789524e-14, 
                    0.5000000000000001
                ], 
                "properties": {}, 
                "species": [
                    {
                        "occu": 1, 
                        "element": "N"
                    }
                ]
            }, 
            {
                "label": "O", 
                "xyz": [
                    0.5480315406385806, 
                    2.049863051516627, 
                    4.09972610303324
                ], 
                "abc": [
                    0.13367515947787584, 
                    0.5000000000000001, 
                    0.9999999999999968
                ], 
                "properties": {}, 
                "species": [
                    {
                        "occu": 1, 
                        "element": "O"
                    }
                ]
            }, 
            {
                "label": "O", 
                "xyz": [
                    2.929106287883869, 
                    2.049863051516627, 
                    2.049863051516627
                ], 
                "abc": [
                    0.7144638969214844, 
                    0.5000000000000001, 
                    0.5000000000000001
                ], 
                "properties": {}, 
                "species": [
                    {
                        "occu": 1, 
                        "element": "O"
                    }
                ]
            }
        ], 
        "@class": "Structure", 
        "@module": "pymatgen.core.structure"
    }
}