{
    "A": "Bi", 
    "gllbsc_ind-gap": 0.0, 
    "B": "Rh", 
    "anion": "N3", 
    "CB_ind": 5.839594649907511, 
    "anion_idx": 3, 
    "heat_of_formation_all": 1.32, 
    "CB_dir": 5.839594649907511, 
    "filename": "/Users/ajain/Documents/papers_proposals/2012Paper_UNCOptimization/data/rawdata/abn3/15f8fa58e8de00cbf4b2b96294e75276f71d9cd5.json", 
    "sum_magnetic_moments": 0.0031198125388307574, 
    "VB_dir": 5.839594649907511, 
    "VB_ind": 5.839594649907511, 
    "is_direct": true, 
    "gllbsc_dir-gap": 0.0, 
    "FermiLevel": 0.295164250048, 
    "XCFunctional": "RPBE", 
    "FermiWidth": 0.0018374654734, 
    "structure": {
        "lattice": {
            "a": 4.069224146770961, 
            "c": 4.069224146770961, 
            "b": 4.069224146770961, 
            "matrix": [
                [
                    4.069224146770961, 
                    0.0, 
                    0.0
                ], 
                [
                    0.0, 
                    4.069224146770961, 
                    0.0
                ], 
                [
                    0.0, 
                    0.0, 
                    4.069224146770961
                ]
            ], 
            "volume": 67.38059455585977, 
            "beta": 90.0, 
            "alpha": 90.0, 
            "gamma": 90.0
        }, 
        "sites": [
            {
                "label": "Bi", 
                "xyz": [
                    0.4319670186659372, 
                    4.06922414677096, 
                    0.0
                ], 
                "abc": [
                    0.10615463859584011, 
                    0.9999999999999999, 
                    0.0
                ], 
                "properties": {}, 
                "species": [
                    {
                        "occu": 1, 
                        "element": "Bi"
                    }
                ]
            }, 
            {
                "label": "Rh", 
                "xyz": [
                    2.275960955867909, 
                    2.0346120733854804, 
                    2.0346120733854804
                ], 
                "abc": [
                    0.5593107859821251, 
                    0.5, 
                    0.5
                ], 
                "properties": {}, 
                "species": [
                    {
                        "occu": 1, 
                        "element": "Rh"
                    }
                ]
            }, 
            {
                "label": "N", 
                "xyz": [
                    1.646860969276103, 
                    0.0, 
                    2.0346120733854804
                ], 
                "abc": [
                    0.4047112938182409, 
                    0.0, 
                    0.5
                ], 
                "properties": {}, 
                "species": [
                    {
                        "occu": 1, 
                        "element": "N"
                    }
                ]
            }, 
            {
                "label": "N", 
                "xyz": [
                    1.6468609692761014, 
                    2.0346120733854804, 
                    2.1711448747860517e-18
                ], 
                "abc": [
                    0.4047112938182405, 
                    0.5, 
                    5.335525388811314e-19
                ], 
                "properties": {}, 
                "species": [
                    {
                        "occu": 1, 
                        "element": "N"
                    }
                ]
            }, 
            {
                "label": "N", 
                "xyz": [
                    0.007493975770158767, 
                    2.0346120733854804, 
                    2.0346120733854804
                ], 
                "abc": [
                    0.0018416227516258694, 
                    0.5, 
                    0.5
                ], 
                "properties": {}, 
                "species": [
                    {
                        "occu": 1, 
                        "element": "N"
                    }
                ]
            }
        ], 
        "@class": "Structure", 
        "@module": "pymatgen.core.structure"
    }
}