{
    "A": "Bi", 
    "gllbsc_ind-gap": 0.0, 
    "B": "Rh", 
    "anion": "OFN", 
    "CB_ind": 6.318559490358718, 
    "anion_idx": 5, 
    "heat_of_formation_all": 1.14, 
    "CB_dir": 6.318559490358718, 
    "filename": "/Users/ajain/Documents/papers_proposals/2012Paper_UNCOptimization/data/rawdata/abofn/60ca57292ff177bd1b6460a4baddbad7d9eb81dc.json", 
    "sum_magnetic_moments": 1.914321819510407e-15, 
    "VB_dir": 6.318559490358718, 
    "VB_ind": 6.318559490358718, 
    "is_direct": true, 
    "gllbsc_dir-gap": 0.0, 
    "FermiLevel": 0.281450862519, 
    "XCFunctional": "RPBE", 
    "FermiWidth": 0.0036749309468, 
    "structure": {
        "lattice": {
            "a": 4.127150476375593, 
            "c": 4.127150476375593, 
            "b": 4.127150476375593, 
            "matrix": [
                [
                    4.127150476375593, 
                    0.0, 
                    0.0
                ], 
                [
                    0.0, 
                    4.127150476375593, 
                    0.0
                ], 
                [
                    0.0, 
                    0.0, 
                    4.127150476375593
                ]
            ], 
            "volume": 70.29928546246975, 
            "beta": 90.0, 
            "alpha": 90.0, 
            "gamma": 90.0
        }, 
        "sites": [
            {
                "label": "Bi", 
                "xyz": [
                    0.005096800488757025, 
                    0.0, 
                    0.0
                ], 
                "abc": [
                    0.0012349441867777415, 
                    0.0, 
                    0.0
                ], 
                "properties": {}, 
                "species": [
                    {
                        "occu": 1, 
                        "element": "Bi"
                    }
                ]
            }, 
            {
                "label": "Rh", 
                "xyz": [
                    2.0836926147044372, 
                    2.0635752381877963, 
                    2.0635752381877963
                ], 
                "abc": [
                    0.5048743986030545, 
                    0.5, 
                    0.5
                ], 
                "properties": {}, 
                "species": [
                    {
                        "occu": 1, 
                        "element": "Rh"
                    }
                ]
            }, 
            {
                "label": "F", 
                "xyz": [
                    2.0649613999356604, 
                    0.0, 
                    2.0635752381877963
                ], 
                "abc": [
                    0.5003358641163677, 
                    0.0, 
                    0.5
                ], 
                "properties": {}, 
                "species": [
                    {
                        "occu": 1, 
                        "element": "F"
                    }
                ]
            }, 
            {
                "label": "N", 
                "xyz": [
                    2.0602089449919165, 
                    2.0635752381877963, 
                    0.0
                ], 
                "abc": [
                    0.4991843541409142, 
                    0.5, 
                    0.0
                ], 
                "properties": {}, 
                "species": [
                    {
                        "occu": 1, 
                        "element": "N"
                    }
                ]
            }, 
            {
                "label": "O", 
                "xyz": [
                    0.018912604600245412, 
                    2.0635752381877963, 
                    2.0635752381877963
                ], 
                "abc": [
                    0.004582484866617755, 
                    0.5, 
                    0.5
                ], 
                "properties": {}, 
                "species": [
                    {
                        "occu": 1, 
                        "element": "O"
                    }
                ]
            }
        ], 
        "@class": "Structure", 
        "@module": "pymatgen.core.structure"
    }
}