{
    "A": "B", 
    "gllbsc_ind-gap": 0.0, 
    "B": "Ir", 
    "anion": "O2N", 
    "CB_ind": 6.237701419228874, 
    "anion_idx": 1, 
    "heat_of_formation_all": 2.18, 
    "CB_dir": 6.237701419228874, 
    "filename": "/Users/ajain/Documents/papers_proposals/2012Paper_UNCOptimization/data/rawdata/abo2n/9b11dd630b2138de8ccf58539226984d41253d53.json", 
    "sum_magnetic_moments": 0.018857041287937193, 
    "VB_dir": 6.237701419228874, 
    "VB_ind": 6.237701419228874, 
    "is_direct": true, 
    "gllbsc_dir-gap": 0.0, 
    "FermiLevel": 0.232971381318, 
    "XCFunctional": "RPBE", 
    "FermiWidth": 0.0018374654734, 
    "structure": {
        "lattice": {
            "a": 3.895734544385832, 
            "c": 3.895734544385832, 
            "b": 3.895734544385832, 
            "matrix": [
                [
                    3.895734544385832, 
                    0.0, 
                    0.0
                ], 
                [
                    0.0, 
                    3.895734544385832, 
                    0.0
                ], 
                [
                    0.0, 
                    0.0, 
                    3.895734544385832
                ]
            ], 
            "volume": 59.124580053825014, 
            "beta": 90.0, 
            "alpha": 90.0, 
            "gamma": 90.0
        }, 
        "sites": [
            {
                "label": "B", 
                "xyz": [
                    1.1238693692738482, 
                    5.201884538623622e-16, 
                    0.0
                ], 
                "abc": [
                    0.2884871534415669, 
                    1.3352769495344828e-16, 
                    0.0
                ], 
                "properties": {}, 
                "species": [
                    {
                        "occu": 1, 
                        "element": "B"
                    }
                ]
            }, 
            {
                "label": "Ir", 
                "xyz": [
                    1.9221348505941678, 
                    1.9478672721929156, 
                    1.9478672721929156
                ], 
                "abc": [
                    0.49339471894053166, 
                    0.4999999999999999, 
                    0.4999999999999999
                ], 
                "properties": {}, 
                "species": [
                    {
                        "occu": 1, 
                        "element": "Ir"
                    }
                ]
            }, 
            {
                "label": "N", 
                "xyz": [
                    1.3807156460564898, 
                    0.0, 
                    1.9478672721929156
                ], 
                "abc": [
                    0.3544172813433215, 
                    0.0, 
                    0.4999999999999999
                ], 
                "properties": {}, 
                "species": [
                    {
                        "occu": 1, 
                        "element": "N"
                    }
                ]
            }, 
            {
                "label": "O", 
                "xyz": [
                    1.5025978377153324, 
                    1.9478672721929156, 
                    9.078135298994325e-19
                ], 
                "abc": [
                    0.38570334312966364, 
                    0.4999999999999999, 
                    2.3302756375115146e-19
                ], 
                "properties": {}, 
                "species": [
                    {
                        "occu": 1, 
                        "element": "O"
                    }
                ]
            }, 
            {
                "label": "O", 
                "xyz": [
                    3.773555485766384, 
                    1.9478672721929156, 
                    1.9478672721929156
                ], 
                "abc": [
                    0.9686377351363632, 
                    0.4999999999999999, 
                    0.4999999999999999
                ], 
                "properties": {}, 
                "species": [
                    {
                        "occu": 1, 
                        "element": "O"
                    }
                ]
            }
        ], 
        "@class": "Structure", 
        "@module": "pymatgen.core.structure"
    }
}