{
    "A": "B", 
    "gllbsc_ind-gap": 0.0, 
    "B": "Ir", 
    "anion": "O3", 
    "CB_ind": 6.281692824953664, 
    "anion_idx": 0, 
    "heat_of_formation_all": 2.56, 
    "CB_dir": 6.281692824953664, 
    "filename": "/Users/ajain/Documents/papers_proposals/2012Paper_UNCOptimization/data/rawdata/abo3/f0bc429a78bc68744a38de2f98744946d3cf949f.json", 
    "sum_magnetic_moments": 1.160290813009059, 
    "VB_dir": 6.281692824953664, 
    "VB_ind": 6.281692824953664, 
    "is_direct": true, 
    "gllbsc_dir-gap": 0.0, 
    "FermiLevel": 0.211563237051, 
    "XCFunctional": "RPBE", 
    "FermiWidth": 0.0018374654734, 
    "structure": {
        "lattice": {
            "a": 3.9011213780880656, 
            "c": 3.9011213780880656, 
            "b": 3.9011213780880656, 
            "matrix": [
                [
                    3.9011213780880656, 
                    0.0, 
                    0.0
                ], 
                [
                    0.0, 
                    3.9011213780880656, 
                    0.0
                ], 
                [
                    0.0, 
                    0.0, 
                    3.9011213780880656
                ]
            ], 
            "volume": 59.3701831961877, 
            "beta": 90.0, 
            "alpha": 90.0, 
            "gamma": 90.0
        }, 
        "sites": [
            {
                "label": "B", 
                "xyz": [
                    0.006697226837356017, 
                    5.418184145277032e-19, 
                    1.801559644543547e-18
                ], 
                "abc": [
                    0.001716744030312207, 
                    1.3888786377450468e-19, 
                    4.618055861226468e-19
                ], 
                "properties": {}, 
                "species": [
                    {
                        "occu": 1, 
                        "element": "B"
                    }
                ]
            }, 
            {
                "label": "Ir", 
                "xyz": [
                    1.95138677959854, 
                    1.9505606890440332, 
                    1.9505606890440332
                ], 
                "abc": [
                    0.5002117572037484, 
                    0.5000000000000001, 
                    0.5000000000000001
                ], 
                "properties": {}, 
                "species": [
                    {
                        "occu": 1, 
                        "element": "Ir"
                    }
                ]
            }, 
            {
                "label": "O", 
                "xyz": [
                    1.9517003111502247, 
                    0.0, 
                    1.9505606890440332
                ], 
                "abc": [
                    0.50029212680041, 
                    0.0, 
                    0.5000000000000001
                ], 
                "properties": {}, 
                "species": [
                    {
                        "occu": 1, 
                        "element": "O"
                    }
                ]
            }, 
            {
                "label": "O", 
                "xyz": [
                    1.9517003111502247, 
                    1.9505606890440332, 
                    0.0
                ], 
                "abc": [
                    0.50029212680041, 
                    0.5000000000000001, 
                    0.0
                ], 
                "properties": {}, 
                "species": [
                    {
                        "occu": 1, 
                        "element": "O"
                    }
                ]
            }, 
            {
                "label": "O", 
                "xyz": [
                    0.0002885019644094098, 
                    1.9505606890440332, 
                    1.9505606890440332
                ], 
                "abc": [
                    7.395359858062253e-05, 
                    0.5000000000000001, 
                    0.5000000000000001
                ], 
                "properties": {}, 
                "species": [
                    {
                        "occu": 1, 
                        "element": "O"
                    }
                ]
            }
        ], 
        "@class": "Structure", 
        "@module": "pymatgen.core.structure"
    }
}