{
    "A": "B", 
    "gllbsc_ind-gap": 0.0, 
    "B": "Ir", 
    "anion": "ON2", 
    "CB_ind": 6.19401809029669, 
    "anion_idx": 2, 
    "heat_of_formation_all": 2.1, 
    "CB_dir": 6.19401809029669, 
    "filename": "/Users/ajain/Documents/papers_proposals/2012Paper_UNCOptimization/data/rawdata/abon2/a14f35b19e1e26c0ecc46ba1c20cd0942ebeb973.json", 
    "sum_magnetic_moments": 0.038327468433509544, 
    "VB_dir": 6.19401809029669, 
    "VB_ind": 6.19401809029669, 
    "is_direct": true, 
    "gllbsc_dir-gap": 0.0, 
    "FermiLevel": 0.245546586025, 
    "XCFunctional": "RPBE", 
    "FermiWidth": 0.0018374654734, 
    "structure": {
        "lattice": {
            "a": 3.857783670952431, 
            "c": 3.857783670952431, 
            "b": 3.857783670952431, 
            "matrix": [
                [
                    3.857783670952431, 
                    0.0, 
                    0.0
                ], 
                [
                    0.0, 
                    3.857783670952431, 
                    0.0
                ], 
                [
                    0.0, 
                    0.0, 
                    3.857783670952431
                ]
            ], 
            "volume": 57.413445622566954, 
            "beta": 90.0, 
            "alpha": 90.0, 
            "gamma": 90.0
        }, 
        "sites": [
            {
                "label": "B", 
                "xyz": [
                    1.1130689444654662, 
                    2.652057263998494e-16, 
                    3.8577836709524305
                ], 
                "abc": [
                    0.2885254953113184, 
                    6.874561899277622e-17, 
                    0.9999999999999999
                ], 
                "properties": {}, 
                "species": [
                    {
                        "occu": 1, 
                        "element": "B"
                    }
                ]
            }, 
            {
                "label": "Ir", 
                "xyz": [
                    1.9354366541253292, 
                    1.928891835476216, 
                    1.928891835476216
                ], 
                "abc": [
                    0.5016965229798637, 
                    0.5000000000000001, 
                    0.5000000000000001
                ], 
                "properties": {}, 
                "species": [
                    {
                        "occu": 1, 
                        "element": "Ir"
                    }
                ]
            }, 
            {
                "label": "N", 
                "xyz": [
                    1.3755593873395495, 
                    1.0520832926424371e-17, 
                    1.928891835476216
                ], 
                "abc": [
                    0.35656726884323814, 
                    2.7271702676440978e-18, 
                    0.5000000000000001
                ], 
                "properties": {}, 
                "species": [
                    {
                        "occu": 1, 
                        "element": "N"
                    }
                ]
            }, 
            {
                "label": "N", 
                "xyz": [
                    1.3755593873395493, 
                    1.928891835476216, 
                    4.435510910254186e-18
                ], 
                "abc": [
                    0.3565672688432381, 
                    0.5000000000000001, 
                    1.1497562560730946e-18
                ], 
                "properties": {}, 
                "species": [
                    {
                        "occu": 1, 
                        "element": "N"
                    }
                ]
            }, 
            {
                "label": "O", 
                "xyz": [
                    3.7263447727092713, 
                    1.928891835476216, 
                    1.928891835476216
                ], 
                "abc": [
                    0.9659289090695152, 
                    0.5000000000000001, 
                    0.5000000000000001
                ], 
                "properties": {}, 
                "species": [
                    {
                        "occu": 1, 
                        "element": "O"
                    }
                ]
            }
        ], 
        "@class": "Structure", 
        "@module": "pymatgen.core.structure"
    }
}