{
    "A": "Bi", 
    "gllbsc_ind-gap": 0.0, 
    "B": "Sb", 
    "anion": "ON2", 
    "CB_ind": 6.024062536519465, 
    "anion_idx": 2, 
    "heat_of_formation_all": 1.02, 
    "CB_dir": 6.024062536519465, 
    "filename": "/Users/ajain/Documents/papers_proposals/2012Paper_UNCOptimization/data/rawdata/abon2/54273b46e2bb42b7f8f387430ab2558986cc4e22.json", 
    "sum_magnetic_moments": -0.0030256258514318674, 
    "VB_dir": 6.024062536519465, 
    "VB_ind": 6.024062536519465, 
    "is_direct": true, 
    "gllbsc_dir-gap": 0.0, 
    "FermiLevel": 0.36450532113, 
    "XCFunctional": "RPBE", 
    "FermiWidth": 0.0018374654734, 
    "structure": {
        "lattice": {
            "a": 4.070379994050204, 
            "c": 4.070379994050204, 
            "b": 4.070379994050204, 
            "matrix": [
                [
                    4.070379994050204, 
                    0.0, 
                    0.0
                ], 
                [
                    0.0, 
                    4.070379994050204, 
                    0.0
                ], 
                [
                    0.0, 
                    0.0, 
                    4.070379994050204
                ]
            ], 
            "volume": 67.43802845345031, 
            "beta": 90.0, 
            "alpha": 90.0, 
            "gamma": 90.0
        }, 
        "sites": [
            {
                "label": "Bi", 
                "xyz": [
                    0.008940889611675546, 
                    0.0, 
                    0.0
                ], 
                "abc": [
                    0.0021965736920741335, 
                    0.0, 
                    0.0
                ], 
                "properties": {}, 
                "species": [
                    {
                        "occu": 1, 
                        "element": "Bi"
                    }
                ]
            }, 
            {
                "label": "Sb", 
                "xyz": [
                    2.045795100359261, 
                    2.035189997025102, 
                    2.035189997025102
                ], 
                "abc": [
                    0.5026054332395651, 
                    0.5, 
                    0.5
                ], 
                "properties": {}, 
                "species": [
                    {
                        "occu": 1, 
                        "element": "Sb"
                    }
                ]
            }, 
            {
                "label": "N", 
                "xyz": [
                    2.038855971188984, 
                    0.0, 
                    2.035189997025102
                ], 
                "abc": [
                    0.5009006466642527, 
                    0.0, 
                    0.5
                ], 
                "properties": {}, 
                "species": [
                    {
                        "occu": 1, 
                        "element": "N"
                    }
                ]
            }, 
            {
                "label": "N", 
                "xyz": [
                    2.038855971188984, 
                    2.035189997025102, 
                    0.0
                ], 
                "abc": [
                    0.5009006466642527, 
                    0.5, 
                    0.0
                ], 
                "properties": {}, 
                "species": [
                    {
                        "occu": 1, 
                        "element": "N"
                    }
                ]
            }, 
            {
                "label": "O", 
                "xyz": [
                    0.010189460932731324, 
                    2.035189997025102, 
                    2.035189997025102
                ], 
                "abc": [
                    0.002503319333238067, 
                    0.5, 
                    0.5
                ], 
                "properties": {}, 
                "species": [
                    {
                        "occu": 1, 
                        "element": "O"
                    }
                ]
            }
        ], 
        "@class": "Structure", 
        "@module": "pymatgen.core.structure"
    }
}