{
    "A": "Bi", 
    "gllbsc_ind-gap": 0.0, 
    "B": "Y", 
    "anion": "O2S", 
    "CB_ind": 5.40757520960574, 
    "anion_idx": 6, 
    "heat_of_formation_all": 0.82, 
    "CB_dir": 5.40757520960574, 
    "filename": "/Users/ajain/Documents/papers_proposals/2012Paper_UNCOptimization/data/rawdata/abo2s/0b98fd6d497b78463749bbc9eef581cc9e054a5f.json", 
    "sum_magnetic_moments": 0.0005159339694671417, 
    "VB_dir": 5.40757520960574, 
    "VB_ind": 5.40757520960574, 
    "is_direct": true, 
    "gllbsc_dir-gap": 0.0, 
    "FermiLevel": 0.212463910298, 
    "XCFunctional": "RPBE", 
    "FermiWidth": 0.0018374654734, 
    "structure": {
        "lattice": {
            "a": 4.639941572089215, 
            "c": 4.639941572089215, 
            "b": 4.639941572089215, 
            "matrix": [
                [
                    4.639941572089215, 
                    0.0, 
                    0.0
                ], 
                [
                    0.0, 
                    4.639941572089215, 
                    0.0
                ], 
                [
                    0.0, 
                    0.0, 
                    4.639941572089215
                ]
            ], 
            "volume": 99.89357025887611, 
            "beta": 90.0, 
            "alpha": 90.0, 
            "gamma": 90.0
        }, 
        "sites": [
            {
                "label": "Bi", 
                "xyz": [
                    4.442007516185122, 
                    0.0, 
                    0.0
                ], 
                "abc": [
                    0.9573412611282148, 
                    0.0, 
                    0.0
                ], 
                "properties": {}, 
                "species": [
                    {
                        "occu": 1, 
                        "element": "Bi"
                    }
                ]
            }, 
            {
                "label": "Y", 
                "xyz": [
                    2.651651957364954, 
                    2.319970786044608, 
                    2.319970786044608
                ], 
                "abc": [
                    0.5714839112017096, 
                    0.5000000000000001, 
                    0.5000000000000001
                ], 
                "properties": {}, 
                "species": [
                    {
                        "occu": 1, 
                        "element": "Y"
                    }
                ]
            }, 
            {
                "label": "S", 
                "xyz": [
                    1.4947047714333164, 
                    0.0, 
                    2.319970786044608
                ], 
                "abc": [
                    0.32213870545794376, 
                    0.0, 
                    0.5000000000000001
                ], 
                "properties": {}, 
                "species": [
                    {
                        "occu": 1, 
                        "element": "S"
                    }
                ]
            }, 
            {
                "label": "O", 
                "xyz": [
                    3.0254783574316897, 
                    2.319970786044608, 
                    0.0
                ], 
                "abc": [
                    0.6520509602170302, 
                    0.5000000000000001, 
                    0.0
                ], 
                "properties": {}, 
                "species": [
                    {
                        "occu": 1, 
                        "element": "O"
                    }
                ]
            }, 
            {
                "label": "O", 
                "xyz": [
                    0.10889726866097373, 
                    2.319970786044608, 
                    2.319970786044608
                ], 
                "abc": [
                    0.023469534469146517, 
                    0.5000000000000001, 
                    0.5000000000000001
                ], 
                "properties": {}, 
                "species": [
                    {
                        "occu": 1, 
                        "element": "O"
                    }
                ]
            }
        ], 
        "@class": "Structure", 
        "@module": "pymatgen.core.structure"
    }
}