{
    "A": "B", 
    "gllbsc_ind-gap": 0.0, 
    "B": "Mo", 
    "anion": "ON2", 
    "CB_ind": 5.816706349354417, 
    "anion_idx": 2, 
    "heat_of_formation_all": 1.5, 
    "CB_dir": 5.816706349354417, 
    "filename": "/Users/ajain/Documents/papers_proposals/2012Paper_UNCOptimization/data/rawdata/abon2/2c73f38d48e04ce6e51254b4f1aace16c3a5e674.json", 
    "sum_magnetic_moments": 0.0001915337703746189, 
    "VB_dir": 5.816706349354417, 
    "VB_ind": 5.816706349354417, 
    "is_direct": true, 
    "gllbsc_dir-gap": 0.0, 
    "FermiLevel": 0.186246065835, 
    "XCFunctional": "RPBE", 
    "FermiWidth": 0.0018374654734, 
    "structure": {
        "lattice": {
            "a": 3.9499795170829883, 
            "c": 3.9499795170829883, 
            "b": 3.9499795170829883, 
            "matrix": [
                [
                    3.9499795170829883, 
                    0.0, 
                    0.0
                ], 
                [
                    0.0, 
                    3.9499795170829883, 
                    0.0
                ], 
                [
                    0.0, 
                    0.0, 
                    3.9499795170829883
                ]
            ], 
            "volume": 61.62891625083363, 
            "beta": 90.0, 
            "alpha": 90.0, 
            "gamma": 90.0
        }, 
        "sites": [
            {
                "label": "B", 
                "xyz": [
                    0.9951612627533216, 
                    5.691603558807317e-15, 
                    1.299869729770498e-15
                ], 
                "abc": [
                    0.2519408666423253, 
                    1.440919765328428e-15, 
                    3.290826507197779e-16
                ], 
                "properties": {}, 
                "species": [
                    {
                        "occu": 1, 
                        "element": "B"
                    }
                ]
            }, 
            {
                "label": "Mo", 
                "xyz": [
                    0.6250896586375599, 
                    1.9749897585414935, 
                    1.9749897585414935
                ], 
                "abc": [
                    0.15825136711067833, 
                    0.49999999999999983, 
                    0.49999999999999983
                ], 
                "properties": {}, 
                "species": [
                    {
                        "occu": 1, 
                        "element": "Mo"
                    }
                ]
            }, 
            {
                "label": "N", 
                "xyz": [
                    0.9798792204875418, 
                    0.0, 
                    1.9749897585414935
                ], 
                "abc": [
                    0.24807197512030915, 
                    0.0, 
                    0.49999999999999983
                ], 
                "properties": {}, 
                "species": [
                    {
                        "occu": 1, 
                        "element": "N"
                    }
                ]
            }, 
            {
                "label": "N", 
                "xyz": [
                    0.9798792204875367, 
                    1.9749897585414935, 
                    1.0151589409973989e-16
                ], 
                "abc": [
                    0.24807197512030785, 
                    0.49999999999999983, 
                    2.570035962482867e-17
                ], 
                "properties": {}, 
                "species": [
                    {
                        "occu": 1, 
                        "element": "N"
                    }
                ]
            }, 
            {
                "label": "O", 
                "xyz": [
                    2.8209475862313274, 
                    1.9749897585414935, 
                    1.9749897585414935
                ], 
                "abc": [
                    0.7141676492324098, 
                    0.49999999999999983, 
                    0.49999999999999983
                ], 
                "properties": {}, 
                "species": [
                    {
                        "occu": 1, 
                        "element": "O"
                    }
                ]
            }
        ], 
        "@class": "Structure", 
        "@module": "pymatgen.core.structure"
    }
}