{
    "A": "B", 
    "gllbsc_ind-gap": 0.0, 
    "B": "Nb", 
    "anion": "O2N", 
    "CB_ind": 5.887464878242548, 
    "anion_idx": 1, 
    "heat_of_formation_all": 1.42, 
    "CB_dir": 5.887464878242548, 
    "filename": "/Users/ajain/Documents/papers_proposals/2012Paper_UNCOptimization/data/rawdata/abo2n/c54d4dc8ac5c919121e2bc1e31bca32b26dcbe95.json", 
    "sum_magnetic_moments": -0.009394020882870271, 
    "VB_dir": 5.887464878242548, 
    "VB_ind": 5.887464878242548, 
    "is_direct": true, 
    "gllbsc_dir-gap": 0.0, 
    "FermiLevel": 0.162060704992, 
    "XCFunctional": "RPBE", 
    "FermiWidth": 0.0018374654734, 
    "structure": {
        "lattice": {
            "a": 4.05805111295221, 
            "c": 4.05805111295221, 
            "b": 4.05805111295221, 
            "matrix": [
                [
                    4.05805111295221, 
                    0.0, 
                    0.0
                ], 
                [
                    0.0, 
                    4.05805111295221, 
                    0.0
                ], 
                [
                    0.0, 
                    0.0, 
                    4.05805111295221
                ]
            ], 
            "volume": 66.82708823057258, 
            "beta": 90.0, 
            "alpha": 90.0, 
            "gamma": 90.0
        }, 
        "sites": [
            {
                "label": "B", 
                "xyz": [
                    1.390547232993844, 
                    4.058051112952209, 
                    0.0
                ], 
                "abc": [
                    0.3426638044443527, 
                    0.9999999999999999, 
                    0.0
                ], 
                "properties": {}, 
                "species": [
                    {
                        "occu": 1, 
                        "element": "B"
                    }
                ]
            }, 
            {
                "label": "Nb", 
                "xyz": [
                    1.9507585296664403, 
                    2.0290255564761055, 
                    2.0290255564761055
                ], 
                "abc": [
                    0.4807131490877832, 
                    0.5000000000000001, 
                    0.5000000000000001
                ], 
                "properties": {}, 
                "species": [
                    {
                        "occu": 1, 
                        "element": "Nb"
                    }
                ]
            }, 
            {
                "label": "N", 
                "xyz": [
                    1.495021383614754, 
                    0.0, 
                    2.0290255564761055
                ], 
                "abc": [
                    0.3684087119659599, 
                    0.0, 
                    0.5000000000000001
                ], 
                "properties": {}, 
                "species": [
                    {
                        "occu": 1, 
                        "element": "N"
                    }
                ]
            }, 
            {
                "label": "O", 
                "xyz": [
                    1.610707309588337, 
                    2.0290255564761055, 
                    0.0
                ], 
                "abc": [
                    0.39691646673630887, 
                    0.5000000000000001, 
                    0.0
                ], 
                "properties": {}, 
                "species": [
                    {
                        "occu": 1, 
                        "element": "O"
                    }
                ]
            }, 
            {
                "label": "O", 
                "xyz": [
                    3.752246893489087, 
                    2.0290255564761055, 
                    2.0290255564761055
                ], 
                "abc": [
                    0.9246425905067883, 
                    0.5000000000000001, 
                    0.5000000000000001
                ], 
                "properties": {}, 
                "species": [
                    {
                        "occu": 1, 
                        "element": "O"
                    }
                ]
            }
        ], 
        "@class": "Structure", 
        "@module": "pymatgen.core.structure"
    }
}