{
    "A": "B", 
    "gllbsc_ind-gap": 0.0, 
    "B": "Rb", 
    "anion": "O2N", 
    "CB_ind": 5.288828720686805, 
    "anion_idx": 1, 
    "heat_of_formation_all": 4.18, 
    "CB_dir": 5.288828720686805, 
    "filename": "/Users/ajain/Documents/papers_proposals/2012Paper_UNCOptimization/data/rawdata/abo2n/218386811a7065d54a7465bf635ac3c6cb0a763e.json", 
    "sum_magnetic_moments": 1.6318162386035997, 
    "VB_dir": 5.288828720686805, 
    "VB_ind": 5.288828720686805, 
    "is_direct": true, 
    "gllbsc_dir-gap": 0.0, 
    "FermiLevel": 0.0329797514116, 
    "XCFunctional": "RPBE", 
    "FermiWidth": 0.0018374654734, 
    "structure": {
        "lattice": {
            "a": 4.491791177481588, 
            "c": 4.491791177481588, 
            "b": 4.491791177481588, 
            "matrix": [
                [
                    4.491791177481588, 
                    0.0, 
                    0.0
                ], 
                [
                    0.0, 
                    4.491791177481588, 
                    0.0
                ], 
                [
                    0.0, 
                    0.0, 
                    4.491791177481588
                ]
            ], 
            "volume": 90.62722317321324, 
            "beta": 90.0, 
            "alpha": 90.0, 
            "gamma": 90.0
        }, 
        "sites": [
            {
                "label": "B", 
                "xyz": [
                    0.0016080163280377962, 
                    1.7865715992051216e-18, 
                    9.659045552617731e-20
                ], 
                "abc": [
                    0.0003579900009820498, 
                    3.977414640648541e-19, 
                    2.1503772483994386e-20
                ], 
                "properties": {}, 
                "species": [
                    {
                        "occu": 1, 
                        "element": "B"
                    }
                ]
            }, 
            {
                "label": "Rb", 
                "xyz": [
                    2.265833633321372, 
                    2.2458955887407934, 
                    2.2458955887407934
                ], 
                "abc": [
                    0.5044387737080326, 
                    0.4999999999999999, 
                    0.4999999999999999
                ], 
                "properties": {}, 
                "species": [
                    {
                        "occu": 1, 
                        "element": "Rb"
                    }
                ]
            }, 
            {
                "label": "N", 
                "xyz": [
                    2.245741512354632, 
                    0.0, 
                    2.2458955887407934
                ], 
                "abc": [
                    0.49996569823037756, 
                    0.0, 
                    0.4999999999999999
                ], 
                "properties": {}, 
                "species": [
                    {
                        "occu": 1, 
                        "element": "N"
                    }
                ]
            }, 
            {
                "label": "O", 
                "xyz": [
                    2.2476661321461826, 
                    2.2458955887407934, 
                    1.8888490336582813e-20
                ], 
                "abc": [
                    0.5003941731339304, 
                    0.4999999999999999, 
                    4.2051131920992425e-21
                ], 
                "properties": {}, 
                "species": [
                    {
                        "occu": 1, 
                        "element": "O"
                    }
                ]
            }, 
            {
                "label": "O", 
                "xyz": [
                    0.02275605958356933, 
                    2.2458955887407934, 
                    2.2458955887407934
                ], 
                "abc": [
                    0.005066143701793361, 
                    0.4999999999999999, 
                    0.4999999999999999
                ], 
                "properties": {}, 
                "species": [
                    {
                        "occu": 1, 
                        "element": "O"
                    }
                ]
            }
        ], 
        "@class": "Structure", 
        "@module": "pymatgen.core.structure"
    }
}