{
    "A": "B", 
    "gllbsc_ind-gap": 0.0, 
    "B": "Sb", 
    "anion": "O2F", 
    "CB_ind": 6.57427615052181, 
    "anion_idx": 4, 
    "heat_of_formation_all": 1.88, 
    "CB_dir": 6.57427615052181, 
    "filename": "/Users/ajain/Documents/papers_proposals/2012Paper_UNCOptimization/data/rawdata/abo2f/8498b6a4f27bc2aaa1c390651f8c21d068487f33.json", 
    "sum_magnetic_moments": 8.067968647959402e-16, 
    "VB_dir": 6.57427615052181, 
    "VB_ind": 6.57427615052181, 
    "is_direct": true, 
    "gllbsc_dir-gap": 0.0, 
    "FermiLevel": 0.167959548374, 
    "XCFunctional": "RPBE", 
    "FermiWidth": 0.0036749309468, 
    "structure": {
        "lattice": {
            "a": 4.203231339862818, 
            "c": 4.203231339862818, 
            "b": 4.203231339862818, 
            "matrix": [
                [
                    4.203231339862818, 
                    0.0, 
                    0.0
                ], 
                [
                    0.0, 
                    4.203231339862818, 
                    0.0
                ], 
                [
                    0.0, 
                    0.0, 
                    4.203231339862818
                ]
            ], 
            "volume": 74.25913410290262, 
            "beta": 90.0, 
            "alpha": 90.0, 
            "gamma": 90.0
        }, 
        "sites": [
            {
                "label": "B", 
                "xyz": [
                    0.002766414409397993, 
                    0.0, 
                    0.0
                ], 
                "abc": [
                    0.0006581637282634749, 
                    0.0, 
                    0.0
                ], 
                "properties": {}, 
                "species": [
                    {
                        "occu": 1, 
                        "element": "B"
                    }
                ]
            }, 
            {
                "label": "Sb", 
                "xyz": [
                    2.1256186795108243, 
                    2.1016156699314092, 
                    2.1016156699314092
                ], 
                "abc": [
                    0.5057106087289973, 
                    0.5000000000000001, 
                    0.5000000000000001
                ], 
                "properties": {}, 
                "species": [
                    {
                        "occu": 1, 
                        "element": "Sb"
                    }
                ]
            }, 
            {
                "label": "F", 
                "xyz": [
                    2.0999743983803163, 
                    0.0, 
                    2.1016156699314092
                ], 
                "abc": [
                    0.499609521480408, 
                    0.0, 
                    0.5000000000000001
                ], 
                "properties": {}, 
                "species": [
                    {
                        "occu": 1, 
                        "element": "F"
                    }
                ]
            }, 
            {
                "label": "O", 
                "xyz": [
                    2.1033311231380623, 
                    2.1016156699314092, 
                    0.0
                ], 
                "abc": [
                    0.5004081272401983, 
                    0.5000000000000001, 
                    0.0
                ], 
                "properties": {}, 
                "species": [
                    {
                        "occu": 1, 
                        "element": "O"
                    }
                ]
            }, 
            {
                "label": "O", 
                "xyz": [
                    0.015135291951531009, 
                    2.1016156699314092, 
                    2.1016156699314092
                ], 
                "abc": [
                    0.003600870551185266, 
                    0.5000000000000001, 
                    0.5000000000000001
                ], 
                "properties": {}, 
                "species": [
                    {
                        "occu": 1, 
                        "element": "O"
                    }
                ]
            }
        ], 
        "@class": "Structure", 
        "@module": "pymatgen.core.structure"
    }
}