{
    "A": "B", 
    "gllbsc_ind-gap": 0.0, 
    "B": "Y", 
    "anion": "O2S", 
    "CB_ind": 5.454132226191091, 
    "anion_idx": 6, 
    "heat_of_formation_all": 1.86, 
    "CB_dir": 5.454132226191091, 
    "filename": "/Users/ajain/Documents/papers_proposals/2012Paper_UNCOptimization/data/rawdata/abo2s/ae60b7c0836140c47a6bc5c3a7d217872d6e5d88.json", 
    "sum_magnetic_moments": -2.529861031774771e-07, 
    "VB_dir": 5.454132226191091, 
    "VB_ind": 5.454132226191091, 
    "is_direct": true, 
    "gllbsc_dir-gap": 0.0, 
    "FermiLevel": 0.133498562429, 
    "XCFunctional": "RPBE", 
    "FermiWidth": 0.0018374654734, 
    "structure": {
        "lattice": {
            "a": 4.482543209925121, 
            "c": 4.482543209925121, 
            "b": 4.482543209925121, 
            "matrix": [
                [
                    4.482543209925121, 
                    0.0, 
                    0.0
                ], 
                [
                    0.0, 
                    4.482543209925121, 
                    0.0
                ], 
                [
                    0.0, 
                    0.0, 
                    4.482543209925121
                ]
            ], 
            "volume": 90.06860866669345, 
            "beta": 90.0, 
            "alpha": 90.0, 
            "gamma": 90.0
        }, 
        "sites": [
            {
                "label": "B", 
                "xyz": [
                    4.127951905809085, 
                    0.0, 
                    0.0
                ], 
                "abc": [
                    0.9208950616848691, 
                    0.0, 
                    0.0
                ], 
                "properties": {}, 
                "species": [
                    {
                        "occu": 1, 
                        "element": "B"
                    }
                ]
            }, 
            {
                "label": "Y", 
                "xyz": [
                    3.147226860550408, 
                    2.24127160496256, 
                    2.24127160496256
                ], 
                "abc": [
                    0.70210742276436, 
                    0.49999999999999994, 
                    0.49999999999999994
                ], 
                "properties": {}, 
                "species": [
                    {
                        "occu": 1, 
                        "element": "Y"
                    }
                ]
            }, 
            {
                "label": "S", 
                "xyz": [
                    0.1640728697680335, 
                    0.0, 
                    2.24127160496256
                ], 
                "abc": [
                    0.03660262982066698, 
                    0.0, 
                    0.49999999999999994
                ], 
                "properties": {}, 
                "species": [
                    {
                        "occu": 1, 
                        "element": "S"
                    }
                ]
            }, 
            {
                "label": "O", 
                "xyz": [
                    3.2105815559540516, 
                    2.24127160496256, 
                    0.0
                ], 
                "abc": [
                    0.716241072444159, 
                    0.49999999999999994, 
                    0.0
                ], 
                "properties": {}, 
                "species": [
                    {
                        "occu": 1, 
                        "element": "O"
                    }
                ]
            }, 
            {
                "label": "O", 
                "xyz": [
                    0.6296411398742353, 
                    2.24127160496256, 
                    2.24127160496256
                ], 
                "abc": [
                    0.14046515792198092, 
                    0.49999999999999994, 
                    0.49999999999999994
                ], 
                "properties": {}, 
                "species": [
                    {
                        "occu": 1, 
                        "element": "O"
                    }
                ]
            }
        ], 
        "@class": "Structure", 
        "@module": "pymatgen.core.structure"
    }
}