{
    "A": "B", 
    "gllbsc_ind-gap": 0.0, 
    "B": "Zn", 
    "anion": "O2S", 
    "CB_ind": 5.829610356437113, 
    "anion_idx": 6, 
    "heat_of_formation_all": 1.96, 
    "CB_dir": 5.829610356437113, 
    "filename": "/Users/ajain/Documents/papers_proposals/2012Paper_UNCOptimization/data/rawdata/abo2s/c801ba7286ff71030b8d606557b785e22c5f1a72.json", 
    "sum_magnetic_moments": -4.08856001818947e-05, 
    "VB_dir": 5.829610356437113, 
    "VB_ind": 5.829610356437113, 
    "is_direct": true, 
    "gllbsc_dir-gap": 0.0, 
    "FermiLevel": 0.194849246286, 
    "XCFunctional": "RPBE", 
    "FermiWidth": 0.0018374654734, 
    "structure": {
        "lattice": {
            "a": 4.015645646157792, 
            "c": 4.015645646157792, 
            "b": 4.015645646157792, 
            "matrix": [
                [
                    4.015645646157792, 
                    0.0, 
                    0.0
                ], 
                [
                    0.0, 
                    4.015645646157792, 
                    0.0
                ], 
                [
                    0.0, 
                    0.0, 
                    4.015645646157792
                ]
            ], 
            "volume": 64.75393228033732, 
            "beta": 90.0, 
            "alpha": 90.0, 
            "gamma": 90.0
        }, 
        "sites": [
            {
                "label": "B", 
                "xyz": [
                    1.133101499305089, 
                    0.0, 
                    0.0
                ], 
                "abc": [
                    0.282171685240517, 
                    0.0, 
                    0.0
                ], 
                "properties": {}, 
                "species": [
                    {
                        "occu": 1, 
                        "element": "B"
                    }
                ]
            }, 
            {
                "label": "Zn", 
                "xyz": [
                    2.3032780452511776, 
                    2.0078228230788957, 
                    2.0078228230788957
                ], 
                "abc": [
                    0.5735760194515609, 
                    0.4999999999999999, 
                    0.4999999999999999
                ], 
                "properties": {}, 
                "species": [
                    {
                        "occu": 1, 
                        "element": "Zn"
                    }
                ]
            }, 
            {
                "label": "S", 
                "xyz": [
                    0.6495335359942106, 
                    0.0, 
                    2.0078228230788957
                ], 
                "abc": [
                    0.161750710403367, 
                    0.0, 
                    0.4999999999999999
                ], 
                "properties": {}, 
                "species": [
                    {
                        "occu": 1, 
                        "element": "S"
                    }
                ]
            }, 
            {
                "label": "O", 
                "xyz": [
                    1.9520725550226699, 
                    2.0078228230788957, 
                    0.0
                ], 
                "abc": [
                    0.48611673614439344, 
                    0.4999999999999999, 
                    0.0
                ], 
                "properties": {}, 
                "species": [
                    {
                        "occu": 1, 
                        "element": "O"
                    }
                ]
            }, 
            {
                "label": "O", 
                "xyz": [
                    0.1974924891971068, 
                    2.0078228230788957, 
                    2.0078228230788957
                ], 
                "abc": [
                    0.049180756122261304, 
                    0.4999999999999999, 
                    0.4999999999999999
                ], 
                "properties": {}, 
                "species": [
                    {
                        "occu": 1, 
                        "element": "O"
                    }
                ]
            }
        ], 
        "@class": "Structure", 
        "@module": "pymatgen.core.structure"
    }
}