{
    "A": "Ca", 
    "gllbsc_ind-gap": 0.0, 
    "B": "Cd", 
    "anion": "OFN", 
    "CB_ind": 5.60946321906776, 
    "anion_idx": 5, 
    "heat_of_formation_all": 1.34, 
    "CB_dir": 5.60946321906776, 
    "filename": "/Users/ajain/Documents/papers_proposals/2012Paper_UNCOptimization/data/rawdata/abofn/7358bddc9d1ec233c268e82bc4460de511574dc1.json", 
    "sum_magnetic_moments": 1.2020114534061044, 
    "VB_dir": 5.60946321906776, 
    "VB_ind": 5.60946321906776, 
    "is_direct": true, 
    "gllbsc_dir-gap": 0.0, 
    "FermiLevel": 0.145026203467, 
    "XCFunctional": "RPBE", 
    "FermiWidth": 0.0036749309468, 
    "structure": {
        "lattice": {
            "a": 4.3636730878949646, 
            "c": 4.3636730878949646, 
            "b": 4.3636730878949646, 
            "matrix": [
                [
                    4.3636730878949646, 
                    0.0, 
                    0.0
                ], 
                [
                    0.0, 
                    4.3636730878949646, 
                    0.0
                ], 
                [
                    0.0, 
                    0.0, 
                    4.3636730878949646
                ]
            ], 
            "volume": 83.09150431429697, 
            "beta": 90.0, 
            "alpha": 90.0, 
            "gamma": 90.0
        }, 
        "sites": [
            {
                "label": "Ca", 
                "xyz": [
                    0.6725592499656998, 
                    0.0, 
                    0.0
                ], 
                "abc": [
                    0.15412686432249267, 
                    0.0, 
                    0.0
                ], 
                "properties": {}, 
                "species": [
                    {
                        "occu": 1, 
                        "element": "Ca"
                    }
                ]
            }, 
            {
                "label": "Cd", 
                "xyz": [
                    2.3657436821298905, 
                    2.1818365439474823, 
                    2.1818365439474823
                ], 
                "abc": [
                    0.5421450311419009, 
                    0.5, 
                    0.5
                ], 
                "properties": {}, 
                "species": [
                    {
                        "occu": 1, 
                        "element": "Cd"
                    }
                ]
            }, 
            {
                "label": "F", 
                "xyz": [
                    1.7247919734544153, 
                    0.0, 
                    2.1818365439474823
                ], 
                "abc": [
                    0.39526150073869415, 
                    0.0, 
                    0.5
                ], 
                "properties": {}, 
                "species": [
                    {
                        "occu": 1, 
                        "element": "F"
                    }
                ]
            }, 
            {
                "label": "N", 
                "xyz": [
                    2.0787974115562258, 
                    2.1818365439474823, 
                    0.0
                ], 
                "abc": [
                    0.4763870642195695, 
                    0.5, 
                    0.0
                ], 
                "properties": {}, 
                "species": [
                    {
                        "occu": 1, 
                        "element": "N"
                    }
                ]
            }, 
            {
                "label": "O", 
                "xyz": [
                    0.1131349857141381, 
                    2.1818365439474823, 
                    2.1818365439474823
                ], 
                "abc": [
                    0.025926549362274617, 
                    0.5, 
                    0.5
                ], 
                "properties": {}, 
                "species": [
                    {
                        "occu": 1, 
                        "element": "O"
                    }
                ]
            }
        ], 
        "@class": "Structure", 
        "@module": "pymatgen.core.structure"
    }
}