{
    "A": "Ca", 
    "gllbsc_ind-gap": 0.0, 
    "B": "Cu", 
    "anion": "N3", 
    "CB_ind": 5.195900016813169, 
    "anion_idx": 3, 
    "heat_of_formation_all": 2.02, 
    "CB_dir": 5.195900016813169, 
    "filename": "/Users/ajain/Documents/papers_proposals/2012Paper_UNCOptimization/data/rawdata/abn3/6697f5a8be1841179b1c788b9fa79a204c65b07f.json", 
    "sum_magnetic_moments": 3.114023467173119, 
    "VB_dir": 5.195900016813169, 
    "VB_ind": 5.195900016813169, 
    "is_direct": true, 
    "gllbsc_dir-gap": 0.0, 
    "FermiLevel": 0.238860270374, 
    "XCFunctional": "RPBE", 
    "FermiWidth": 0.0018374654734, 
    "structure": {
        "lattice": {
            "a": 3.8962521691009377, 
            "c": 3.8962521691009377, 
            "b": 3.8962521691009377, 
            "matrix": [
                [
                    3.8962521691009377, 
                    0.0, 
                    0.0
                ], 
                [
                    0.0, 
                    3.8962521691009377, 
                    0.0
                ], 
                [
                    0.0, 
                    0.0, 
                    3.8962521691009377
                ]
            ], 
            "volume": 59.14815076439931, 
            "beta": 90.0, 
            "alpha": 90.0, 
            "gamma": 90.0
        }, 
        "sites": [
            {
                "label": "Ca", 
                "xyz": [
                    0.02746843955963769, 
                    0.0, 
                    0.0
                ], 
                "abc": [
                    0.00704996452166905, 
                    0.0, 
                    0.0
                ], 
                "properties": {}, 
                "species": [
                    {
                        "occu": 1, 
                        "element": "Ca"
                    }
                ]
            }, 
            {
                "label": "Cu", 
                "xyz": [
                    1.9480458407869812, 
                    1.9481260845504682, 
                    1.9481260845504682
                ], 
                "abc": [
                    0.4999794048844877, 
                    0.49999999999999983, 
                    0.49999999999999983
                ], 
                "properties": {}, 
                "species": [
                    {
                        "occu": 1, 
                        "element": "Cu"
                    }
                ]
            }, 
            {
                "label": "N", 
                "xyz": [
                    1.9482240590583475, 
                    6.607462617963684e-19, 
                    1.9481260845504682
                ], 
                "abc": [
                    0.5000251458333872, 
                    1.6958508667287722e-19, 
                    0.49999999999999983
                ], 
                "properties": {}, 
                "species": [
                    {
                        "occu": 1, 
                        "element": "N"
                    }
                ]
            }, 
            {
                "label": "N", 
                "xyz": [
                    1.9482240590583475, 
                    1.9481260845504682, 
                    1.7943542775254116e-19
                ], 
                "abc": [
                    0.5000251458333872, 
                    0.49999999999999983, 
                    4.605334048333581e-20
                ], 
                "properties": {}, 
                "species": [
                    {
                        "occu": 1, 
                        "element": "N"
                    }
                ]
            }, 
            {
                "label": "N", 
                "xyz": [
                    3.896144439717147, 
                    1.9481260845504682, 
                    1.9481260845504682
                ], 
                "abc": [
                    0.9999723505104098, 
                    0.49999999999999983, 
                    0.49999999999999983
                ], 
                "properties": {}, 
                "species": [
                    {
                        "occu": 1, 
                        "element": "N"
                    }
                ]
            }
        ], 
        "@class": "Structure", 
        "@module": "pymatgen.core.structure"
    }
}