{
    "A": "Ca", 
    "gllbsc_ind-gap": 0.0, 
    "B": "Hg", 
    "anion": "O3", 
    "CB_ind": 5.471364175323169, 
    "anion_idx": 0, 
    "heat_of_formation_all": 1.32, 
    "CB_dir": 5.471364175323169, 
    "filename": "/Users/ajain/Documents/papers_proposals/2012Paper_UNCOptimization/data/rawdata/abo3/67bbf892fb7cc93bd2a8edf15a41b3c86a31835d.json", 
    "sum_magnetic_moments": 3.1710058863154734e-06, 
    "VB_dir": 5.471364175323169, 
    "VB_ind": 5.471364175323169, 
    "is_direct": true, 
    "gllbsc_dir-gap": 0.0, 
    "FermiLevel": 0.191906843619, 
    "XCFunctional": "RPBE", 
    "FermiWidth": 0.0018374654734, 
    "structure": {
        "lattice": {
            "a": 4.180231201766293, 
            "c": 4.180231201766293, 
            "b": 4.180231201766293, 
            "matrix": [
                [
                    4.180231201766293, 
                    0.0, 
                    0.0
                ], 
                [
                    0.0, 
                    4.180231201766293, 
                    0.0
                ], 
                [
                    0.0, 
                    0.0, 
                    4.180231201766293
                ]
            ], 
            "volume": 73.04675161955285, 
            "beta": 90.0, 
            "alpha": 90.0, 
            "gamma": 90.0
        }, 
        "sites": [
            {
                "label": "Ca", 
                "xyz": [
                    0.010647756392080317, 
                    9.14864001696048e-21, 
                    0.0
                ], 
                "abc": [
                    0.0025471692540788822, 
                    2.1885488087584397e-21, 
                    0.0
                ], 
                "properties": {}, 
                "species": [
                    {
                        "occu": 1, 
                        "element": "Ca"
                    }
                ]
            }, 
            {
                "label": "Hg", 
                "xyz": [
                    2.10343910918267, 
                    2.0901156008831463, 
                    2.0901156008831463
                ], 
                "abc": [
                    0.5031872658846941, 
                    0.5, 
                    0.5
                ], 
                "properties": {}, 
                "species": [
                    {
                        "occu": 1, 
                        "element": "Hg"
                    }
                ]
            }, 
            {
                "label": "O", 
                "xyz": [
                    2.093886549893641, 
                    9.998658641195769e-21, 
                    2.0901156008831463
                ], 
                "abc": [
                    0.50090209101566, 
                    2.3918912994503724e-21, 
                    0.5
                ], 
                "properties": {}, 
                "species": [
                    {
                        "occu": 1, 
                        "element": "O"
                    }
                ]
            }, 
            {
                "label": "O", 
                "xyz": [
                    2.093886549893641, 
                    2.0901156008831463, 
                    0.0
                ], 
                "abc": [
                    0.50090209101566, 
                    0.5, 
                    0.0
                ], 
                "properties": {}, 
                "species": [
                    {
                        "occu": 1, 
                        "element": "O"
                    }
                ]
            }, 
            {
                "label": "O", 
                "xyz": [
                    0.01032075661767607, 
                    2.0901156008831463, 
                    2.0901156008831463
                ], 
                "abc": [
                    0.0024689439697295197, 
                    0.5, 
                    0.5
                ], 
                "properties": {}, 
                "species": [
                    {
                        "occu": 1, 
                        "element": "O"
                    }
                ]
            }
        ], 
        "@class": "Structure", 
        "@module": "pymatgen.core.structure"
    }
}