{
    "A": "Ca", 
    "gllbsc_ind-gap": 3.1, 
    "B": "La", 
    "anion": "O2F", 
    "CB_ind": 3.682317160086998, 
    "anion_idx": 4, 
    "heat_of_formation_all": 0.68, 
    "CB_dir": 3.682317160086998, 
    "filename": "/Users/ajain/Documents/papers_proposals/2012Paper_UNCOptimization/data/rawdata/abo2f/1d66363ba228a922d640b9ee5fe8c2f50fea0ec1.json", 
    "sum_magnetic_moments": -7.429257133447257e-16, 
    "VB_dir": 6.782317160086998, 
    "VB_ind": 6.782317160086998, 
    "is_direct": true, 
    "gllbsc_dir-gap": 3.1, 
    "FermiLevel": 0.220583746349, 
    "XCFunctional": "RPBE", 
    "FermiWidth": 0.0036749309468, 
    "structure": {
        "lattice": {
            "a": 4.689817628526966, 
            "c": 4.689817628526966, 
            "b": 4.689817628526966, 
            "matrix": [
                [
                    4.689817628526966, 
                    0.0, 
                    0.0
                ], 
                [
                    0.0, 
                    4.689817628526966, 
                    0.0
                ], 
                [
                    0.0, 
                    0.0, 
                    4.689817628526966
                ]
            ], 
            "volume": 103.14967508447904, 
            "beta": 90.0, 
            "alpha": 90.0, 
            "gamma": 90.0
        }, 
        "sites": [
            {
                "label": "Ca", 
                "xyz": [
                    0.0043298242114411896, 
                    0.0, 
                    0.0
                ], 
                "abc": [
                    0.0009232393569216789, 
                    0.0, 
                    0.0
                ], 
                "properties": {}, 
                "species": [
                    {
                        "occu": 1, 
                        "element": "Ca"
                    }
                ]
            }, 
            {
                "label": "La", 
                "xyz": [
                    2.370078531365711, 
                    2.344908814263483, 
                    2.344908814263483
                ], 
                "abc": [
                    0.505366886112826, 
                    0.5, 
                    0.5
                ], 
                "properties": {}, 
                "species": [
                    {
                        "occu": 1, 
                        "element": "La"
                    }
                ]
            }, 
            {
                "label": "F", 
                "xyz": [
                    2.343882336992277, 
                    0.0, 
                    2.344908814263483
                ], 
                "abc": [
                    0.49978112639925226, 
                    0.0, 
                    0.5
                ], 
                "properties": {}, 
                "species": [
                    {
                        "occu": 1, 
                        "element": "F"
                    }
                ]
            }, 
            {
                "label": "O", 
                "xyz": [
                    2.344186671015421, 
                    2.344908814263483, 
                    0.0
                ], 
                "abc": [
                    0.4998460189062216, 
                    0.5, 
                    0.0
                ], 
                "properties": {}, 
                "species": [
                    {
                        "occu": 1, 
                        "element": "O"
                    }
                ]
            }, 
            {
                "label": "O", 
                "xyz": [
                    0.02224327695625464, 
                    2.344908814263483, 
                    2.344908814263483
                ], 
                "abc": [
                    0.004742887403756268, 
                    0.5, 
                    0.5
                ], 
                "properties": {}, 
                "species": [
                    {
                        "occu": 1, 
                        "element": "O"
                    }
                ]
            }
        ], 
        "@class": "Structure", 
        "@module": "pymatgen.core.structure"
    }
}