{
    "A": "Ca", 
    "gllbsc_ind-gap": 0.0, 
    "B": "La", 
    "anion": "O2N", 
    "CB_ind": 4.8697963227892505, 
    "anion_idx": 1, 
    "heat_of_formation_all": 1.26, 
    "CB_dir": 4.8697963227892505, 
    "filename": "/Users/ajain/Documents/papers_proposals/2012Paper_UNCOptimization/data/rawdata/abo2n/4fc3d73c2828b1c83f8f01f70a4c06dc070a56c4.json", 
    "sum_magnetic_moments": -0.436142806003527, 
    "VB_dir": 4.8697963227892505, 
    "VB_ind": 4.8697963227892505, 
    "is_direct": true, 
    "gllbsc_dir-gap": 0.0, 
    "FermiLevel": 0.19135876824, 
    "XCFunctional": "RPBE", 
    "FermiWidth": 0.0018374654734, 
    "structure": {
        "lattice": {
            "a": 4.579611485478282, 
            "c": 4.579611485478282, 
            "b": 4.579611485478282, 
            "matrix": [
                [
                    4.579611485478282, 
                    0.0, 
                    0.0
                ], 
                [
                    0.0, 
                    4.579611485478282, 
                    0.0
                ], 
                [
                    0.0, 
                    0.0, 
                    4.579611485478282
                ]
            ], 
            "volume": 96.04746516586543, 
            "beta": 90.0, 
            "alpha": 90.0, 
            "gamma": 90.0
        }, 
        "sites": [
            {
                "label": "Ca", 
                "xyz": [
                    0.0042057779095147005, 
                    0.0, 
                    0.0
                ], 
                "abc": [
                    0.00091837002393129, 
                    0.0, 
                    0.0
                ], 
                "properties": {}, 
                "species": [
                    {
                        "occu": 1, 
                        "element": "Ca"
                    }
                ]
            }, 
            {
                "label": "La", 
                "xyz": [
                    2.30922863696309, 
                    2.2898057427391407, 
                    2.2898057427391407
                ], 
                "abc": [
                    0.5042411663708892, 
                    0.4999999999999999, 
                    0.4999999999999999
                ], 
                "properties": {}, 
                "species": [
                    {
                        "occu": 1, 
                        "element": "La"
                    }
                ]
            }, 
            {
                "label": "N", 
                "xyz": [
                    2.2941969956872366, 
                    3.8542264427381933e-19, 
                    2.2898057427391407
                ], 
                "abc": [
                    0.5009588701928144, 
                    8.4160554993797e-20, 
                    0.4999999999999999
                ], 
                "properties": {}, 
                "species": [
                    {
                        "occu": 1, 
                        "element": "N"
                    }
                ]
            }, 
            {
                "label": "O", 
                "xyz": [
                    2.29035128578956, 
                    2.2898057427391407, 
                    5.671295585193566e-20
                ], 
                "abc": [
                    0.5001191243082843, 
                    0.4999999999999999, 
                    1.2383791950860807e-20
                ], 
                "properties": {}, 
                "species": [
                    {
                        "occu": 1, 
                        "element": "O"
                    }
                ]
            }, 
            {
                "label": "O", 
                "xyz": [
                    0.020212106132988603, 
                    2.2898057427391407, 
                    2.2898057427391407
                ], 
                "abc": [
                    0.004413498000229971, 
                    0.4999999999999999, 
                    0.4999999999999999
                ], 
                "properties": {}, 
                "species": [
                    {
                        "occu": 1, 
                        "element": "O"
                    }
                ]
            }
        ], 
        "@class": "Structure", 
        "@module": "pymatgen.core.structure"
    }
}