{
    "A": "Ca", 
    "gllbsc_ind-gap": 0.0, 
    "B": "Mg", 
    "anion": "ON2", 
    "CB_ind": 5.049676415268515, 
    "anion_idx": 2, 
    "heat_of_formation_all": 1.98, 
    "CB_dir": 5.049676415268515, 
    "filename": "/Users/ajain/Documents/papers_proposals/2012Paper_UNCOptimization/data/rawdata/abon2/9a0066e317929a3fa0a9fe5b86cc2f6aed5fa6b5.json", 
    "sum_magnetic_moments": 0.0009185839784144954, 
    "VB_dir": 5.049676415268515, 
    "VB_ind": 5.049676415268515, 
    "is_direct": true, 
    "gllbsc_dir-gap": 0.0, 
    "FermiLevel": 0.175933629151, 
    "XCFunctional": "RPBE", 
    "FermiWidth": 0.0018374654734, 
    "structure": {
        "lattice": {
            "a": 4.002514756697915, 
            "c": 4.002514756697915, 
            "b": 4.002514756697915, 
            "matrix": [
                [
                    4.002514756697915, 
                    0.0, 
                    0.0
                ], 
                [
                    0.0, 
                    4.002514756697915, 
                    0.0
                ], 
                [
                    0.0, 
                    0.0, 
                    4.002514756697915
                ]
            ], 
            "volume": 64.12078422541822, 
            "beta": 90.0, 
            "alpha": 90.0, 
            "gamma": 90.0
        }, 
        "sites": [
            {
                "label": "Ca", 
                "xyz": [
                    0.0030075346241299605, 
                    2.8907165617356854e-19, 
                    1.006863386953197e-19
                ], 
                "abc": [
                    0.0007514112519128311, 
                    7.222250853412303e-20, 
                    2.515576951386088e-20
                ], 
                "properties": {}, 
                "species": [
                    {
                        "occu": 1, 
                        "element": "Ca"
                    }
                ]
            }, 
            {
                "label": "Mg", 
                "xyz": [
                    2.021381101520809, 
                    2.0012573783489573, 
                    2.0012573783489573
                ], 
                "abc": [
                    0.5050277698884622, 
                    0.5, 
                    0.5
                ], 
                "properties": {}, 
                "species": [
                    {
                        "occu": 1, 
                        "element": "Mg"
                    }
                ]
            }, 
            {
                "label": "N", 
                "xyz": [
                    2.0006389433554133, 
                    3.719160063199302e-20, 
                    2.0012573783489573
                ], 
                "abc": [
                    0.49984548839138965, 
                    9.292058341510325e-21, 
                    0.5
                ], 
                "properties": {}, 
                "species": [
                    {
                        "occu": 1, 
                        "element": "N"
                    }
                ]
            }, 
            {
                "label": "N", 
                "xyz": [
                    2.0006389433554133, 
                    2.0012573783489573, 
                    0.0
                ], 
                "abc": [
                    0.49984548839138965, 
                    0.5, 
                    0.0
                ], 
                "properties": {}, 
                "species": [
                    {
                        "occu": 1, 
                        "element": "N"
                    }
                ]
            }, 
            {
                "label": "O", 
                "xyz": [
                    0.017850250606225034, 
                    2.0012573783489573, 
                    2.0012573783489573
                ], 
                "abc": [
                    0.004459758849446826, 
                    0.5, 
                    0.5
                ], 
                "properties": {}, 
                "species": [
                    {
                        "occu": 1, 
                        "element": "O"
                    }
                ]
            }
        ], 
        "@class": "Structure", 
        "@module": "pymatgen.core.structure"
    }
}