{
    "A": "Ca", 
    "gllbsc_ind-gap": 0.0, 
    "B": "Re", 
    "anion": "N3", 
    "CB_ind": 5.081992937884076, 
    "anion_idx": 3, 
    "heat_of_formation_all": 0.62, 
    "CB_dir": 5.081992937884076, 
    "filename": "/Users/ajain/Documents/papers_proposals/2012Paper_UNCOptimization/data/rawdata/abn3/5b3186d679c57679e089ed8f16f14714300c7b2f.json", 
    "sum_magnetic_moments": -1.4367650443602994e-05, 
    "VB_dir": 5.081992937884076, 
    "VB_ind": 5.081992937884076, 
    "is_direct": true, 
    "gllbsc_dir-gap": 0.0, 
    "FermiLevel": 0.336140951063, 
    "XCFunctional": "RPBE", 
    "FermiWidth": 0.0018374654734, 
    "structure": {
        "lattice": {
            "a": 3.916611610663517, 
            "c": 3.916611610663517, 
            "b": 3.916611610663517, 
            "matrix": [
                [
                    3.916611610663517, 
                    0.0, 
                    0.0
                ], 
                [
                    0.0, 
                    3.916611610663517, 
                    0.0
                ], 
                [
                    0.0, 
                    0.0, 
                    3.916611610663517
                ]
            ], 
            "volume": 60.08022094210069, 
            "beta": 90.0, 
            "alpha": 90.0, 
            "gamma": 90.0
        }, 
        "sites": [
            {
                "label": "Ca", 
                "xyz": [
                    0.0, 
                    0.0, 
                    0.0
                ], 
                "abc": [
                    0.0, 
                    0.0, 
                    0.0
                ], 
                "properties": {}, 
                "species": [
                    {
                        "occu": 1, 
                        "element": "Ca"
                    }
                ]
            }, 
            {
                "label": "Re", 
                "xyz": [
                    1.9583058053317586, 
                    1.9583058053317586, 
                    1.9583058053317586
                ], 
                "abc": [
                    0.5, 
                    0.5, 
                    0.5
                ], 
                "properties": {}, 
                "species": [
                    {
                        "occu": 1, 
                        "element": "Re"
                    }
                ]
            }, 
            {
                "label": "N", 
                "xyz": [
                    1.9583058053317586, 
                    0.0, 
                    1.9583058053317586
                ], 
                "abc": [
                    0.5, 
                    0.0, 
                    0.5
                ], 
                "properties": {}, 
                "species": [
                    {
                        "occu": 1, 
                        "element": "N"
                    }
                ]
            }, 
            {
                "label": "N", 
                "xyz": [
                    1.9583058053317586, 
                    1.9583058053317586, 
                    0.0
                ], 
                "abc": [
                    0.5, 
                    0.5, 
                    0.0
                ], 
                "properties": {}, 
                "species": [
                    {
                        "occu": 1, 
                        "element": "N"
                    }
                ]
            }, 
            {
                "label": "N", 
                "xyz": [
                    0.0, 
                    1.9583058053317586, 
                    1.9583058053317586
                ], 
                "abc": [
                    0.0, 
                    0.5, 
                    0.5
                ], 
                "properties": {}, 
                "species": [
                    {
                        "occu": 1, 
                        "element": "N"
                    }
                ]
            }
        ], 
        "@class": "Structure", 
        "@module": "pymatgen.core.structure"
    }
}