{
    "A": "Ca", 
    "gllbsc_ind-gap": 0.0, 
    "B": "Si", 
    "anion": "N3", 
    "CB_ind": 5.259283394328045, 
    "anion_idx": 3, 
    "heat_of_formation_all": 1.26, 
    "CB_dir": 5.259283394328045, 
    "filename": "/Users/ajain/Documents/papers_proposals/2012Paper_UNCOptimization/data/rawdata/abn3/b11badf915bc767ecc0fda644925c1027c0d50dc.json", 
    "sum_magnetic_moments": -0.0001374569873419345, 
    "VB_dir": 5.259283394328045, 
    "VB_ind": 5.259283394328045, 
    "is_direct": true, 
    "gllbsc_dir-gap": 0.0, 
    "FermiLevel": 0.310189586524, 
    "XCFunctional": "RPBE", 
    "FermiWidth": 0.0018374654734, 
    "structure": {
        "lattice": {
            "a": 3.7295160110882892, 
            "c": 3.7295160110882892, 
            "b": 3.7295160110882892, 
            "matrix": [
                [
                    3.7295160110882892, 
                    0.0, 
                    0.0
                ], 
                [
                    0.0, 
                    3.7295160110882892, 
                    0.0
                ], 
                [
                    0.0, 
                    0.0, 
                    3.7295160110882892
                ]
            ], 
            "volume": 51.87491855310194, 
            "beta": 90.0, 
            "alpha": 90.0, 
            "gamma": 90.0
        }, 
        "sites": [
            {
                "label": "Ca", 
                "xyz": [
                    0.0294688496090522, 
                    1.494591103089382e-18, 
                    0.0
                ], 
                "abc": [
                    0.007901521141466573, 
                    4.007466648878265e-19, 
                    0.0
                ], 
                "properties": {}, 
                "species": [
                    {
                        "occu": 1, 
                        "element": "Ca"
                    }
                ]
            }, 
            {
                "label": "Si", 
                "xyz": [
                    1.89054255330406, 
                    1.8647580055441444, 
                    1.8647580055441444
                ], 
                "abc": [
                    0.5069136444737748, 
                    0.49999999999999994, 
                    0.49999999999999994
                ], 
                "properties": {}, 
                "species": [
                    {
                        "occu": 1, 
                        "element": "Si"
                    }
                ]
            }, 
            {
                "label": "N", 
                "xyz": [
                    1.8915337443569897, 
                    7.873483236579678e-20, 
                    1.8647580055441444
                ], 
                "abc": [
                    0.507179413825611, 
                    2.111127345524429e-20, 
                    0.49999999999999994
                ], 
                "properties": {}, 
                "species": [
                    {
                        "occu": 1, 
                        "element": "N"
                    }
                ]
            }, 
            {
                "label": "N", 
                "xyz": [
                    1.8915337443569897, 
                    1.8647580055441444, 
                    3.322983963993857e-20
                ], 
                "abc": [
                    0.507179413825611, 
                    0.49999999999999994, 
                    8.909960311510221e-21
                ], 
                "properties": {}, 
                "species": [
                    {
                        "occu": 1, 
                        "element": "N"
                    }
                ]
            }, 
            {
                "label": "N", 
                "xyz": [
                    0.024544005747587708, 
                    1.8647580055441444, 
                    1.8647580055441444
                ], 
                "abc": [
                    0.006581016323462748, 
                    0.49999999999999994, 
                    0.49999999999999994
                ], 
                "properties": {}, 
                "species": [
                    {
                        "occu": 1, 
                        "element": "N"
                    }
                ]
            }
        ], 
        "@class": "Structure", 
        "@module": "pymatgen.core.structure"
    }
}