{
    "A": "Ca", 
    "gllbsc_ind-gap": 0.0, 
    "B": "Sr", 
    "anion": "N3", 
    "CB_ind": 4.4219230608623565, 
    "anion_idx": 3, 
    "heat_of_formation_all": 2.68, 
    "CB_dir": 4.4219230608623565, 
    "filename": "/Users/ajain/Documents/papers_proposals/2012Paper_UNCOptimization/data/rawdata/abn3/db440b50550ea4b42daeea42e7540082ad5e89f0.json", 
    "sum_magnetic_moments": 0.8701321795242443, 
    "VB_dir": 4.4219230608623565, 
    "VB_ind": 4.4219230608623565, 
    "is_direct": true, 
    "gllbsc_dir-gap": 0.0, 
    "FermiLevel": 0.174641129567, 
    "XCFunctional": "RPBE", 
    "FermiWidth": 0.0018374654734, 
    "structure": {
        "lattice": {
            "a": 4.5215836252168575, 
            "c": 4.5215836252168575, 
            "b": 4.5215836252168575, 
            "matrix": [
                [
                    4.5215836252168575, 
                    0.0, 
                    0.0
                ], 
                [
                    0.0, 
                    4.5215836252168575, 
                    0.0
                ], 
                [
                    0.0, 
                    0.0, 
                    4.5215836252168575
                ]
            ], 
            "volume": 92.44250430056428, 
            "beta": 90.0, 
            "alpha": 90.0, 
            "gamma": 90.0
        }, 
        "sites": [
            {
                "label": "Ca", 
                "xyz": [
                    0.7968742493251587, 
                    5.517311090774412e-16, 
                    4.521583625216857
                ], 
                "abc": [
                    0.17623786606112812, 
                    1.2202165321026875e-16, 
                    0.9999999999999999
                ], 
                "properties": {}, 
                "species": [
                    {
                        "occu": 1, 
                        "element": "Ca"
                    }
                ]
            }, 
            {
                "label": "Sr", 
                "xyz": [
                    3.2079309599076296, 
                    2.2607918126084288, 
                    2.2607918126084288
                ], 
                "abc": [
                    0.7094706690852756, 
                    0.5, 
                    0.5
                ], 
                "properties": {}, 
                "species": [
                    {
                        "occu": 1, 
                        "element": "Sr"
                    }
                ]
            }, 
            {
                "label": "N", 
                "xyz": [
                    1.3777047119498862, 
                    6.604930488703175e-17, 
                    2.2607918126084288
                ], 
                "abc": [
                    0.30469517455486866, 
                    1.4607560173978645e-17, 
                    0.5
                ], 
                "properties": {}, 
                "species": [
                    {
                        "occu": 1, 
                        "element": "N"
                    }
                ]
            }, 
            {
                "label": "N", 
                "xyz": [
                    1.3777047119498862, 
                    2.2607918126084288, 
                    0.0
                ], 
                "abc": [
                    0.30469517455486866, 
                    0.5, 
                    0.0
                ], 
                "properties": {}, 
                "species": [
                    {
                        "occu": 1, 
                        "element": "N"
                    }
                ]
            }, 
            {
                "label": "N", 
                "xyz": [
                    0.9826677767226707, 
                    2.2607918126084288, 
                    2.2607918126084288
                ], 
                "abc": [
                    0.21732823235698565, 
                    0.5, 
                    0.5
                ], 
                "properties": {}, 
                "species": [
                    {
                        "occu": 1, 
                        "element": "N"
                    }
                ]
            }
        ], 
        "@class": "Structure", 
        "@module": "pymatgen.core.structure"
    }
}