{
    "A": "Ca", 
    "gllbsc_ind-gap": 0.0, 
    "B": "Sr", 
    "anion": "O2F", 
    "CB_ind": 4.818353640891183, 
    "anion_idx": 4, 
    "heat_of_formation_all": 0.98, 
    "CB_dir": 4.818353640891183, 
    "filename": "/Users/ajain/Documents/papers_proposals/2012Paper_UNCOptimization/data/rawdata/abo2f/b267b4c3ecd95d3b33e49764d4f10ebc7e48647c.json", 
    "sum_magnetic_moments": -0.7836377068533813, 
    "VB_dir": 4.818353640891183, 
    "VB_ind": 4.818353640891183, 
    "is_direct": true, 
    "gllbsc_dir-gap": 0.0, 
    "FermiLevel": 0.106110697042, 
    "XCFunctional": "RPBE", 
    "FermiWidth": 0.0036749309468, 
    "structure": {
        "lattice": {
            "a": 4.634494120873937, 
            "c": 4.634494120873937, 
            "b": 4.634494120873937, 
            "matrix": [
                [
                    4.634494120873937, 
                    0.0, 
                    0.0
                ], 
                [
                    0.0, 
                    4.634494120873937, 
                    0.0
                ], 
                [
                    0.0, 
                    0.0, 
                    4.634494120873937
                ]
            ], 
            "volume": 99.54214768808635, 
            "beta": 90.0, 
            "alpha": 90.0, 
            "gamma": 90.0
        }, 
        "sites": [
            {
                "label": "Ca", 
                "xyz": [
                    0.0022839718068834295, 
                    0.0, 
                    0.0
                ], 
                "abc": [
                    0.0004928200893807016, 
                    0.0, 
                    0.0
                ], 
                "properties": {}, 
                "species": [
                    {
                        "occu": 1, 
                        "element": "Ca"
                    }
                ]
            }, 
            {
                "label": "Sr", 
                "xyz": [
                    2.3355449454790653, 
                    2.3172470604369684, 
                    2.3172470604369684
                ], 
                "abc": [
                    0.5039481946820652, 
                    0.5, 
                    0.5
                ], 
                "properties": {}, 
                "species": [
                    {
                        "occu": 1, 
                        "element": "Sr"
                    }
                ]
            }, 
            {
                "label": "F", 
                "xyz": [
                    2.316594115988626, 
                    0.0, 
                    2.3172470604369684
                ], 
                "abc": [
                    0.4998591120343855, 
                    0.0, 
                    0.5
                ], 
                "properties": {}, 
                "species": [
                    {
                        "occu": 1, 
                        "element": "F"
                    }
                ]
            }, 
            {
                "label": "O", 
                "xyz": [
                    2.317519121798667, 
                    2.3172470604369684, 
                    0.0
                ], 
                "abc": [
                    0.5000587035725158, 
                    0.5, 
                    0.0
                ], 
                "properties": {}, 
                "species": [
                    {
                        "occu": 1, 
                        "element": "O"
                    }
                ]
            }, 
            {
                "label": "O", 
                "xyz": [
                    0.021193822513579035, 
                    2.3172470604369684, 
                    2.3172470604369684
                ], 
                "abc": [
                    0.004573060610460429, 
                    0.5, 
                    0.5
                ], 
                "properties": {}, 
                "species": [
                    {
                        "occu": 1, 
                        "element": "O"
                    }
                ]
            }
        ], 
        "@class": "Structure", 
        "@module": "pymatgen.core.structure"
    }
}