{
    "A": "Ca", 
    "gllbsc_ind-gap": 0.0, 
    "B": "Tl", 
    "anion": "O2S", 
    "CB_ind": 5.319552170070063, 
    "anion_idx": 6, 
    "heat_of_formation_all": 1.38, 
    "CB_dir": 5.319552170070063, 
    "filename": "/Users/ajain/Documents/papers_proposals/2012Paper_UNCOptimization/data/rawdata/abo2s/7f592d2f50720d859e2613797572cdbd409719e9.json", 
    "sum_magnetic_moments": 0.6081393482319619, 
    "VB_dir": 5.319552170070063, 
    "VB_ind": 5.319552170070063, 
    "is_direct": true, 
    "gllbsc_dir-gap": 0.0, 
    "FermiLevel": 0.147279166986, 
    "XCFunctional": "RPBE", 
    "FermiWidth": 0.0018374654734, 
    "structure": {
        "lattice": {
            "a": 4.662331153812517, 
            "c": 4.662331153812517, 
            "b": 4.662331153812517, 
            "matrix": [
                [
                    4.662331153812517, 
                    0.0, 
                    0.0
                ], 
                [
                    0.0, 
                    4.662331153812517, 
                    0.0
                ], 
                [
                    0.0, 
                    0.0, 
                    4.662331153812517
                ]
            ], 
            "volume": 101.34663919506926, 
            "beta": 90.0, 
            "alpha": 90.0, 
            "gamma": 90.0
        }, 
        "sites": [
            {
                "label": "Ca", 
                "xyz": [
                    0.0038798710267045743, 
                    0.0, 
                    0.0
                ], 
                "abc": [
                    0.0008321740560045582, 
                    0.0, 
                    0.0
                ], 
                "properties": {}, 
                "species": [
                    {
                        "occu": 1, 
                        "element": "Ca"
                    }
                ]
            }, 
            {
                "label": "Tl", 
                "xyz": [
                    2.356939634519027, 
                    2.3311655769062587, 
                    2.3311655769062587
                ], 
                "abc": [
                    0.5055281482079393, 
                    0.5, 
                    0.5
                ], 
                "properties": {}, 
                "species": [
                    {
                        "occu": 1, 
                        "element": "Tl"
                    }
                ]
            }, 
            {
                "label": "S", 
                "xyz": [
                    2.32031786569034, 
                    0.0, 
                    2.3311655769062587
                ], 
                "abc": [
                    0.49767332888676336, 
                    0.0, 
                    0.5
                ], 
                "properties": {}, 
                "species": [
                    {
                        "occu": 1, 
                        "element": "S"
                    }
                ]
            }, 
            {
                "label": "O", 
                "xyz": [
                    2.332822550673517, 
                    2.3311655769062587, 
                    0.0
                ], 
                "abc": [
                    0.5003553959838103, 
                    0.5, 
                    0.0
                ], 
                "properties": {}, 
                "species": [
                    {
                        "occu": 1, 
                        "element": "O"
                    }
                ]
            }, 
            {
                "label": "O", 
                "xyz": [
                    0.02249391262272312, 
                    2.3311655769062587, 
                    2.3311655769062587
                ], 
                "abc": [
                    0.004824606378362726, 
                    0.5, 
                    0.5
                ], 
                "properties": {}, 
                "species": [
                    {
                        "occu": 1, 
                        "element": "O"
                    }
                ]
            }
        ], 
        "@class": "Structure", 
        "@module": "pymatgen.core.structure"
    }
}