{
    "A": "Ca", 
    "gllbsc_ind-gap": 0.0, 
    "B": "W", 
    "anion": "O2S", 
    "CB_ind": 5.089218988075883, 
    "anion_idx": 6, 
    "heat_of_formation_all": 0.74, 
    "CB_dir": 5.089218988075883, 
    "filename": "/Users/ajain/Documents/papers_proposals/2012Paper_UNCOptimization/data/rawdata/abo2s/9e53c8aa723e8db6ad4ad42ba5ef56c3c227c813.json", 
    "sum_magnetic_moments": 0.6771580309076128, 
    "VB_dir": 5.089218988075883, 
    "VB_ind": 5.089218988075883, 
    "is_direct": true, 
    "gllbsc_dir-gap": 0.0, 
    "FermiLevel": 0.280834447041, 
    "XCFunctional": "RPBE", 
    "FermiWidth": 0.0018374654734, 
    "structure": {
        "lattice": {
            "a": 4.353217173629554, 
            "c": 4.353217173629554, 
            "b": 4.353217173629554, 
            "matrix": [
                [
                    4.353217173629554, 
                    0.0, 
                    0.0
                ], 
                [
                    0.0, 
                    4.353217173629554, 
                    0.0
                ], 
                [
                    0.0, 
                    0.0, 
                    4.353217173629554
                ]
            ], 
            "volume": 82.49564100750455, 
            "beta": 90.0, 
            "alpha": 90.0, 
            "gamma": 90.0
        }, 
        "sites": [
            {
                "label": "Ca", 
                "xyz": [
                    0.002947767538314405, 
                    0.0, 
                    0.0
                ], 
                "abc": [
                    0.000677146905550927, 
                    0.0, 
                    0.0
                ], 
                "properties": {}, 
                "species": [
                    {
                        "occu": 1, 
                        "element": "Ca"
                    }
                ]
            }, 
            {
                "label": "W", 
                "xyz": [
                    2.204070969418194, 
                    2.1766085868147775, 
                    2.1766085868147775
                ], 
                "abc": [
                    0.5063085257427026, 
                    0.5000000000000001, 
                    0.5000000000000001
                ], 
                "properties": {}, 
                "species": [
                    {
                        "occu": 1, 
                        "element": "W"
                    }
                ]
            }, 
            {
                "label": "S", 
                "xyz": [
                    2.155950194038495, 
                    0.0, 
                    2.1766085868147775
                ], 
                "abc": [
                    0.49525445390103107, 
                    0.0, 
                    0.5000000000000001
                ], 
                "properties": {}, 
                "species": [
                    {
                        "occu": 1, 
                        "element": "S"
                    }
                ]
            }, 
            {
                "label": "O", 
                "xyz": [
                    2.198808639132672, 
                    2.1766085868147775, 
                    0.0
                ], 
                "abc": [
                    0.5050996886744765, 
                    0.5000000000000001, 
                    0.0
                ], 
                "properties": {}, 
                "species": [
                    {
                        "occu": 1, 
                        "element": "O"
                    }
                ]
            }, 
            {
                "label": "O", 
                "xyz": [
                    0.010451653406622855, 
                    2.1766085868147775, 
                    2.1766085868147775
                ], 
                "abc": [
                    0.0024009032836532357, 
                    0.5000000000000001, 
                    0.5000000000000001
                ], 
                "properties": {}, 
                "species": [
                    {
                        "occu": 1, 
                        "element": "O"
                    }
                ]
            }
        ], 
        "@class": "Structure", 
        "@module": "pymatgen.core.structure"
    }
}