{
    "A": "Ca", 
    "gllbsc_ind-gap": 0.0, 
    "B": "Y", 
    "anion": "O2F", 
    "CB_ind": 5.289940767207594, 
    "anion_idx": 4, 
    "heat_of_formation_all": 0.38, 
    "CB_dir": 5.289940767207594, 
    "filename": "/Users/ajain/Documents/papers_proposals/2012Paper_UNCOptimization/data/rawdata/abo2f/c0c6084a9f4ae5db1c23faacb7a5555dfe48a3de.json", 
    "sum_magnetic_moments": -2.53763676893257e-15, 
    "VB_dir": 5.289940767207594, 
    "VB_ind": 5.289940767207594, 
    "is_direct": true, 
    "gllbsc_dir-gap": 0.0, 
    "FermiLevel": 0.216799255181, 
    "XCFunctional": "RPBE", 
    "FermiWidth": 0.0036749309468, 
    "structure": {
        "lattice": {
            "a": 4.39689943134032, 
            "c": 4.39689943134032, 
            "b": 4.39689943134032, 
            "matrix": [
                [
                    4.39689943134032, 
                    0.0, 
                    0.0
                ], 
                [
                    0.0, 
                    4.39689943134032, 
                    0.0
                ], 
                [
                    0.0, 
                    0.0, 
                    4.39689943134032
                ]
            ], 
            "volume": 85.00404584098177, 
            "beta": 90.0, 
            "alpha": 90.0, 
            "gamma": 90.0
        }, 
        "sites": [
            {
                "label": "Ca", 
                "xyz": [
                    0.8004468097378438, 
                    0.0, 
                    0.0
                ], 
                "abc": [
                    0.18204801411476476, 
                    0.0, 
                    0.0
                ], 
                "properties": {}, 
                "species": [
                    {
                        "occu": 1, 
                        "element": "Ca"
                    }
                ]
            }, 
            {
                "label": "Y", 
                "xyz": [
                    2.4580961913733557, 
                    2.1984497156701597, 
                    2.1984497156701597
                ], 
                "abc": [
                    0.5590521752334114, 
                    0.4999999999999999, 
                    0.4999999999999999
                ], 
                "properties": {}, 
                "species": [
                    {
                        "occu": 1, 
                        "element": "Y"
                    }
                ]
            }, 
            {
                "label": "F", 
                "xyz": [
                    2.203662519815635, 
                    0.0, 
                    2.1984497156701597
                ], 
                "abc": [
                    0.5011855636515857, 
                    0.0, 
                    0.4999999999999999
                ], 
                "properties": {}, 
                "species": [
                    {
                        "occu": 1, 
                        "element": "F"
                    }
                ]
            }, 
            {
                "label": "O", 
                "xyz": [
                    2.0541768378729515, 
                    2.1984497156701597, 
                    0.0
                ], 
                "abc": [
                    0.4671875875147707, 
                    0.4999999999999999, 
                    0.0
                ], 
                "properties": {}, 
                "species": [
                    {
                        "occu": 1, 
                        "element": "O"
                    }
                ]
            }, 
            {
                "label": "O", 
                "xyz": [
                    0.1855021681189992, 
                    2.1984497156701597, 
                    2.1984497156701597
                ], 
                "abc": [
                    0.04218931340498093, 
                    0.4999999999999999, 
                    0.4999999999999999
                ], 
                "properties": {}, 
                "species": [
                    {
                        "occu": 1, 
                        "element": "O"
                    }
                ]
            }
        ], 
        "@class": "Structure", 
        "@module": "pymatgen.core.structure"
    }
}