{
    "A": "Ca", 
    "gllbsc_ind-gap": 0.0, 
    "B": "Zn", 
    "anion": "ON2", 
    "CB_ind": 5.225517396954782, 
    "anion_idx": 2, 
    "heat_of_formation_all": 1.82, 
    "CB_dir": 5.225517396954782, 
    "filename": "/Users/ajain/Documents/papers_proposals/2012Paper_UNCOptimization/data/rawdata/abon2/ecb522e0a7aaf670aabe15a616a060e52e11e45b.json", 
    "sum_magnetic_moments": -0.0017498177437000164, 
    "VB_dir": 5.225517396954782, 
    "VB_ind": 5.225517396954782, 
    "is_direct": true, 
    "gllbsc_dir-gap": 0.0, 
    "FermiLevel": 0.211514133717, 
    "XCFunctional": "RPBE", 
    "FermiWidth": 0.0018374654734, 
    "structure": {
        "lattice": {
            "a": 3.9779757206727835, 
            "c": 3.9779757206727835, 
            "b": 3.9779757206727835, 
            "matrix": [
                [
                    3.9779757206727835, 
                    0.0, 
                    0.0
                ], 
                [
                    0.0, 
                    3.9779757206727835, 
                    0.0
                ], 
                [
                    0.0, 
                    0.0, 
                    3.9779757206727835
                ]
            ], 
            "volume": 62.948644735559704, 
            "beta": 90.0, 
            "alpha": 90.0, 
            "gamma": 90.0
        }, 
        "sites": [
            {
                "label": "Ca", 
                "xyz": [
                    0.002207551474973597, 
                    8.488631182770568e-19, 
                    0.0
                ], 
                "abc": [
                    0.0005549434259996541, 
                    2.133907237959439e-19, 
                    0.0
                ], 
                "properties": {}, 
                "species": [
                    {
                        "occu": 1, 
                        "element": "Ca"
                    }
                ]
            }, 
            {
                "label": "Zn", 
                "xyz": [
                    2.0133745300643477, 
                    1.9889878603363926, 
                    1.9889878603363926
                ], 
                "abc": [
                    0.506130421963418, 
                    0.5000000000000002, 
                    0.5000000000000002
                ], 
                "properties": {}, 
                "species": [
                    {
                        "occu": 1, 
                        "element": "Zn"
                    }
                ]
            }, 
            {
                "label": "N", 
                "xyz": [
                    1.9879343869598027, 
                    0.0, 
                    1.9889878603363926
                ], 
                "abc": [
                    0.4997351735026651, 
                    0.0, 
                    0.5000000000000002
                ], 
                "properties": {}, 
                "species": [
                    {
                        "occu": 1, 
                        "element": "N"
                    }
                ]
            }, 
            {
                "label": "N", 
                "xyz": [
                    1.9879343869598027, 
                    1.9889878603363926, 
                    0.0
                ], 
                "abc": [
                    0.4997351735026651, 
                    0.5000000000000002, 
                    0.0
                ], 
                "properties": {}, 
                "species": [
                    {
                        "occu": 1, 
                        "element": "N"
                    }
                ]
            }, 
            {
                "label": "O", 
                "xyz": [
                    0.01743488887891968, 
                    1.9889878603363926, 
                    1.9889878603363926
                ], 
                "abc": [
                    0.004382854522795068, 
                    0.5000000000000002, 
                    0.5000000000000002
                ], 
                "properties": {}, 
                "species": [
                    {
                        "occu": 1, 
                        "element": "O"
                    }
                ]
            }
        ], 
        "@class": "Structure", 
        "@module": "pymatgen.core.structure"
    }
}