{
    "A": "Ca", 
    "gllbsc_ind-gap": 0.0, 
    "B": "Zr", 
    "anion": "O2N", 
    "CB_ind": 5.055099235496837, 
    "anion_idx": 1, 
    "heat_of_formation_all": 0.44, 
    "CB_dir": 5.055099235496837, 
    "filename": "/Users/ajain/Documents/papers_proposals/2012Paper_UNCOptimization/data/rawdata/abo2n/be402c5a950e8bf1e8b8a35475e4b9de783896e7.json", 
    "sum_magnetic_moments": 0.9690158928236734, 
    "VB_dir": 5.055099235496837, 
    "VB_ind": 5.055099235496837, 
    "is_direct": true, 
    "gllbsc_dir-gap": 0.0, 
    "FermiLevel": 0.23785107969, 
    "XCFunctional": "RPBE", 
    "FermiWidth": 0.0018374654734, 
    "structure": {
        "lattice": {
            "a": 4.176397459905249, 
            "c": 4.176397459905249, 
            "b": 4.176397459905249, 
            "matrix": [
                [
                    4.176397459905249, 
                    0.0, 
                    0.0
                ], 
                [
                    0.0, 
                    4.176397459905249, 
                    0.0
                ], 
                [
                    0.0, 
                    0.0, 
                    4.176397459905249
                ]
            ], 
            "volume": 72.84595963641156, 
            "beta": 90.0, 
            "alpha": 90.0, 
            "gamma": 90.0
        }, 
        "sites": [
            {
                "label": "Ca", 
                "xyz": [
                    0.004653139918710779, 
                    0.0, 
                    3.1217946537596364e-19
                ], 
                "abc": [
                    0.0011141516015614919, 
                    0.0, 
                    7.474850475152003e-20
                ], 
                "properties": {}, 
                "species": [
                    {
                        "occu": 1, 
                        "element": "Ca"
                    }
                ]
            }, 
            {
                "label": "Zr", 
                "xyz": [
                    2.114212605280745, 
                    2.0881987299526243, 
                    2.0881987299526243
                ], 
                "abc": [
                    0.5062287834378462, 
                    0.5, 
                    0.5
                ], 
                "properties": {}, 
                "species": [
                    {
                        "occu": 1, 
                        "element": "Zr"
                    }
                ]
            }, 
            {
                "label": "N", 
                "xyz": [
                    2.0849885209747994, 
                    6.014267224378022e-20, 
                    2.0881987299526243
                ], 
                "abc": [
                    0.4992313449549177, 
                    1.4400610291805105e-20, 
                    0.5
                ], 
                "properties": {}, 
                "species": [
                    {
                        "occu": 1, 
                        "element": "N"
                    }
                ]
            }, 
            {
                "label": "O", 
                "xyz": [
                    2.088835476891118, 
                    2.0881987299526243, 
                    0.0
                ], 
                "abc": [
                    0.5001524632041386, 
                    0.5, 
                    0.0
                ], 
                "properties": {}, 
                "species": [
                    {
                        "occu": 1, 
                        "element": "O"
                    }
                ]
            }, 
            {
                "label": "O", 
                "xyz": [
                    0.014096902018441975, 
                    2.0881987299526243, 
                    2.0881987299526243
                ], 
                "abc": [
                    0.003375373669239277, 
                    0.5, 
                    0.5
                ], 
                "properties": {}, 
                "species": [
                    {
                        "occu": 1, 
                        "element": "O"
                    }
                ]
            }
        ], 
        "@class": "Structure", 
        "@module": "pymatgen.core.structure"
    }
}