{
    "A": "Cd", 
    "gllbsc_ind-gap": 0.0, 
    "B": "As", 
    "anion": "O2F", 
    "CB_ind": 6.735100111877238, 
    "anion_idx": 4, 
    "heat_of_formation_all": 0.64, 
    "CB_dir": 6.735100111877238, 
    "filename": "/Users/ajain/Documents/papers_proposals/2012Paper_UNCOptimization/data/rawdata/abo2f/f1648ec5b656fabdf955080d179e44da2167b621.json", 
    "sum_magnetic_moments": 2.4448526581173675e-15, 
    "VB_dir": 6.735100111877238, 
    "VB_ind": 6.735100111877238, 
    "is_direct": true, 
    "gllbsc_dir-gap": 0.0, 
    "FermiLevel": 0.172310196431, 
    "XCFunctional": "RPBE", 
    "FermiWidth": 0.0036749309468, 
    "structure": {
        "lattice": {
            "a": 4.261126591378645, 
            "c": 4.261126591378645, 
            "b": 4.261126591378645, 
            "matrix": [
                [
                    4.261126591378645, 
                    0.0, 
                    0.0
                ], 
                [
                    0.0, 
                    4.261126591378645, 
                    0.0
                ], 
                [
                    0.0, 
                    0.0, 
                    4.261126591378645
                ]
            ], 
            "volume": 77.37012701101911, 
            "beta": 90.0, 
            "alpha": 90.0, 
            "gamma": 90.0
        }, 
        "sites": [
            {
                "label": "Cd", 
                "xyz": [
                    0.5276118490129824, 
                    0.0, 
                    0.0
                ], 
                "abc": [
                    0.12381980157089839, 
                    0.0, 
                    0.0
                ], 
                "properties": {}, 
                "species": [
                    {
                        "occu": 1, 
                        "element": "Cd"
                    }
                ]
            }, 
            {
                "label": "As", 
                "xyz": [
                    2.2167351373210185, 
                    2.1305632956893223, 
                    2.1305632956893223
                ], 
                "abc": [
                    0.520222783760061, 
                    0.5, 
                    0.5
                ], 
                "properties": {}, 
                "species": [
                    {
                        "occu": 1, 
                        "element": "As"
                    }
                ]
            }, 
            {
                "label": "F", 
                "xyz": [
                    1.9530240989495806, 
                    0.0, 
                    2.1305632956893223
                ], 
                "abc": [
                    0.4583351508263216, 
                    0.0, 
                    0.5
                ], 
                "properties": {}, 
                "species": [
                    {
                        "occu": 1, 
                        "element": "F"
                    }
                ]
            }, 
            {
                "label": "O", 
                "xyz": [
                    1.7942647193721375, 
                    2.1305632956893223, 
                    0.0
                ], 
                "abc": [
                    0.42107754390643937, 
                    0.5, 
                    0.0
                ], 
                "properties": {}, 
                "species": [
                    {
                        "occu": 1, 
                        "element": "O"
                    }
                ]
            }, 
            {
                "label": "O", 
                "xyz": [
                    3.987586162458587, 
                    2.1305632956893223, 
                    2.1305632956893223
                ], 
                "abc": [
                    0.9358056084338118, 
                    0.5, 
                    0.5
                ], 
                "properties": {}, 
                "species": [
                    {
                        "occu": 1, 
                        "element": "O"
                    }
                ]
            }
        ], 
        "@class": "Structure", 
        "@module": "pymatgen.core.structure"
    }
}