{
    "A": "Cd", 
    "gllbsc_ind-gap": 0.0, 
    "B": "Ga", 
    "anion": "N3", 
    "CB_ind": 5.587678209226507, 
    "anion_idx": 3, 
    "heat_of_formation_all": 1.76, 
    "CB_dir": 5.587678209226507, 
    "filename": "/Users/ajain/Documents/papers_proposals/2012Paper_UNCOptimization/data/rawdata/abn3/fb13b8d2629283ddb82f32bab6c181da5a599918.json", 
    "sum_magnetic_moments": 3.9943816957453677, 
    "VB_dir": 5.587678209226507, 
    "VB_ind": 5.587678209226507, 
    "is_direct": true, 
    "gllbsc_dir-gap": 0.0, 
    "FermiLevel": 0.189356517084, 
    "XCFunctional": "RPBE", 
    "FermiWidth": 0.0018374654734, 
    "structure": {
        "lattice": {
            "a": 4.098590292370107, 
            "c": 4.098590292370107, 
            "b": 4.098590292370107, 
            "matrix": [
                [
                    4.098590292370107, 
                    0.0, 
                    0.0
                ], 
                [
                    0.0, 
                    4.098590292370107, 
                    0.0
                ], 
                [
                    0.0, 
                    0.0, 
                    4.098590292370107
                ]
            ], 
            "volume": 68.84993288491295, 
            "beta": 90.0, 
            "alpha": 90.0, 
            "gamma": 90.0
        }, 
        "sites": [
            {
                "label": "Cd", 
                "xyz": [
                    0.23246689008693616, 
                    0.0, 
                    0.0
                ], 
                "abc": [
                    0.05671874315412645, 
                    0.0, 
                    0.0
                ], 
                "properties": {}, 
                "species": [
                    {
                        "occu": 1, 
                        "element": "Cd"
                    }
                ]
            }, 
            {
                "label": "Ga", 
                "xyz": [
                    1.7823704297942382, 
                    2.0492951461850533, 
                    2.0492951461850533
                ], 
                "abc": [
                    0.43487401829655437, 
                    0.4999999999999999, 
                    0.4999999999999999
                ], 
                "properties": {}, 
                "species": [
                    {
                        "occu": 1, 
                        "element": "Ga"
                    }
                ]
            }, 
            {
                "label": "N", 
                "xyz": [
                    1.4835425861901226, 
                    0.0, 
                    2.0492951461850533
                ], 
                "abc": [
                    0.3619641096969048, 
                    0.0, 
                    0.4999999999999999
                ], 
                "properties": {}, 
                "species": [
                    {
                        "occu": 1, 
                        "element": "N"
                    }
                ]
            }, 
            {
                "label": "N", 
                "xyz": [
                    1.4835425861901226, 
                    2.0492951461850533, 
                    0.0
                ], 
                "abc": [
                    0.3619641096969048, 
                    0.4999999999999999, 
                    0.0
                ], 
                "properties": {}, 
                "species": [
                    {
                        "occu": 1, 
                        "element": "N"
                    }
                ]
            }, 
            {
                "label": "N", 
                "xyz": [
                    3.779020073177631, 
                    2.0492951461850533, 
                    2.0492951461850533
                ], 
                "abc": [
                    0.9220292353233294, 
                    0.4999999999999999, 
                    0.4999999999999999
                ], 
                "properties": {}, 
                "species": [
                    {
                        "occu": 1, 
                        "element": "N"
                    }
                ]
            }
        ], 
        "@class": "Structure", 
        "@module": "pymatgen.core.structure"
    }
}