{
    "A": "Cd", 
    "gllbsc_ind-gap": 0.0, 
    "B": "In", 
    "anion": "OFN", 
    "CB_ind": 6.007712030512013, 
    "anion_idx": 5, 
    "heat_of_formation_all": 1.0, 
    "CB_dir": 6.007712030512013, 
    "filename": "/Users/ajain/Documents/papers_proposals/2012Paper_UNCOptimization/data/rawdata/abofn/654d4e380ad76c58c606f738f260031e01e56a42.json", 
    "sum_magnetic_moments": 1.0180223127139953, 
    "VB_dir": 6.007712030512013, 
    "VB_ind": 6.007712030512013, 
    "is_direct": true, 
    "gllbsc_dir-gap": 0.0, 
    "FermiLevel": 0.168769308843, 
    "XCFunctional": "RPBE", 
    "FermiWidth": 0.0036749309468, 
    "structure": {
        "lattice": {
            "a": 4.293768113426098, 
            "c": 4.293768113426098, 
            "b": 4.293768113426098, 
            "matrix": [
                [
                    4.293768113426098, 
                    0.0, 
                    0.0
                ], 
                [
                    0.0, 
                    4.293768113426098, 
                    0.0
                ], 
                [
                    0.0, 
                    0.0, 
                    4.293768113426098
                ]
            ], 
            "volume": 79.16181799941403, 
            "beta": 90.0, 
            "alpha": 90.0, 
            "gamma": 90.0
        }, 
        "sites": [
            {
                "label": "Cd", 
                "xyz": [
                    4.292938624306189, 
                    0.0, 
                    0.0
                ], 
                "abc": [
                    0.9998068155759704, 
                    0.0, 
                    0.0
                ], 
                "properties": {}, 
                "species": [
                    {
                        "occu": 1, 
                        "element": "Cd"
                    }
                ]
            }, 
            {
                "label": "In", 
                "xyz": [
                    2.1484029558547197, 
                    2.146884056713049, 
                    2.146884056713049
                ], 
                "abc": [
                    0.5003537450326955, 
                    0.5, 
                    0.5
                ], 
                "properties": {}, 
                "species": [
                    {
                        "occu": 1, 
                        "element": "In"
                    }
                ]
            }, 
            {
                "label": "F", 
                "xyz": [
                    2.1476881256283193, 
                    0.0, 
                    2.146884056713049
                ], 
                "abc": [
                    0.5001872641684483, 
                    0.0, 
                    0.5
                ], 
                "properties": {}, 
                "species": [
                    {
                        "occu": 1, 
                        "element": "F"
                    }
                ]
            }, 
            {
                "label": "N", 
                "xyz": [
                    2.1533873870375615, 
                    2.146884056713049, 
                    0.0
                ], 
                "abc": [
                    0.5015145974707338, 
                    0.5, 
                    0.0
                ], 
                "properties": {}, 
                "species": [
                    {
                        "occu": 1, 
                        "element": "N"
                    }
                ]
            }, 
            {
                "label": "O", 
                "xyz": [
                    0.00470649750443849, 
                    2.146884056713049, 
                    2.146884056713049
                ], 
                "abc": [
                    0.0010961228878946295, 
                    0.5, 
                    0.5
                ], 
                "properties": {}, 
                "species": [
                    {
                        "occu": 1, 
                        "element": "O"
                    }
                ]
            }
        ], 
        "@class": "Structure", 
        "@module": "pymatgen.core.structure"
    }
}