{
    "A": "Cd", 
    "gllbsc_ind-gap": 0.0, 
    "B": "Pb", 
    "anion": "N3", 
    "CB_ind": 5.81020307699832, 
    "anion_idx": 3, 
    "heat_of_formation_all": 2.0, 
    "CB_dir": 5.81020307699832, 
    "filename": "/Users/ajain/Documents/papers_proposals/2012Paper_UNCOptimization/data/rawdata/abn3/9c610533e671d2efa6319d6932c27898c47de3ab.json", 
    "sum_magnetic_moments": 0.9530121197745592, 
    "VB_dir": 5.81020307699832, 
    "VB_ind": 5.81020307699832, 
    "is_direct": true, 
    "gllbsc_dir-gap": 0.0, 
    "FermiLevel": 0.188362291752, 
    "XCFunctional": "RPBE", 
    "FermiWidth": 0.0018374654734, 
    "structure": {
        "lattice": {
            "a": 4.406497273946534, 
            "c": 4.406497273946534, 
            "b": 4.406497273946534, 
            "matrix": [
                [
                    4.406497273946534, 
                    0.0, 
                    0.0
                ], 
                [
                    0.0, 
                    4.406497273946534, 
                    0.0
                ], 
                [
                    0.0, 
                    0.0, 
                    4.406497273946534
                ]
            ], 
            "volume": 85.56191917740162, 
            "beta": 90.0, 
            "alpha": 90.0, 
            "gamma": 90.0
        }, 
        "sites": [
            {
                "label": "Cd", 
                "xyz": [
                    0.5502636920217375, 
                    1.6729316804934765e-14, 
                    2.5253850815308115e-14
                ], 
                "abc": [
                    0.12487553215457048, 
                    3.796511325184982e-15, 
                    5.731048777590718e-15
                ], 
                "properties": {}, 
                "species": [
                    {
                        "occu": 1, 
                        "element": "Cd"
                    }
                ]
            }, 
            {
                "label": "Pb", 
                "xyz": [
                    2.047610022421335, 
                    2.203248636973267, 
                    2.203248636973267
                ], 
                "abc": [
                    0.46467974337073875, 
                    0.5, 
                    0.5
                ], 
                "properties": {}, 
                "species": [
                    {
                        "occu": 1, 
                        "element": "Pb"
                    }
                ]
            }, 
            {
                "label": "N", 
                "xyz": [
                    1.065994968716558, 
                    3.137062358345037e-15, 
                    2.203248636973267
                ], 
                "abc": [
                    0.24191436019245163, 
                    7.119174626279596e-16, 
                    0.5
                ], 
                "properties": {}, 
                "species": [
                    {
                        "occu": 1, 
                        "element": "N"
                    }
                ]
            }, 
            {
                "label": "N", 
                "xyz": [
                    1.065994968716264, 
                    2.203248636973267, 
                    4.406497273946533
                ], 
                "abc": [
                    0.2419143601923849, 
                    0.5, 
                    0.9999999999999998
                ], 
                "properties": {}, 
                "species": [
                    {
                        "occu": 1, 
                        "element": "N"
                    }
                ]
            }, 
            {
                "label": "N", 
                "xyz": [
                    4.211890359156386, 
                    2.203248636973267, 
                    2.203248636973267
                ], 
                "abc": [
                    0.9558363700935971, 
                    0.5, 
                    0.5
                ], 
                "properties": {}, 
                "species": [
                    {
                        "occu": 1, 
                        "element": "N"
                    }
                ]
            }
        ], 
        "@class": "Structure", 
        "@module": "pymatgen.core.structure"
    }
}