{
    "A": "Cd", 
    "gllbsc_ind-gap": 0.0, 
    "B": "Rh", 
    "anion": "OFN", 
    "CB_ind": 6.414022213498239, 
    "anion_idx": 5, 
    "heat_of_formation_all": 1.22, 
    "CB_dir": 6.414022213498239, 
    "filename": "/Users/ajain/Documents/papers_proposals/2012Paper_UNCOptimization/data/rawdata/abofn/7fed190e1f2bf8bb3445bb0b160d36abf647528b.json", 
    "sum_magnetic_moments": 0.08548544605449848, 
    "VB_dir": 6.414022213498239, 
    "VB_ind": 6.414022213498239, 
    "is_direct": true, 
    "gllbsc_dir-gap": 0.0, 
    "FermiLevel": 0.208419120225, 
    "XCFunctional": "RPBE", 
    "FermiWidth": 0.0036749309468, 
    "structure": {
        "lattice": {
            "a": 4.0829936000188205, 
            "c": 4.0829936000188205, 
            "b": 4.0829936000188205, 
            "matrix": [
                [
                    4.0829936000188205, 
                    0.0, 
                    0.0
                ], 
                [
                    0.0, 
                    4.0829936000188205, 
                    0.0
                ], 
                [
                    0.0, 
                    0.0, 
                    4.0829936000188205
                ]
            ], 
            "volume": 68.06691970737418, 
            "beta": 90.0, 
            "alpha": 90.0, 
            "gamma": 90.0
        }, 
        "sites": [
            {
                "label": "Cd", 
                "xyz": [
                    0.0037064322041228718, 
                    0.0, 
                    0.0
                ], 
                "abc": [
                    0.0009077732093691715, 
                    0.0, 
                    0.0
                ], 
                "properties": {}, 
                "species": [
                    {
                        "occu": 1, 
                        "element": "Cd"
                    }
                ]
            }, 
            {
                "label": "Rh", 
                "xyz": [
                    2.0616285032989548, 
                    2.041496800009411, 
                    2.041496800009411
                ], 
                "abc": [
                    0.5049306232783347, 
                    0.5000000000000002, 
                    0.5000000000000002
                ], 
                "properties": {}, 
                "species": [
                    {
                        "occu": 1, 
                        "element": "Rh"
                    }
                ]
            }, 
            {
                "label": "F", 
                "xyz": [
                    2.041448690641294, 
                    0.0, 
                    2.041496800009411
                ], 
                "abc": [
                    0.4999882171335962, 
                    0.0, 
                    0.5000000000000002
                ], 
                "properties": {}, 
                "species": [
                    {
                        "occu": 1, 
                        "element": "F"
                    }
                ]
            }, 
            {
                "label": "N", 
                "xyz": [
                    2.038510970558821, 
                    2.041496800009411, 
                    0.0
                ], 
                "abc": [
                    0.49926871561822295, 
                    0.5000000000000002, 
                    0.0
                ], 
                "properties": {}, 
                "species": [
                    {
                        "occu": 1, 
                        "element": "N"
                    }
                ]
            }, 
            {
                "label": "O", 
                "xyz": [
                    0.018452666057793454, 
                    2.041496800009411, 
                    2.041496800009411
                ], 
                "abc": [
                    0.0045193962728005245, 
                    0.5000000000000002, 
                    0.5000000000000002
                ], 
                "properties": {}, 
                "species": [
                    {
                        "occu": 1, 
                        "element": "O"
                    }
                ]
            }
        ], 
        "@class": "Structure", 
        "@module": "pymatgen.core.structure"
    }
}