{
    "A": "Cd", 
    "gllbsc_ind-gap": 0.0, 
    "B": "Sc", 
    "anion": "O2F", 
    "CB_ind": 6.140986957217428, 
    "anion_idx": 4, 
    "heat_of_formation_all": 0.42, 
    "CB_dir": 6.140986957217428, 
    "filename": "/Users/ajain/Documents/papers_proposals/2012Paper_UNCOptimization/data/rawdata/abo2f/20ed938515728a38f2fce52d2939bc1d5bbfed21.json", 
    "sum_magnetic_moments": -1.885918396878647e-11, 
    "VB_dir": 6.140986957217428, 
    "VB_ind": 6.140986957217428, 
    "is_direct": true, 
    "gllbsc_dir-gap": 0.0, 
    "FermiLevel": 0.183526591778, 
    "XCFunctional": "RPBE", 
    "FermiWidth": 0.0036749309468, 
    "structure": {
        "lattice": {
            "a": 4.1522480827373, 
            "c": 4.1522480827373, 
            "b": 4.1522480827373, 
            "matrix": [
                [
                    4.1522480827373, 
                    0.0, 
                    0.0
                ], 
                [
                    0.0, 
                    4.1522480827373, 
                    0.0
                ], 
                [
                    0.0, 
                    0.0, 
                    4.1522480827373
                ]
            ], 
            "volume": 71.5895907469471, 
            "beta": 90.0, 
            "alpha": 90.0, 
            "gamma": 90.0
        }, 
        "sites": [
            {
                "label": "Cd", 
                "xyz": [
                    0.002852197078941613, 
                    0.0, 
                    0.0
                ], 
                "abc": [
                    0.000686904303911762, 
                    0.0, 
                    0.0
                ], 
                "properties": {}, 
                "species": [
                    {
                        "occu": 1, 
                        "element": "Cd"
                    }
                ]
            }, 
            {
                "label": "Sc", 
                "xyz": [
                    2.098180525449403, 
                    2.076124041368651, 
                    2.076124041368651
                ], 
                "abc": [
                    0.5053119379288659, 
                    0.5000000000000002, 
                    0.5000000000000002
                ], 
                "properties": {}, 
                "species": [
                    {
                        "occu": 1, 
                        "element": "Sc"
                    }
                ]
            }, 
            {
                "label": "F", 
                "xyz": [
                    2.0755757754135944, 
                    0.0, 
                    2.076124041368651
                ], 
                "abc": [
                    0.49986795924903066, 
                    0.0, 
                    0.5000000000000002
                ], 
                "properties": {}, 
                "species": [
                    {
                        "occu": 1, 
                        "element": "F"
                    }
                ]
            }, 
            {
                "label": "O", 
                "xyz": [
                    2.076115470416978, 
                    2.076124041368651, 
                    0.0
                ], 
                "abc": [
                    0.4999979358286159, 
                    0.5000000000000002, 
                    0.0
                ], 
                "properties": {}, 
                "species": [
                    {
                        "occu": 1, 
                        "element": "O"
                    }
                ]
            }, 
            {
                "label": "O", 
                "xyz": [
                    0.016248526365000737, 
                    2.076124041368651, 
                    2.076124041368651
                ], 
                "abc": [
                    0.003913187757868544, 
                    0.5000000000000002, 
                    0.5000000000000002
                ], 
                "properties": {}, 
                "species": [
                    {
                        "occu": 1, 
                        "element": "O"
                    }
                ]
            }
        ], 
        "@class": "Structure", 
        "@module": "pymatgen.core.structure"
    }
}