{
    "A": "Cd", 
    "gllbsc_ind-gap": 0.0, 
    "B": "Si", 
    "anion": "N3", 
    "CB_ind": 6.049545984771092, 
    "anion_idx": 3, 
    "heat_of_formation_all": 1.38, 
    "CB_dir": 6.049545984771092, 
    "filename": "/Users/ajain/Documents/papers_proposals/2012Paper_UNCOptimization/data/rawdata/abn3/285897460a853a31d5d9fe5dfb4f82bfceebc523.json", 
    "sum_magnetic_moments": 2.0661455111752485, 
    "VB_dir": 6.049545984771092, 
    "VB_ind": 6.049545984771092, 
    "is_direct": true, 
    "gllbsc_dir-gap": 0.0, 
    "FermiLevel": 0.318268303992, 
    "XCFunctional": "RPBE", 
    "FermiWidth": 0.0018374654734, 
    "structure": {
        "lattice": {
            "a": 3.719799168981925, 
            "c": 3.719799168981925, 
            "b": 3.719799168981925, 
            "matrix": [
                [
                    3.719799168981925, 
                    0.0, 
                    0.0
                ], 
                [
                    0.0, 
                    3.719799168981925, 
                    0.0
                ], 
                [
                    0.0, 
                    0.0, 
                    3.719799168981925
                ]
            ], 
            "volume": 51.47051091022768, 
            "beta": 90.0, 
            "alpha": 90.0, 
            "gamma": 90.0
        }, 
        "sites": [
            {
                "label": "Cd", 
                "xyz": [
                    0.033429448718014225, 
                    1.1470453300441753e-17, 
                    0.0
                ], 
                "abc": [
                    0.0089868961197611, 
                    3.0836216632579955e-18, 
                    0.0
                ], 
                "properties": {}, 
                "species": [
                    {
                        "occu": 1, 
                        "element": "Cd"
                    }
                ]
            }, 
            {
                "label": "Si", 
                "xyz": [
                    1.8808084316345652, 
                    1.8598995844909625, 
                    1.8598995844909625
                ], 
                "abc": [
                    0.5056209612921994, 
                    0.5, 
                    0.5
                ], 
                "properties": {}, 
                "species": [
                    {
                        "occu": 1, 
                        "element": "Si"
                    }
                ]
            }, 
            {
                "label": "N", 
                "xyz": [
                    1.8772242037387068, 
                    0.0, 
                    1.8598995844909625
                ], 
                "abc": [
                    0.5046574071504204, 
                    0.0, 
                    0.5
                ], 
                "properties": {}, 
                "species": [
                    {
                        "occu": 1, 
                        "element": "N"
                    }
                ]
            }, 
            {
                "label": "N", 
                "xyz": [
                    1.8772242037387068, 
                    1.8598995844909625, 
                    0.0
                ], 
                "abc": [
                    0.5046574071504204, 
                    0.5, 
                    0.0
                ], 
                "properties": {}, 
                "species": [
                    {
                        "occu": 1, 
                        "element": "N"
                    }
                ]
            }, 
            {
                "label": "N", 
                "xyz": [
                    0.01920641940703539, 
                    1.8598995844909625, 
                    1.8598995844909625
                ], 
                "abc": [
                    0.005163294719561974, 
                    0.5, 
                    0.5
                ], 
                "properties": {}, 
                "species": [
                    {
                        "occu": 1, 
                        "element": "N"
                    }
                ]
            }
        ], 
        "@class": "Structure", 
        "@module": "pymatgen.core.structure"
    }
}