{
    "A": "Cd", 
    "gllbsc_ind-gap": 0.0, 
    "B": "W", 
    "anion": "O2S", 
    "CB_ind": 5.8539276145754915, 
    "anion_idx": 6, 
    "heat_of_formation_all": 0.6, 
    "CB_dir": 5.8539276145754915, 
    "filename": "/Users/ajain/Documents/papers_proposals/2012Paper_UNCOptimization/data/rawdata/abo2s/bd52f98969546807988775ee34683bfee546578e.json", 
    "sum_magnetic_moments": 0.0039046284974055814, 
    "VB_dir": 5.8539276145754915, 
    "VB_ind": 5.8539276145754915, 
    "is_direct": true, 
    "gllbsc_dir-gap": 0.0, 
    "FermiLevel": 0.263579715116, 
    "XCFunctional": "RPBE", 
    "FermiWidth": 0.0018374654734, 
    "structure": {
        "lattice": {
            "a": 4.313917981161691, 
            "c": 4.313917981161691, 
            "b": 4.313917981161691, 
            "matrix": [
                [
                    4.313917981161691, 
                    0.0, 
                    0.0
                ], 
                [
                    0.0, 
                    4.313917981161691, 
                    0.0
                ], 
                [
                    0.0, 
                    0.0, 
                    4.313917981161691
                ]
            ], 
            "volume": 80.28153197266896, 
            "beta": 90.0, 
            "alpha": 90.0, 
            "gamma": 90.0
        }, 
        "sites": [
            {
                "label": "Cd", 
                "xyz": [
                    4.292394528031797, 
                    7.082034907885911e-16, 
                    0.0
                ], 
                "abc": [
                    0.9950106948662716, 
                    1.6416711997799267e-16, 
                    0.0
                ], 
                "properties": {}, 
                "species": [
                    {
                        "occu": 1, 
                        "element": "Cd"
                    }
                ]
            }, 
            {
                "label": "W", 
                "xyz": [
                    2.4567062793372942, 
                    2.1569589905808453, 
                    2.1569589905808453
                ], 
                "abc": [
                    0.5694837709166947, 
                    0.5, 
                    0.5
                ], 
                "properties": {}, 
                "species": [
                    {
                        "occu": 1, 
                        "element": "W"
                    }
                ]
            }, 
            {
                "label": "S", 
                "xyz": [
                    1.5321039584976657, 
                    0.0, 
                    2.1569589905808453
                ], 
                "abc": [
                    0.35515370602504753, 
                    0.0, 
                    0.5
                ], 
                "properties": {}, 
                "species": [
                    {
                        "occu": 1, 
                        "element": "S"
                    }
                ]
            }, 
            {
                "label": "O", 
                "xyz": [
                    2.4251654458564476, 
                    2.1569589905808453, 
                    0.0
                ], 
                "abc": [
                    0.5621723585026012, 
                    0.5, 
                    0.0
                ], 
                "properties": {}, 
                "species": [
                    {
                        "occu": 1, 
                        "element": "O"
                    }
                ]
            }, 
            {
                "label": "O", 
                "xyz": [
                    0.01772064779815947, 
                    2.1569589905808453, 
                    2.1569589905808453
                ], 
                "abc": [
                    0.004107785051904834, 
                    0.5, 
                    0.5
                ], 
                "properties": {}, 
                "species": [
                    {
                        "occu": 1, 
                        "element": "O"
                    }
                ]
            }
        ], 
        "@class": "Structure", 
        "@module": "pymatgen.core.structure"
    }
}