{
    "A": "Cd", 
    "gllbsc_ind-gap": 0.0, 
    "B": "Zr", 
    "anion": "O3", 
    "CB_ind": 5.855689063844476, 
    "anion_idx": 0, 
    "heat_of_formation_all": 0.36, 
    "CB_dir": 5.855689063844476, 
    "filename": "/Users/ajain/Documents/papers_proposals/2012Paper_UNCOptimization/data/rawdata/abo3/4af11348ea54a39bdf7e5a86e0b8153f833a458a.json", 
    "sum_magnetic_moments": 1.9381878640700734e-05, 
    "VB_dir": 5.855689063844476, 
    "VB_ind": 5.855689063844476, 
    "is_direct": true, 
    "gllbsc_dir-gap": 0.0, 
    "FermiLevel": 0.215561799443, 
    "XCFunctional": "RPBE", 
    "FermiWidth": 0.0018374654734, 
    "structure": {
        "lattice": {
            "a": 4.157475385355968, 
            "c": 4.157475385355968, 
            "b": 4.157475385355968, 
            "matrix": [
                [
                    4.157475385355968, 
                    0.0, 
                    0.0
                ], 
                [
                    0.0, 
                    4.157475385355968, 
                    0.0
                ], 
                [
                    0.0, 
                    0.0, 
                    4.157475385355968
                ]
            ], 
            "volume": 71.86030561387282, 
            "beta": 90.0, 
            "alpha": 90.0, 
            "gamma": 90.0
        }, 
        "sites": [
            {
                "label": "Cd", 
                "xyz": [
                    0.003390901331882275, 
                    0.0, 
                    1.8870408166796744e-20
                ], 
                "abc": [
                    0.0008156154919945345, 
                    0.0, 
                    4.5389103765387744e-21
                ], 
                "properties": {}, 
                "species": [
                    {
                        "occu": 1, 
                        "element": "Cd"
                    }
                ]
            }, 
            {
                "label": "Zr", 
                "xyz": [
                    2.104192602507609, 
                    2.0787376926779837, 
                    2.0787376926779837
                ], 
                "abc": [
                    0.5061226844347139, 
                    0.4999999999999999, 
                    0.4999999999999999
                ], 
                "properties": {}, 
                "species": [
                    {
                        "occu": 1, 
                        "element": "Zr"
                    }
                ]
            }, 
            {
                "label": "O", 
                "xyz": [
                    2.07765723152718, 
                    7.810781664349723e-20, 
                    2.0787376926779837
                ], 
                "abc": [
                    0.49974011604383517, 
                    1.8787319082782625e-20, 
                    0.4999999999999999
                ], 
                "properties": {}, 
                "species": [
                    {
                        "occu": 1, 
                        "element": "O"
                    }
                ]
            }, 
            {
                "label": "O", 
                "xyz": [
                    2.07765723152718, 
                    2.0787376926779837, 
                    1.6217446483206325e-20
                ], 
                "abc": [
                    0.49974011604383517, 
                    0.4999999999999999, 
                    3.900791942227643e-21
                ], 
                "properties": {}, 
                "species": [
                    {
                        "occu": 1, 
                        "element": "O"
                    }
                ]
            }, 
            {
                "label": "O", 
                "xyz": [
                    0.01591376575284705, 
                    2.0787376926779837, 
                    2.0787376926779837
                ], 
                "abc": [
                    0.003827747437519583, 
                    0.4999999999999999, 
                    0.4999999999999999
                ], 
                "properties": {}, 
                "species": [
                    {
                        "occu": 1, 
                        "element": "O"
                    }
                ]
            }
        ], 
        "@class": "Structure", 
        "@module": "pymatgen.core.structure"
    }
}