{
    "A": "Co", 
    "gllbsc_ind-gap": 0.0, 
    "B": "Ag", 
    "anion": "O3", 
    "CB_ind": 6.056856310990657, 
    "anion_idx": 0, 
    "heat_of_formation_all": 1.84, 
    "CB_dir": 6.056856310990657, 
    "filename": "/Users/ajain/Documents/papers_proposals/2012Paper_UNCOptimization/data/rawdata/abo3/778903c3f1c05d607608f8be3a5f4676c8cc996b.json", 
    "sum_magnetic_moments": 3.562976563354809, 
    "VB_dir": 6.056856310990657, 
    "VB_ind": 6.056856310990657, 
    "is_direct": true, 
    "gllbsc_dir-gap": 0.0, 
    "FermiLevel": 0.133079113074, 
    "XCFunctional": "RPBE", 
    "FermiWidth": 0.0018374654734, 
    "structure": {
        "lattice": {
            "a": 4.0842388417363855, 
            "c": 4.0842388417363855, 
            "b": 4.0842388417363855, 
            "matrix": [
                [
                    4.0842388417363855, 
                    0.0, 
                    0.0
                ], 
                [
                    0.0, 
                    4.0842388417363855, 
                    0.0
                ], 
                [
                    0.0, 
                    0.0, 
                    4.0842388417363855
                ]
            ], 
            "volume": 68.1292163670225, 
            "beta": 90.0, 
            "alpha": 90.0, 
            "gamma": 90.0
        }, 
        "sites": [
            {
                "label": "Co", 
                "xyz": [
                    1.616938614052617, 
                    4.084238841736368, 
                    7.440683953084546e-15
                ], 
                "abc": [
                    0.39589717367390465, 
                    0.9999999999999957, 
                    1.8218043168898498e-15
                ], 
                "properties": {}, 
                "species": [
                    {
                        "occu": 1, 
                        "element": "Co"
                    }
                ]
            }, 
            {
                "label": "Ag", 
                "xyz": [
                    2.5451169827957263, 
                    2.0421194208681923, 
                    2.0421194208681923
                ], 
                "abc": [
                    0.6231557657175817, 
                    0.4999999999999999, 
                    0.4999999999999999
                ], 
                "properties": {}, 
                "species": [
                    {
                        "occu": 1, 
                        "element": "Ag"
                    }
                ]
            }, 
            {
                "label": "O", 
                "xyz": [
                    2.034143368721178, 
                    0.0, 
                    2.0421194208681923
                ], 
                "abc": [
                    0.4980471141732681, 
                    0.0, 
                    0.4999999999999999
                ], 
                "properties": {}, 
                "species": [
                    {
                        "occu": 1, 
                        "element": "O"
                    }
                ]
            }, 
            {
                "label": "O", 
                "xyz": [
                    2.0341433687211867, 
                    2.0421194208681923, 
                    0.0
                ], 
                "abc": [
                    0.49804711417327024, 
                    0.4999999999999999, 
                    0.0
                ], 
                "properties": {}, 
                "species": [
                    {
                        "occu": 1, 
                        "element": "O"
                    }
                ]
            }, 
            {
                "label": "O", 
                "xyz": [
                    0.45882783742280436, 
                    2.0421194208681923, 
                    2.0421194208681923
                ], 
                "abc": [
                    0.1123410885607603, 
                    0.4999999999999999, 
                    0.4999999999999999
                ], 
                "properties": {}, 
                "species": [
                    {
                        "occu": 1, 
                        "element": "O"
                    }
                ]
            }
        ], 
        "@class": "Structure", 
        "@module": "pymatgen.core.structure"
    }
}