{
    "A": "Co", 
    "gllbsc_ind-gap": 0.0, 
    "B": "Cs", 
    "anion": "O2F", 
    "CB_ind": 5.610358978673106, 
    "anion_idx": 4, 
    "heat_of_formation_all": 3.04, 
    "CB_dir": 5.610358978673106, 
    "filename": "/Users/ajain/Documents/papers_proposals/2012Paper_UNCOptimization/data/rawdata/abo2f/d693e6a5f975b9be9d81c301d63beb7d8d63fb35.json", 
    "sum_magnetic_moments": 0.0, 
    "VB_dir": 5.610358978673106, 
    "VB_ind": 5.610358978673106, 
    "is_direct": true, 
    "gllbsc_dir-gap": 0.0, 
    "FermiLevel": 0.0941725327464, 
    "XCFunctional": "RPBE", 
    "FermiWidth": 0.0036749309468, 
    "structure": {
        "lattice": {
            "a": 4.644510418346554, 
            "c": 4.644510418346554, 
            "b": 4.644510418346554, 
            "matrix": [
                [
                    4.644510418346554, 
                    0.0, 
                    0.0
                ], 
                [
                    0.0, 
                    4.644510418346554, 
                    0.0
                ], 
                [
                    0.0, 
                    0.0, 
                    4.644510418346554
                ]
            ], 
            "volume": 100.18894978698266, 
            "beta": 90.0, 
            "alpha": 90.0, 
            "gamma": 90.0
        }, 
        "sites": [
            {
                "label": "Co", 
                "xyz": [
                    0.0038506750070093658, 
                    0.0, 
                    0.0
                ], 
                "abc": [
                    0.0008290809278408737, 
                    0.0, 
                    0.0
                ], 
                "properties": {}, 
                "species": [
                    {
                        "occu": 1, 
                        "element": "Co"
                    }
                ]
            }, 
            {
                "label": "Cs", 
                "xyz": [
                    2.3365917812438197, 
                    2.322255209173277, 
                    2.322255209173277
                ], 
                "abc": [
                    0.5030867778902833, 
                    0.5, 
                    0.5
                ], 
                "properties": {}, 
                "species": [
                    {
                        "occu": 1, 
                        "element": "Cs"
                    }
                ]
            }, 
            {
                "label": "F", 
                "xyz": [
                    2.318179662823596, 
                    0.0, 
                    2.322255209173277
                ], 
                "abc": [
                    0.49912250248517437, 
                    0.0, 
                    0.5
                ], 
                "properties": {}, 
                "species": [
                    {
                        "occu": 1, 
                        "element": "F"
                    }
                ]
            }, 
            {
                "label": "O", 
                "xyz": [
                    2.3270614311750326, 
                    2.322255209173277, 
                    0.0
                ], 
                "abc": [
                    0.5010348177889257, 
                    0.5, 
                    0.0
                ], 
                "properties": {}, 
                "species": [
                    {
                        "occu": 1, 
                        "element": "O"
                    }
                ]
            }, 
            {
                "label": "O", 
                "xyz": [
                    0.025803181157816546, 
                    2.322255209173277, 
                    2.322255209173277
                ], 
                "abc": [
                    0.0055556299445232975, 
                    0.5, 
                    0.5
                ], 
                "properties": {}, 
                "species": [
                    {
                        "occu": 1, 
                        "element": "O"
                    }
                ]
            }
        ], 
        "@class": "Structure", 
        "@module": "pymatgen.core.structure"
    }
}