{
    "A": "Co", 
    "gllbsc_ind-gap": 0.0, 
    "B": "Ir", 
    "anion": "N3", 
    "CB_ind": 6.153505442350575, 
    "anion_idx": 3, 
    "heat_of_formation_all": 1.4, 
    "CB_dir": 6.153505442350575, 
    "filename": "/Users/ajain/Documents/papers_proposals/2012Paper_UNCOptimization/data/rawdata/abn3/e241608c84e9e0271cb83dcc60f95297ad554bc0.json", 
    "sum_magnetic_moments": 1.5964348539664126, 
    "VB_dir": 6.153505442350575, 
    "VB_ind": 6.153505442350575, 
    "is_direct": true, 
    "gllbsc_dir-gap": 0.0, 
    "FermiLevel": 0.278649569204, 
    "XCFunctional": "RPBE", 
    "FermiWidth": 0.0018374654734, 
    "structure": {
        "lattice": {
            "a": 3.914515236296773, 
            "c": 3.914515236296773, 
            "b": 3.914515236296773, 
            "matrix": [
                [
                    3.914515236296773, 
                    0.0, 
                    0.0
                ], 
                [
                    0.0, 
                    3.914515236296773, 
                    0.0
                ], 
                [
                    0.0, 
                    0.0, 
                    3.914515236296773
                ]
            ], 
            "volume": 59.983798387858734, 
            "beta": 90.0, 
            "alpha": 90.0, 
            "gamma": 90.0
        }, 
        "sites": [
            {
                "label": "Co", 
                "xyz": [
                    1.2833114375607109, 
                    3.475681110340302e-17, 
                    0.0
                ], 
                "abc": [
                    0.3278340637587491, 
                    8.878956653719353e-18, 
                    0.0
                ], 
                "properties": {}, 
                "species": [
                    {
                        "occu": 1, 
                        "element": "Co"
                    }
                ]
            }, 
            {
                "label": "Ir", 
                "xyz": [
                    2.110355550249369, 
                    1.9572576181483865, 
                    1.9572576181483865
                ], 
                "abc": [
                    0.5391103170787034, 
                    0.5, 
                    0.5
                ], 
                "properties": {}, 
                "species": [
                    {
                        "occu": 1, 
                        "element": "Ir"
                    }
                ]
            }, 
            {
                "label": "N", 
                "xyz": [
                    1.3869378676718187, 
                    4.1511034315219215e-17, 
                    1.9572576181483865
                ], 
                "abc": [
                    0.35430641700194165, 
                    1.0604386957116474e-17, 
                    0.5
                ], 
                "properties": {}, 
                "species": [
                    {
                        "occu": 1, 
                        "element": "N"
                    }
                ]
            }, 
            {
                "label": "N", 
                "xyz": [
                    1.3869378676718036, 
                    1.9572576181483865, 
                    0.0
                ], 
                "abc": [
                    0.3543064170019378, 
                    0.5, 
                    0.0
                ], 
                "properties": {}, 
                "species": [
                    {
                        "occu": 1, 
                        "element": "N"
                    }
                ]
            }, 
            {
                "label": "N", 
                "xyz": [
                    3.8546132203507435, 
                    1.9572576181483865, 
                    1.9572576181483865
                ], 
                "abc": [
                    0.9846974625643051, 
                    0.5, 
                    0.5
                ], 
                "properties": {}, 
                "species": [
                    {
                        "occu": 1, 
                        "element": "N"
                    }
                ]
            }
        ], 
        "@class": "Structure", 
        "@module": "pymatgen.core.structure"
    }
}