{
    "A": "Co", 
    "gllbsc_ind-gap": 0.2, 
    "B": "Os", 
    "anion": "O2N", 
    "CB_ind": 6.031692054164207, 
    "anion_idx": 1, 
    "heat_of_formation_all": 1.46, 
    "CB_dir": 6.031692054164207, 
    "filename": "/Users/ajain/Documents/papers_proposals/2012Paper_UNCOptimization/data/rawdata/abo2n/38c1573c77d836811567473902991bff34ced3b0.json", 
    "sum_magnetic_moments": -1.993361306593933, 
    "VB_dir": 6.231692054164206, 
    "VB_ind": 6.231692054164206, 
    "is_direct": true, 
    "gllbsc_dir-gap": 0.2, 
    "FermiLevel": 0.285725090252, 
    "XCFunctional": "RPBE", 
    "FermiWidth": 0.0018374654734, 
    "structure": {
        "lattice": {
            "a": 3.8956842582772877, 
            "c": 3.8956842582772877, 
            "b": 3.8956842582772877, 
            "matrix": [
                [
                    3.8956842582772877, 
                    0.0, 
                    0.0
                ], 
                [
                    0.0, 
                    3.8956842582772877, 
                    0.0
                ], 
                [
                    0.0, 
                    0.0, 
                    3.8956842582772877
                ]
            ], 
            "volume": 59.12229054464067, 
            "beta": 90.0, 
            "alpha": 90.0, 
            "gamma": 90.0
        }, 
        "sites": [
            {
                "label": "Co", 
                "xyz": [
                    0.0013914502369063693, 
                    2.717993832456302e-19, 
                    0.0
                ], 
                "abc": [
                    0.00035717736465677616, 
                    6.976935635071789e-20, 
                    0.0
                ], 
                "properties": {}, 
                "species": [
                    {
                        "occu": 1, 
                        "element": "Co"
                    }
                ]
            }, 
            {
                "label": "Os", 
                "xyz": [
                    1.955687670593744, 
                    1.9478421291386432, 
                    1.9478421291386432
                ], 
                "abc": [
                    0.5020139058853218, 
                    0.49999999999999983, 
                    0.49999999999999983
                ], 
                "properties": {}, 
                "species": [
                    {
                        "occu": 1, 
                        "element": "Os"
                    }
                ]
            }, 
            {
                "label": "N", 
                "xyz": [
                    1.959084624599416, 
                    5.068333248242526e-19, 
                    1.9478421291386432
                ], 
                "abc": [
                    0.5028858846650328, 
                    1.301012328571976e-19, 
                    0.49999999999999983
                ], 
                "properties": {}, 
                "species": [
                    {
                        "occu": 1, 
                        "element": "N"
                    }
                ]
            }, 
            {
                "label": "O", 
                "xyz": [
                    1.9513226656563925, 
                    1.9478421291386432, 
                    1.5201762706530235e-21
                ], 
                "abc": [
                    0.5008934339353487, 
                    0.49999999999999983, 
                    3.9022060564150064e-22
                ], 
                "properties": {}, 
                "species": [
                    {
                        "occu": 1, 
                        "element": "O"
                    }
                ]
            }, 
            {
                "label": "O", 
                "xyz": [
                    0.009828273098035184, 
                    1.9478421291386432, 
                    1.9478421291386432
                ], 
                "abc": [
                    0.0025228618251473362, 
                    0.49999999999999983, 
                    0.49999999999999983
                ], 
                "properties": {}, 
                "species": [
                    {
                        "occu": 1, 
                        "element": "O"
                    }
                ]
            }
        ], 
        "@class": "Structure", 
        "@module": "pymatgen.core.structure"
    }
}