{
    "A": "Co", 
    "gllbsc_ind-gap": 0.0, 
    "B": "Te", 
    "anion": "ON2", 
    "CB_ind": 6.231332414413885, 
    "anion_idx": 2, 
    "heat_of_formation_all": 1.34, 
    "CB_dir": 6.231332414413885, 
    "filename": "/Users/ajain/Documents/papers_proposals/2012Paper_UNCOptimization/data/rawdata/abon2/d6e46db09ae6ba86493b87a36585bd36b6f2feeb.json", 
    "sum_magnetic_moments": 1.1707191736321862, 
    "VB_dir": 6.231332414413885, 
    "VB_ind": 6.231332414413885, 
    "is_direct": true, 
    "gllbsc_dir-gap": 0.0, 
    "FermiLevel": 0.263053335124, 
    "XCFunctional": "RPBE", 
    "FermiWidth": 0.0018374654734, 
    "structure": {
        "lattice": {
            "a": 4.016414578063634, 
            "c": 4.016414578063634, 
            "b": 4.016414578063634, 
            "matrix": [
                [
                    4.016414578063634, 
                    0.0, 
                    0.0
                ], 
                [
                    0.0, 
                    4.016414578063634, 
                    0.0
                ], 
                [
                    0.0, 
                    0.0, 
                    4.016414578063634
                ]
            ], 
            "volume": 64.79113743024774, 
            "beta": 90.0, 
            "alpha": 90.0, 
            "gamma": 90.0
        }, 
        "sites": [
            {
                "label": "Co", 
                "xyz": [
                    1.9903672141661626, 
                    3.004619316822753e-18, 
                    0.0
                ], 
                "abc": [
                    0.4955582088156209, 
                    7.48084954484783e-19, 
                    0.0
                ], 
                "properties": {}, 
                "species": [
                    {
                        "occu": 1, 
                        "element": "Co"
                    }
                ]
            }, 
            {
                "label": "Te", 
                "xyz": [
                    1.0747251684006323, 
                    2.0082072890318168, 
                    2.0082072890318168
                ], 
                "abc": [
                    0.2675832256636144, 
                    0.4999999999999999, 
                    0.4999999999999999
                ], 
                "properties": {}, 
                "species": [
                    {
                        "occu": 1, 
                        "element": "Te"
                    }
                ]
            }, 
            {
                "label": "N", 
                "xyz": [
                    1.5778792158160158, 
                    4.747746440040292e-18, 
                    2.0082072890318168
                ], 
                "abc": [
                    0.3928576557892915, 
                    1.1820857503035064e-18, 
                    0.4999999999999999
                ], 
                "properties": {}, 
                "species": [
                    {
                        "occu": 1, 
                        "element": "N"
                    }
                ]
            }, 
            {
                "label": "N", 
                "xyz": [
                    1.5778792158160144, 
                    2.0082072890318168, 
                    0.0
                ], 
                "abc": [
                    0.39285765578929116, 
                    0.4999999999999999, 
                    0.0
                ], 
                "properties": {}, 
                "species": [
                    {
                        "occu": 1, 
                        "element": "N"
                    }
                ]
            }, 
            {
                "label": "O", 
                "xyz": [
                    3.2160633912688183, 
                    2.0082072890318168, 
                    2.0082072890318168
                ], 
                "abc": [
                    0.8007299368033178, 
                    0.4999999999999999, 
                    0.4999999999999999
                ], 
                "properties": {}, 
                "species": [
                    {
                        "occu": 1, 
                        "element": "O"
                    }
                ]
            }
        ], 
        "@class": "Structure", 
        "@module": "pymatgen.core.structure"
    }
}