{
    "A": "Co", 
    "gllbsc_ind-gap": 0.0, 
    "B": "V", 
    "anion": "O2F", 
    "CB_ind": 6.196726488442482, 
    "anion_idx": 4, 
    "heat_of_formation_all": 0.7, 
    "CB_dir": 6.196726488442482, 
    "filename": "/Users/ajain/Documents/papers_proposals/2012Paper_UNCOptimization/data/rawdata/abo2f/f7bc3c5ab17a0c274bc6c8437f98d8f45de2dfc8.json", 
    "sum_magnetic_moments": 3.9348143424108066, 
    "VB_dir": 6.196726488442482, 
    "VB_ind": 6.196726488442482, 
    "is_direct": true, 
    "gllbsc_dir-gap": 0.0, 
    "FermiLevel": 0.1979897225, 
    "XCFunctional": "RPBE", 
    "FermiWidth": 0.0036749309468, 
    "structure": {
        "lattice": {
            "a": 3.9617290554909768, 
            "c": 3.9617290554909768, 
            "b": 3.9617290554909768, 
            "matrix": [
                [
                    3.9617290554909768, 
                    0.0, 
                    0.0
                ], 
                [
                    0.0, 
                    3.9617290554909768, 
                    0.0
                ], 
                [
                    0.0, 
                    0.0, 
                    3.9617290554909768
                ]
            ], 
            "volume": 62.180514591769885, 
            "beta": 90.0, 
            "alpha": 90.0, 
            "gamma": 90.0
        }, 
        "sites": [
            {
                "label": "Co", 
                "xyz": [
                    0.005177851729514346, 
                    0.0, 
                    0.0
                ], 
                "abc": [
                    0.0013069676540191, 
                    0.0, 
                    0.0
                ], 
                "properties": {}, 
                "species": [
                    {
                        "occu": 1, 
                        "element": "Co"
                    }
                ]
            }, 
            {
                "label": "V", 
                "xyz": [
                    1.9905270888417375, 
                    1.9808645277454882, 
                    1.9808645277454882
                ], 
                "abc": [
                    0.5024389757504635, 
                    0.49999999999999994, 
                    0.49999999999999994
                ], 
                "properties": {}, 
                "species": [
                    {
                        "occu": 1, 
                        "element": "V"
                    }
                ]
            }, 
            {
                "label": "F", 
                "xyz": [
                    1.9774521146120532, 
                    0.0, 
                    1.9808645277454882
                ], 
                "abc": [
                    0.49913865560071413, 
                    0.0, 
                    0.49999999999999994
                ], 
                "properties": {}, 
                "species": [
                    {
                        "occu": 1, 
                        "element": "F"
                    }
                ]
            }, 
            {
                "label": "O", 
                "xyz": [
                    1.9899677194116885, 
                    1.9808645277454882, 
                    0.0
                ], 
                "abc": [
                    0.5022977824931221, 
                    0.49999999999999994, 
                    0.0
                ], 
                "properties": {}, 
                "species": [
                    {
                        "occu": 1, 
                        "element": "O"
                    }
                ]
            }, 
            {
                "label": "O", 
                "xyz": [
                    0.01004083602442898, 
                    1.9808645277454882, 
                    1.9808645277454882
                ], 
                "abc": [
                    0.0025344580317809293, 
                    0.49999999999999994, 
                    0.49999999999999994
                ], 
                "properties": {}, 
                "species": [
                    {
                        "occu": 1, 
                        "element": "O"
                    }
                ]
            }
        ], 
        "@class": "Structure", 
        "@module": "pymatgen.core.structure"
    }
}