{
    "A": "Cr", 
    "gllbsc_ind-gap": 0.0, 
    "B": "Au", 
    "anion": "O2F", 
    "CB_ind": 6.615335689630606, 
    "anion_idx": 4, 
    "heat_of_formation_all": 1.72, 
    "CB_dir": 6.615335689630606, 
    "filename": "/Users/ajain/Documents/papers_proposals/2012Paper_UNCOptimization/data/rawdata/abo2f/cf62a7d7adff317f75c8946a55fd1c67761a480f.json", 
    "sum_magnetic_moments": 4.0096469470067655, 
    "VB_dir": 6.615335689630606, 
    "VB_ind": 6.615335689630606, 
    "is_direct": true, 
    "gllbsc_dir-gap": 0.0, 
    "FermiLevel": 0.138358927515, 
    "XCFunctional": "RPBE", 
    "FermiWidth": 0.0036749309468, 
    "structure": {
        "lattice": {
            "a": 4.235443254357055, 
            "c": 4.235443254357055, 
            "b": 4.235443254357055, 
            "matrix": [
                [
                    4.235443254357055, 
                    0.0, 
                    0.0
                ], 
                [
                    0.0, 
                    4.235443254357055, 
                    0.0
                ], 
                [
                    0.0, 
                    0.0, 
                    4.235443254357055
                ]
            ], 
            "volume": 75.97952997117268, 
            "beta": 90.0, 
            "alpha": 90.0, 
            "gamma": 90.0
        }, 
        "sites": [
            {
                "label": "Cr", 
                "xyz": [
                    0.0015404933769064, 
                    0.0, 
                    0.0
                ], 
                "abc": [
                    0.0003637147954518514, 
                    0.0, 
                    0.0
                ], 
                "properties": {}, 
                "species": [
                    {
                        "occu": 1, 
                        "element": "Cr"
                    }
                ]
            }, 
            {
                "label": "Au", 
                "xyz": [
                    2.1416152275214544, 
                    2.1177216271785273, 
                    2.1177216271785273
                ], 
                "abc": [
                    0.5056413458776357, 
                    0.5, 
                    0.5
                ], 
                "properties": {}, 
                "species": [
                    {
                        "occu": 1, 
                        "element": "Au"
                    }
                ]
            }, 
            {
                "label": "F", 
                "xyz": [
                    2.117430048128645, 
                    0.0, 
                    2.1177216271785273
                ], 
                "abc": [
                    0.4999311573706997, 
                    0.0, 
                    0.5
                ], 
                "properties": {}, 
                "species": [
                    {
                        "occu": 1, 
                        "element": "F"
                    }
                ]
            }, 
            {
                "label": "O", 
                "xyz": [
                    2.117265372908636, 
                    2.1177216271785273, 
                    0.0
                ], 
                "abc": [
                    0.4998922770906158, 
                    0.5, 
                    0.0
                ], 
                "properties": {}, 
                "species": [
                    {
                        "occu": 1, 
                        "element": "O"
                    }
                ]
            }, 
            {
                "label": "O", 
                "xyz": [
                    0.020041522755113873, 
                    2.1177216271785273, 
                    2.1177216271785273
                ], 
                "abc": [
                    0.004731859583881073, 
                    0.5, 
                    0.5
                ], 
                "properties": {}, 
                "species": [
                    {
                        "occu": 1, 
                        "element": "O"
                    }
                ]
            }
        ], 
        "@class": "Structure", 
        "@module": "pymatgen.core.structure"
    }
}