{
    "A": "Cr", 
    "gllbsc_ind-gap": 0.0, 
    "B": "Ca", 
    "anion": "O2F", 
    "CB_ind": 5.45508171484786, 
    "anion_idx": 4, 
    "heat_of_formation_all": 2.02, 
    "CB_dir": 5.45508171484786, 
    "filename": "/Users/ajain/Documents/papers_proposals/2012Paper_UNCOptimization/data/rawdata/abo2f/7e72c3227d287b0d2716429d59c2b44890d70348.json", 
    "sum_magnetic_moments": 0.0, 
    "VB_dir": 5.45508171484786, 
    "VB_ind": 5.45508171484786, 
    "is_direct": true, 
    "gllbsc_dir-gap": 0.0, 
    "FermiLevel": 0.0892722756146, 
    "XCFunctional": "RPBE", 
    "FermiWidth": 0.0036749309468, 
    "structure": {
        "lattice": {
            "a": 4.339832185160456, 
            "c": 4.339832185160456, 
            "b": 4.339832185160456, 
            "matrix": [
                [
                    4.339832185160456, 
                    0.0, 
                    0.0
                ], 
                [
                    0.0, 
                    4.339832185160456, 
                    0.0
                ], 
                [
                    0.0, 
                    0.0, 
                    4.339832185160456
                ]
            ], 
            "volume": 81.73702168708704, 
            "beta": 90.0, 
            "alpha": 90.0, 
            "gamma": 90.0
        }, 
        "sites": [
            {
                "label": "Cr", 
                "xyz": [
                    0.0011040275172028598, 
                    0.0, 
                    0.0
                ], 
                "abc": [
                    0.0002543940572121548, 
                    0.0, 
                    0.0
                ], 
                "properties": {}, 
                "species": [
                    {
                        "occu": 1, 
                        "element": "Cr"
                    }
                ]
            }, 
            {
                "label": "Ca", 
                "xyz": [
                    2.1944274244721784, 
                    2.1699160925802277, 
                    2.1699160925802277
                ], 
                "abc": [
                    0.5056479907162686, 
                    0.4999999999999999, 
                    0.4999999999999999
                ], 
                "properties": {}, 
                "species": [
                    {
                        "occu": 1, 
                        "element": "Ca"
                    }
                ]
            }, 
            {
                "label": "F", 
                "xyz": [
                    2.1695397249473407, 
                    0.0, 
                    2.1699160925802277
                ], 
                "abc": [
                    0.4999132759939026, 
                    0.0, 
                    0.4999999999999999
                ], 
                "properties": {}, 
                "species": [
                    {
                        "occu": 1, 
                        "element": "F"
                    }
                ]
            }, 
            {
                "label": "O", 
                "xyz": [
                    2.1694352377034396, 
                    2.1699160925802277, 
                    0.0
                ], 
                "abc": [
                    0.4998891996611222, 
                    0.4999999999999999, 
                    0.0
                ], 
                "properties": {}, 
                "species": [
                    {
                        "occu": 1, 
                        "element": "O"
                    }
                ]
            }, 
            {
                "label": "O", 
                "xyz": [
                    0.019954884010101818, 
                    2.1699160925802277, 
                    2.1699160925802277
                ], 
                "abc": [
                    0.004598077335417528, 
                    0.4999999999999999, 
                    0.4999999999999999
                ], 
                "properties": {}, 
                "species": [
                    {
                        "occu": 1, 
                        "element": "O"
                    }
                ]
            }
        ], 
        "@class": "Structure", 
        "@module": "pymatgen.core.structure"
    }
}