{
    "A": "Cr", 
    "gllbsc_ind-gap": 0.0, 
    "B": "Cs", 
    "anion": "O3", 
    "CB_ind": 5.1082765001493895, 
    "anion_idx": 0, 
    "heat_of_formation_all": 2.38, 
    "CB_dir": 5.1082765001493895, 
    "filename": "/Users/ajain/Documents/papers_proposals/2012Paper_UNCOptimization/data/rawdata/abo3/42447a4492367b255f27e24d08e8dc199363d7d3.json", 
    "sum_magnetic_moments": 4.5816906604559335, 
    "VB_dir": 5.1082765001493895, 
    "VB_ind": 5.1082765001493895, 
    "is_direct": true, 
    "gllbsc_dir-gap": 0.0, 
    "FermiLevel": 0.153337433344, 
    "XCFunctional": "RPBE", 
    "FermiWidth": 0.0018374654734, 
    "structure": {
        "lattice": {
            "a": 4.480661048704788, 
            "c": 4.480661048704788, 
            "b": 4.480661048704788, 
            "matrix": [
                [
                    4.480661048704788, 
                    0.0, 
                    0.0
                ], 
                [
                    0.0, 
                    4.480661048704788, 
                    0.0
                ], 
                [
                    0.0, 
                    0.0, 
                    4.480661048704788
                ]
            ], 
            "volume": 89.95520040914626, 
            "beta": 90.0, 
            "alpha": 90.0, 
            "gamma": 90.0
        }, 
        "sites": [
            {
                "label": "Cr", 
                "xyz": [
                    0.0018871679756269626, 
                    0.0, 
                    0.0
                ], 
                "abc": [
                    0.0004211807041669623, 
                    0.0, 
                    0.0
                ], 
                "properties": {}, 
                "species": [
                    {
                        "occu": 1, 
                        "element": "Cr"
                    }
                ]
            }, 
            {
                "label": "Cs", 
                "xyz": [
                    2.2578769075303367, 
                    2.2403305243523937, 
                    2.2403305243523937
                ], 
                "abc": [
                    0.503916025556768, 
                    0.4999999999999999, 
                    0.4999999999999999
                ], 
                "properties": {}, 
                "species": [
                    {
                        "occu": 1, 
                        "element": "Cs"
                    }
                ]
            }, 
            {
                "label": "O", 
                "xyz": [
                    2.243858436248021, 
                    0.0, 
                    2.2403305243523937
                ], 
                "abc": [
                    0.5007873641539226, 
                    0.0, 
                    0.4999999999999999
                ], 
                "properties": {}, 
                "species": [
                    {
                        "occu": 1, 
                        "element": "O"
                    }
                ]
            }, 
            {
                "label": "O", 
                "xyz": [
                    2.243858436248021, 
                    2.2403305243523937, 
                    0.0
                ], 
                "abc": [
                    0.5007873641539226, 
                    0.4999999999999999, 
                    0.0
                ], 
                "properties": {}, 
                "species": [
                    {
                        "occu": 1, 
                        "element": "O"
                    }
                ]
            }, 
            {
                "label": "O", 
                "xyz": [
                    0.018413122033101963, 
                    2.2403305243523937, 
                    2.2403305243523937
                ], 
                "abc": [
                    0.004109465508091622, 
                    0.4999999999999999, 
                    0.4999999999999999
                ], 
                "properties": {}, 
                "species": [
                    {
                        "occu": 1, 
                        "element": "O"
                    }
                ]
            }
        ], 
        "@class": "Structure", 
        "@module": "pymatgen.core.structure"
    }
}