{
    "A": "Cr", 
    "gllbsc_ind-gap": 0.0, 
    "B": "Na", 
    "anion": "O2F", 
    "CB_ind": 5.744942633373483, 
    "anion_idx": 4, 
    "heat_of_formation_all": 2.48, 
    "CB_dir": 5.744942633373483, 
    "filename": "/Users/ajain/Documents/papers_proposals/2012Paper_UNCOptimization/data/rawdata/abo2f/42e42bfa124481a8a722986ddd7462b8723baed6.json", 
    "sum_magnetic_moments": 0.0, 
    "VB_dir": 5.744942633373483, 
    "VB_ind": 5.744942633373483, 
    "is_direct": true, 
    "gllbsc_dir-gap": 0.0, 
    "FermiLevel": 0.0711846451824, 
    "XCFunctional": "RPBE", 
    "FermiWidth": 0.0036749309468, 
    "structure": {
        "lattice": {
            "a": 3.9602818382977225, 
            "c": 3.9602818382977225, 
            "b": 3.9602818382977225, 
            "matrix": [
                [
                    3.9602818382977225, 
                    0.0, 
                    0.0
                ], 
                [
                    0.0, 
                    3.9602818382977225, 
                    0.0
                ], 
                [
                    0.0, 
                    0.0, 
                    3.9602818382977225
                ]
            ], 
            "volume": 62.112395970033056, 
            "beta": 90.0, 
            "alpha": 90.0, 
            "gamma": 90.0
        }, 
        "sites": [
            {
                "label": "Cr", 
                "xyz": [
                    0.0006448632546244967, 
                    0.0, 
                    0.0
                ], 
                "abc": [
                    0.00016283266720776697, 
                    0.0, 
                    0.0
                ], 
                "properties": {}, 
                "species": [
                    {
                        "occu": 1, 
                        "element": "Cr"
                    }
                ]
            }, 
            {
                "label": "Na", 
                "xyz": [
                    2.0011616385144757, 
                    1.9801409191488606, 
                    1.9801409191488606
                ], 
                "abc": [
                    0.5053078846970775, 
                    0.49999999999999983, 
                    0.49999999999999983
                ], 
                "properties": {}, 
                "species": [
                    {
                        "occu": 1, 
                        "element": "Na"
                    }
                ]
            }, 
            {
                "label": "F", 
                "xyz": [
                    1.979489971163594, 
                    0.0, 
                    1.9801409191488606
                ], 
                "abc": [
                    0.49983563089400046, 
                    0.0, 
                    0.49999999999999983
                ], 
                "properties": {}, 
                "species": [
                    {
                        "occu": 1, 
                        "element": "F"
                    }
                ]
            }, 
            {
                "label": "O", 
                "xyz": [
                    1.9788931663515692, 
                    1.9801409191488606, 
                    0.0
                ], 
                "abc": [
                    0.49968493333347497, 
                    0.49999999999999983, 
                    0.0
                ], 
                "properties": {}, 
                "species": [
                    {
                        "occu": 1, 
                        "element": "O"
                    }
                ]
            }, 
            {
                "label": "O", 
                "xyz": [
                    0.019857529565954914, 
                    1.9801409191488606, 
                    1.9801409191488606
                ], 
                "abc": [
                    0.00501417080317961, 
                    0.49999999999999983, 
                    0.49999999999999983
                ], 
                "properties": {}, 
                "species": [
                    {
                        "occu": 1, 
                        "element": "O"
                    }
                ]
            }
        ], 
        "@class": "Structure", 
        "@module": "pymatgen.core.structure"
    }
}