{
    "A": "Cr", 
    "gllbsc_ind-gap": 0.0, 
    "B": "Pd", 
    "anion": "O2F", 
    "CB_ind": 6.280420558442647, 
    "anion_idx": 4, 
    "heat_of_formation_all": 1.4, 
    "CB_dir": 6.280420558442647, 
    "filename": "/Users/ajain/Documents/papers_proposals/2012Paper_UNCOptimization/data/rawdata/abo2f/938e82c541e0cdaa6a8d53227e3c793ce02987f9.json", 
    "sum_magnetic_moments": 3.577845405575383, 
    "VB_dir": 6.280420558442647, 
    "VB_ind": 6.280420558442647, 
    "is_direct": true, 
    "gllbsc_dir-gap": 0.0, 
    "FermiLevel": 0.158755517075, 
    "XCFunctional": "RPBE", 
    "FermiWidth": 0.0036749309468, 
    "structure": {
        "lattice": {
            "a": 4.1121651680086195, 
            "c": 4.1121651680086195, 
            "b": 4.1121651680086195, 
            "matrix": [
                [
                    4.1121651680086195, 
                    0.0, 
                    0.0
                ], 
                [
                    0.0, 
                    4.1121651680086195, 
                    0.0
                ], 
                [
                    0.0, 
                    0.0, 
                    4.1121651680086195
                ]
            ], 
            "volume": 69.5363115161598, 
            "beta": 90.0, 
            "alpha": 90.0, 
            "gamma": 90.0
        }, 
        "sites": [
            {
                "label": "Cr", 
                "xyz": [
                    0.0017435258172854439, 
                    0.0, 
                    0.0
                ], 
                "abc": [
                    0.0004239921661828028, 
                    0.0, 
                    0.0
                ], 
                "properties": {}, 
                "species": [
                    {
                        "occu": 1, 
                        "element": "Cr"
                    }
                ]
            }, 
            {
                "label": "Pd", 
                "xyz": [
                    2.075808252709599, 
                    2.05608258400431, 
                    2.05608258400431
                ], 
                "abc": [
                    0.5047969057417121, 
                    0.5000000000000001, 
                    0.5000000000000001
                ], 
                "properties": {}, 
                "species": [
                    {
                        "occu": 1, 
                        "element": "Pd"
                    }
                ]
            }, 
            {
                "label": "F", 
                "xyz": [
                    2.0568339609403776, 
                    0.0, 
                    2.05608258400431
                ], 
                "abc": [
                    0.5001827205147092, 
                    0.0, 
                    0.5000000000000001
                ], 
                "properties": {}, 
                "species": [
                    {
                        "occu": 1, 
                        "element": "F"
                    }
                ]
            }, 
            {
                "label": "O", 
                "xyz": [
                    2.0541016429516974, 
                    2.05608258400431, 
                    0.0
                ], 
                "abc": [
                    0.499518272984747, 
                    0.5000000000000001, 
                    0.0
                ], 
                "properties": {}, 
                "species": [
                    {
                        "occu": 1, 
                        "element": "O"
                    }
                ]
            }, 
            {
                "label": "O", 
                "xyz": [
                    0.019408734019319564, 
                    2.05608258400431, 
                    2.05608258400431
                ], 
                "abc": [
                    0.004719833281579627, 
                    0.5000000000000001, 
                    0.5000000000000001
                ], 
                "properties": {}, 
                "species": [
                    {
                        "occu": 1, 
                        "element": "O"
                    }
                ]
            }
        ], 
        "@class": "Structure", 
        "@module": "pymatgen.core.structure"
    }
}