{
    "A": "Cr", 
    "gllbsc_ind-gap": 0.0, 
    "B": "Sr", 
    "anion": "O2N", 
    "CB_ind": 4.981262857850317, 
    "anion_idx": 1, 
    "heat_of_formation_all": 2.36, 
    "CB_dir": 4.981262857850317, 
    "filename": "/Users/ajain/Documents/papers_proposals/2012Paper_UNCOptimization/data/rawdata/abo2n/9c8e840a3e9465e9ef6137c505658c8441613fcd.json", 
    "sum_magnetic_moments": -2.9862678953365736, 
    "VB_dir": 4.981262857850317, 
    "VB_ind": 4.981262857850317, 
    "is_direct": true, 
    "gllbsc_dir-gap": 0.0, 
    "FermiLevel": 0.10631839303, 
    "XCFunctional": "RPBE", 
    "FermiWidth": 0.0018374654734, 
    "structure": {
        "lattice": {
            "a": 4.420666255328398, 
            "c": 4.420666255328398, 
            "b": 4.420666255328398, 
            "matrix": [
                [
                    4.420666255328398, 
                    0.0, 
                    0.0
                ], 
                [
                    0.0, 
                    4.420666255328398, 
                    0.0
                ], 
                [
                    0.0, 
                    0.0, 
                    4.420666255328398
                ]
            ], 
            "volume": 86.38994257815202, 
            "beta": 90.0, 
            "alpha": 90.0, 
            "gamma": 90.0
        }, 
        "sites": [
            {
                "label": "Cr", 
                "xyz": [
                    0.0012752842031468507, 
                    0.0, 
                    0.0
                ], 
                "abc": [
                    0.00028848235299593175, 
                    0.0, 
                    0.0
                ], 
                "properties": {}, 
                "species": [
                    {
                        "occu": 1, 
                        "element": "Cr"
                    }
                ]
            }, 
            {
                "label": "Sr", 
                "xyz": [
                    2.235659439922007, 
                    2.210333127664199, 
                    2.210333127664199
                ], 
                "abc": [
                    0.5057290713197996, 
                    0.5, 
                    0.5
                ], 
                "properties": {}, 
                "species": [
                    {
                        "occu": 1, 
                        "element": "Sr"
                    }
                ]
            }, 
            {
                "label": "N", 
                "xyz": [
                    2.211373157090954, 
                    7.106540739491372e-19, 
                    2.210333127664199
                ], 
                "abc": [
                    0.5002352653122143, 
                    1.607572327118245e-19, 
                    0.5
                ], 
                "properties": {}, 
                "species": [
                    {
                        "occu": 1, 
                        "element": "N"
                    }
                ]
            }, 
            {
                "label": "O", 
                "xyz": [
                    2.2087384413093356, 
                    2.210333127664199, 
                    0.0
                ], 
                "abc": [
                    0.49963926560777094, 
                    0.5, 
                    0.0
                ], 
                "properties": {}, 
                "species": [
                    {
                        "occu": 1, 
                        "element": "O"
                    }
                ]
            }, 
            {
                "label": "O", 
                "xyz": [
                    0.020122768276323734, 
                    2.210333127664199, 
                    2.210333127664199
                ], 
                "abc": [
                    0.004551976356973113, 
                    0.5, 
                    0.5
                ], 
                "properties": {}, 
                "species": [
                    {
                        "occu": 1, 
                        "element": "O"
                    }
                ]
            }
        ], 
        "@class": "Structure", 
        "@module": "pymatgen.core.structure"
    }
}