{
    "A": "Cr", 
    "gllbsc_ind-gap": 0.0, 
    "B": "Tl", 
    "anion": "ON2", 
    "CB_ind": 6.0533504354575465, 
    "anion_idx": 2, 
    "heat_of_formation_all": 1.84, 
    "CB_dir": 6.0533504354575465, 
    "filename": "/Users/ajain/Documents/papers_proposals/2012Paper_UNCOptimization/data/rawdata/abon2/e657ce9c9700cddf17ef131e38f80c07ca32e79b.json", 
    "sum_magnetic_moments": 1.025328609116979, 
    "VB_dir": 6.0533504354575465, 
    "VB_ind": 6.0533504354575465, 
    "is_direct": true, 
    "gllbsc_dir-gap": 0.0, 
    "FermiLevel": 0.21428852768, 
    "XCFunctional": "RPBE", 
    "FermiWidth": 0.0018374654734, 
    "structure": {
        "lattice": {
            "a": 4.14877277917103, 
            "c": 4.14877277917103, 
            "b": 4.14877277917103, 
            "matrix": [
                [
                    4.14877277917103, 
                    0.0, 
                    0.0
                ], 
                [
                    0.0, 
                    4.14877277917103, 
                    0.0
                ], 
                [
                    0.0, 
                    0.0, 
                    4.14877277917103
                ]
            ], 
            "volume": 71.40998631655441, 
            "beta": 90.0, 
            "alpha": 90.0, 
            "gamma": 90.0
        }, 
        "sites": [
            {
                "label": "Cr", 
                "xyz": [
                    1.9270609432605954, 
                    0.0, 
                    0.0
                ], 
                "abc": [
                    0.46448939140158046, 
                    0.0, 
                    0.0
                ], 
                "properties": {}, 
                "species": [
                    {
                        "occu": 1, 
                        "element": "Cr"
                    }
                ]
            }, 
            {
                "label": "Tl", 
                "xyz": [
                    0.8785515370267704, 
                    2.074386389585515, 
                    2.074386389585515
                ], 
                "abc": [
                    0.21176178686804692, 
                    0.5, 
                    0.5
                ], 
                "properties": {}, 
                "species": [
                    {
                        "occu": 1, 
                        "element": "Tl"
                    }
                ]
            }, 
            {
                "label": "N", 
                "xyz": [
                    1.8807054009958368, 
                    9.530074771705839e-18, 
                    2.074386389585515
                ], 
                "abc": [
                    0.45331607709102406, 
                    2.2970828432812007e-18, 
                    0.5
                ], 
                "properties": {}, 
                "species": [
                    {
                        "occu": 1, 
                        "element": "N"
                    }
                ]
            }, 
            {
                "label": "N", 
                "xyz": [
                    1.8807054009958368, 
                    2.074386389585515, 
                    0.0
                ], 
                "abc": [
                    0.45331607709102406, 
                    0.5, 
                    0.0
                ], 
                "properties": {}, 
                "species": [
                    {
                        "occu": 1, 
                        "element": "N"
                    }
                ]
            }, 
            {
                "label": "O", 
                "xyz": [
                    3.05671987064219, 
                    2.074386389585515, 
                    2.074386389585515
                ], 
                "abc": [
                    0.7367768815849578, 
                    0.5, 
                    0.5
                ], 
                "properties": {}, 
                "species": [
                    {
                        "occu": 1, 
                        "element": "O"
                    }
                ]
            }
        ], 
        "@class": "Structure", 
        "@module": "pymatgen.core.structure"
    }
}