{
    "A": "Cs", 
    "gllbsc_ind-gap": 0.0, 
    "B": "Al", 
    "anion": "ON2", 
    "CB_ind": 4.890605016918305, 
    "anion_idx": 2, 
    "heat_of_formation_all": 2.2, 
    "CB_dir": 4.890605016918305, 
    "filename": "/Users/ajain/Documents/papers_proposals/2012Paper_UNCOptimization/data/rawdata/abon2/1bb6dfca7fa51dad1b97e125961c7572261de325.json", 
    "sum_magnetic_moments": -0.00016831190067037092, 
    "VB_dir": 4.890605016918305, 
    "VB_ind": 4.890605016918305, 
    "is_direct": true, 
    "gllbsc_dir-gap": 0.0, 
    "FermiLevel": 0.251278545672, 
    "XCFunctional": "RPBE", 
    "FermiWidth": 0.0018374654734, 
    "structure": {
        "lattice": {
            "a": 4.054280866805862, 
            "c": 4.054280866805862, 
            "b": 4.054280866805862, 
            "matrix": [
                [
                    4.054280866805862, 
                    0.0, 
                    0.0
                ], 
                [
                    0.0, 
                    4.054280866805862, 
                    0.0
                ], 
                [
                    0.0, 
                    0.0, 
                    4.054280866805862
                ]
            ], 
            "volume": 66.64099849052026, 
            "beta": 90.0, 
            "alpha": 90.0, 
            "gamma": 90.0
        }, 
        "sites": [
            {
                "label": "Cs", 
                "xyz": [
                    0.011662433932457908, 
                    4.119217565938014e-18, 
                    8.651038161502778e-19
                ], 
                "abc": [
                    0.0028765727673046187, 
                    1.0160168230237367e-18, 
                    2.1338033662967312e-19
                ], 
                "properties": {}, 
                "species": [
                    {
                        "occu": 1, 
                        "element": "Cs"
                    }
                ]
            }, 
            {
                "label": "Al", 
                "xyz": [
                    2.034624023341389, 
                    2.0271404334029324, 
                    2.0271404334029324
                ], 
                "abc": [
                    0.5018458489148419, 
                    0.5000000000000003, 
                    0.5000000000000003
                ], 
                "properties": {}, 
                "species": [
                    {
                        "occu": 1, 
                        "element": "Al"
                    }
                ]
            }, 
            {
                "label": "N", 
                "xyz": [
                    2.0360862805341835, 
                    0.0, 
                    2.0271404334029324
                ], 
                "abc": [
                    0.502206518843945, 
                    0.0, 
                    0.5000000000000003
                ], 
                "properties": {}, 
                "species": [
                    {
                        "occu": 1, 
                        "element": "N"
                    }
                ]
            }, 
            {
                "label": "N", 
                "xyz": [
                    2.0360862805341835, 
                    2.0271404334029324, 
                    0.0
                ], 
                "abc": [
                    0.502206518843945, 
                    0.5000000000000003, 
                    0.0
                ], 
                "properties": {}, 
                "species": [
                    {
                        "occu": 1, 
                        "element": "N"
                    }
                ]
            }, 
            {
                "label": "O", 
                "xyz": [
                    0.005205096770778218, 
                    2.0271404334029324, 
                    2.0271404334029324
                ], 
                "abc": [
                    0.001283852042268354, 
                    0.5000000000000003, 
                    0.5000000000000003
                ], 
                "properties": {}, 
                "species": [
                    {
                        "occu": 1, 
                        "element": "O"
                    }
                ]
            }
        ], 
        "@class": "Structure", 
        "@module": "pymatgen.core.structure"
    }
}