{
    "A": "Cs", 
    "gllbsc_ind-gap": 0.0, 
    "B": "La", 
    "anion": "O2N", 
    "CB_ind": 4.865361163950366, 
    "anion_idx": 1, 
    "heat_of_formation_all": 1.08, 
    "CB_dir": 4.865361163950366, 
    "filename": "/Users/ajain/Documents/papers_proposals/2012Paper_UNCOptimization/data/rawdata/abo2n/789670a7c97d1bdba0f5c3e90c108e8b2f9705ba.json", 
    "sum_magnetic_moments": 1.4067346098190259, 
    "VB_dir": 4.865361163950366, 
    "VB_ind": 4.865361163950366, 
    "is_direct": true, 
    "gllbsc_dir-gap": 0.0, 
    "FermiLevel": 0.180131031537, 
    "XCFunctional": "RPBE", 
    "FermiWidth": 0.0018374654734, 
    "structure": {
        "lattice": {
            "a": 4.7864138597510095, 
            "c": 4.7864138597510095, 
            "b": 4.7864138597510095, 
            "matrix": [
                [
                    4.7864138597510095, 
                    0.0, 
                    0.0
                ], 
                [
                    0.0, 
                    4.7864138597510095, 
                    0.0
                ], 
                [
                    0.0, 
                    0.0, 
                    4.7864138597510095
                ]
            ], 
            "volume": 109.65558147639531, 
            "beta": 90.0, 
            "alpha": 90.0, 
            "gamma": 90.0
        }, 
        "sites": [
            {
                "label": "Cs", 
                "xyz": [
                    0.006543560903229341, 
                    1.997108331038499e-18, 
                    0.0
                ], 
                "abc": [
                    0.0013671113896468908, 
                    4.1724522566512644e-19, 
                    0.0
                ], 
                "properties": {}, 
                "species": [
                    {
                        "occu": 1, 
                        "element": "Cs"
                    }
                ]
            }, 
            {
                "label": "La", 
                "xyz": [
                    2.422318554777218, 
                    2.3932069298755048, 
                    2.3932069298755048
                ], 
                "abc": [
                    0.5060821370142088, 
                    0.5, 
                    0.5
                ], 
                "properties": {}, 
                "species": [
                    {
                        "occu": 1, 
                        "element": "La"
                    }
                ]
            }, 
            {
                "label": "N", 
                "xyz": [
                    2.3872978664774487, 
                    5.2244872514949704e-20, 
                    2.3932069298755048
                ], 
                "abc": [
                    0.4987654508007037, 
                    1.0915243446513732e-20, 
                    0.5
                ], 
                "properties": {}, 
                "species": [
                    {
                        "occu": 1, 
                        "element": "N"
                    }
                ]
            }, 
            {
                "label": "O", 
                "xyz": [
                    2.3949154598187916, 
                    2.3932069298755048, 
                    0.0
                ], 
                "abc": [
                    0.5003569540773843, 
                    0.5, 
                    0.0
                ], 
                "properties": {}, 
                "species": [
                    {
                        "occu": 1, 
                        "element": "O"
                    }
                ]
            }, 
            {
                "label": "O", 
                "xyz": [
                    0.021796920183297822, 
                    2.3932069298755048, 
                    2.3932069298755048
                ], 
                "abc": [
                    0.004553914647161686, 
                    0.5, 
                    0.5
                ], 
                "properties": {}, 
                "species": [
                    {
                        "occu": 1, 
                        "element": "O"
                    }
                ]
            }
        ], 
        "@class": "Structure", 
        "@module": "pymatgen.core.structure"
    }
}