{
    "A": "Cs", 
    "gllbsc_ind-gap": 0.0, 
    "B": "Mo", 
    "anion": "ON2", 
    "CB_ind": 5.084807357777402, 
    "anion_idx": 2, 
    "heat_of_formation_all": 1.26, 
    "CB_dir": 5.084807357777402, 
    "filename": "/Users/ajain/Documents/papers_proposals/2012Paper_UNCOptimization/data/rawdata/abon2/a433048f8fd43851b5695ec50c5dda43080a42fb.json", 
    "sum_magnetic_moments": -0.17270369634869143, 
    "VB_dir": 5.084807357777402, 
    "VB_ind": 5.084807357777402, 
    "is_direct": true, 
    "gllbsc_dir-gap": 0.0, 
    "FermiLevel": 0.26793099604, 
    "XCFunctional": "RPBE", 
    "FermiWidth": 0.0018374654734, 
    "structure": {
        "lattice": {
            "a": 4.176316951625158, 
            "c": 4.176316951625158, 
            "b": 4.176316951625158, 
            "matrix": [
                [
                    4.176316951625158, 
                    0.0, 
                    0.0
                ], 
                [
                    0.0, 
                    4.176316951625158, 
                    0.0
                ], 
                [
                    0.0, 
                    0.0, 
                    4.176316951625158
                ]
            ], 
            "volume": 72.84174696992672, 
            "beta": 90.0, 
            "alpha": 90.0, 
            "gamma": 90.0
        }, 
        "sites": [
            {
                "label": "Cs", 
                "xyz": [
                    0.02205360958986505, 
                    1.4516130504435887e-18, 
                    1.323226116117776e-18
                ], 
                "abc": [
                    0.005280635987477718, 
                    3.4758210817277957e-19, 
                    3.1684044373185326e-19
                ], 
                "properties": {}, 
                "species": [
                    {
                        "occu": 1, 
                        "element": "Cs"
                    }
                ]
            }, 
            {
                "label": "Mo", 
                "xyz": [
                    2.1249179684333352, 
                    2.088158475812578, 
                    2.088158475812578
                ], 
                "abc": [
                    0.5088018924441191, 
                    0.4999999999999998, 
                    0.4999999999999998
                ], 
                "properties": {}, 
                "species": [
                    {
                        "occu": 1, 
                        "element": "Mo"
                    }
                ]
            }, 
            {
                "label": "N", 
                "xyz": [
                    2.094807111422438, 
                    1.8463959587915515e-19, 
                    2.088158475812578
                ], 
                "abc": [
                    0.5015919853993054, 
                    4.421110706343902e-20, 
                    0.4999999999999998
                ], 
                "properties": {}, 
                "species": [
                    {
                        "occu": 1, 
                        "element": "N"
                    }
                ]
            }, 
            {
                "label": "N", 
                "xyz": [
                    2.094807111422438, 
                    2.088158475812578, 
                    2.7814451520761606e-21
                ], 
                "abc": [
                    0.5015919853993054, 
                    0.4999999999999998, 
                    6.660043249336711e-22
                ], 
                "properties": {}, 
                "species": [
                    {
                        "occu": 1, 
                        "element": "N"
                    }
                ]
            }, 
            {
                "label": "O", 
                "xyz": [
                    4.156721964250947, 
                    2.088158475812578, 
                    2.088158475812578
                ], 
                "abc": [
                    0.9953080698612718, 
                    0.4999999999999998, 
                    0.4999999999999998
                ], 
                "properties": {}, 
                "species": [
                    {
                        "occu": 1, 
                        "element": "O"
                    }
                ]
            }
        ], 
        "@class": "Structure", 
        "@module": "pymatgen.core.structure"
    }
}