{
    "A": "Cs", 
    "gllbsc_ind-gap": 0.0, 
    "B": "Ni", 
    "anion": "O3", 
    "CB_ind": 5.2827048145752125, 
    "anion_idx": 0, 
    "heat_of_formation_all": 1.36, 
    "CB_dir": 5.2827048145752125, 
    "filename": "/Users/ajain/Documents/papers_proposals/2012Paper_UNCOptimization/data/rawdata/abo3/8dc808bc924e2a3d8e8e0693a68187ac8b3bf342.json", 
    "sum_magnetic_moments": 2.4549167121869147, 
    "VB_dir": 5.2827048145752125, 
    "VB_ind": 5.2827048145752125, 
    "is_direct": true, 
    "gllbsc_dir-gap": 0.0, 
    "FermiLevel": 0.257846830496, 
    "XCFunctional": "RPBE", 
    "FermiWidth": 0.0018374654734, 
    "structure": {
        "lattice": {
            "a": 3.9297516254268974, 
            "c": 3.9297516254268974, 
            "b": 3.9297516254268974, 
            "matrix": [
                [
                    3.9297516254268974, 
                    0.0, 
                    0.0
                ], 
                [
                    0.0, 
                    3.9297516254268974, 
                    0.0
                ], 
                [
                    0.0, 
                    0.0, 
                    3.9297516254268974
                ]
            ], 
            "volume": 60.686949365976595, 
            "beta": 90.0, 
            "alpha": 90.0, 
            "gamma": 90.0
        }, 
        "sites": [
            {
                "label": "Cs", 
                "xyz": [
                    0.011250940135213031, 
                    0.0, 
                    0.0
                ], 
                "abc": [
                    0.002863015581548571, 
                    0.0, 
                    0.0
                ], 
                "properties": {}, 
                "species": [
                    {
                        "occu": 1, 
                        "element": "Cs"
                    }
                ]
            }, 
            {
                "label": "Ni", 
                "xyz": [
                    1.9947131337887356, 
                    1.9648758127134491, 
                    1.9648758127134491
                ], 
                "abc": [
                    0.5075926735120431, 
                    0.5000000000000001, 
                    0.5000000000000001
                ], 
                "properties": {}, 
                "species": [
                    {
                        "occu": 1, 
                        "element": "Ni"
                    }
                ]
            }, 
            {
                "label": "O", 
                "xyz": [
                    1.966144879556222, 
                    0.0, 
                    1.9648758127134491
                ], 
                "abc": [
                    0.5003229381812738, 
                    0.0, 
                    0.5000000000000001
                ], 
                "properties": {}, 
                "species": [
                    {
                        "occu": 1, 
                        "element": "O"
                    }
                ]
            }, 
            {
                "label": "O", 
                "xyz": [
                    1.966144879556222, 
                    1.9648758127134491, 
                    0.0
                ], 
                "abc": [
                    0.5003229381812738, 
                    0.5000000000000001, 
                    0.0
                ], 
                "properties": {}, 
                "species": [
                    {
                        "occu": 1, 
                        "element": "O"
                    }
                ]
            }, 
            {
                "label": "O", 
                "xyz": [
                    3.919498642022098, 
                    1.9648758127134491, 
                    1.9648758127134491
                ], 
                "abc": [
                    0.9973909334782232, 
                    0.5000000000000001, 
                    0.5000000000000001
                ], 
                "properties": {}, 
                "species": [
                    {
                        "occu": 1, 
                        "element": "O"
                    }
                ]
            }
        ], 
        "@class": "Structure", 
        "@module": "pymatgen.core.structure"
    }
}