{
    "A": "Cs", 
    "gllbsc_ind-gap": 0.0, 
    "B": "Pt", 
    "anion": "O2S", 
    "CB_ind": 5.330107024546756, 
    "anion_idx": 6, 
    "heat_of_formation_all": 1.7, 
    "CB_dir": 5.330107024546756, 
    "filename": "/Users/ajain/Documents/papers_proposals/2012Paper_UNCOptimization/data/rawdata/abo2s/32f24f0aadd387992991653e2c8b46f9a5e62a89.json", 
    "sum_magnetic_moments": 0.7145729374655473, 
    "VB_dir": 5.330107024546756, 
    "VB_ind": 5.330107024546756, 
    "is_direct": true, 
    "gllbsc_dir-gap": 0.0, 
    "FermiLevel": 0.180549273296, 
    "XCFunctional": "RPBE", 
    "FermiWidth": 0.0018374654734, 
    "structure": {
        "lattice": {
            "a": 4.598488601525577, 
            "c": 4.598488601525577, 
            "b": 4.598488601525577, 
            "matrix": [
                [
                    4.598488601525577, 
                    0.0, 
                    0.0
                ], 
                [
                    0.0, 
                    4.598488601525577, 
                    0.0
                ], 
                [
                    0.0, 
                    0.0, 
                    4.598488601525577
                ]
            ], 
            "volume": 97.24008794508089, 
            "beta": 90.0, 
            "alpha": 90.0, 
            "gamma": 90.0
        }, 
        "sites": [
            {
                "label": "Cs", 
                "xyz": [
                    4.539942029786287, 
                    7.490803735933996e-17, 
                    0.0
                ], 
                "abc": [
                    0.9872683012153458, 
                    1.6289708173787527e-17, 
                    0.0
                ], 
                "properties": {}, 
                "species": [
                    {
                        "occu": 1, 
                        "element": "Cs"
                    }
                ]
            }, 
            {
                "label": "Pt", 
                "xyz": [
                    2.633783049634913, 
                    2.2992443007627883, 
                    2.2992443007627883
                ], 
                "abc": [
                    0.5727497179749753, 
                    0.5, 
                    0.5
                ], 
                "properties": {}, 
                "species": [
                    {
                        "occu": 1, 
                        "element": "Pt"
                    }
                ]
            }, 
            {
                "label": "S", 
                "xyz": [
                    2.124692937853372, 
                    0.0, 
                    2.2992443007627883
                ], 
                "abc": [
                    0.4620415797374146, 
                    0.0, 
                    0.5
                ], 
                "properties": {}, 
                "species": [
                    {
                        "occu": 1, 
                        "element": "S"
                    }
                ]
            }, 
            {
                "label": "O", 
                "xyz": [
                    2.2404907093947526, 
                    2.2992443007627883, 
                    1.1739902392394508e-18
                ], 
                "abc": [
                    0.48722328215654515, 
                    0.5, 
                    2.552991517365015e-19
                ], 
                "properties": {}, 
                "species": [
                    {
                        "occu": 1, 
                        "element": "O"
                    }
                ]
            }, 
            {
                "label": "O", 
                "xyz": [
                    4.582503059185129, 
                    2.2992443007627883, 
                    2.2992443007627883
                ], 
                "abc": [
                    0.9965237399229077, 
                    0.5, 
                    0.5
                ], 
                "properties": {}, 
                "species": [
                    {
                        "occu": 1, 
                        "element": "O"
                    }
                ]
            }
        ], 
        "@class": "Structure", 
        "@module": "pymatgen.core.structure"
    }
}