{
    "A": "Cs", 
    "gllbsc_ind-gap": 0.0, 
    "B": "Sc", 
    "anion": "N3", 
    "CB_ind": 4.895068379262172, 
    "anion_idx": 3, 
    "heat_of_formation_all": 2.24, 
    "CB_dir": 4.895068379262172, 
    "filename": "/Users/ajain/Documents/papers_proposals/2012Paper_UNCOptimization/data/rawdata/abn3/ef82d8cd38ec736c822c0f504cf837e9caa823cc.json", 
    "sum_magnetic_moments": 4.999882459117521, 
    "VB_dir": 4.895068379262172, 
    "VB_ind": 4.895068379262172, 
    "is_direct": true, 
    "gllbsc_dir-gap": 0.0, 
    "FermiLevel": 0.178971718242, 
    "XCFunctional": "RPBE", 
    "FermiWidth": 0.0018374654734, 
    "structure": {
        "lattice": {
            "a": 4.531616034247937, 
            "c": 4.531616034247937, 
            "b": 4.531616034247937, 
            "matrix": [
                [
                    4.531616034247937, 
                    0.0, 
                    0.0
                ], 
                [
                    0.0, 
                    4.531616034247937, 
                    0.0
                ], 
                [
                    0.0, 
                    0.0, 
                    4.531616034247937
                ]
            ], 
            "volume": 93.05919992700714, 
            "beta": 90.0, 
            "alpha": 90.0, 
            "gamma": 90.0
        }, 
        "sites": [
            {
                "label": "Cs", 
                "xyz": [
                    0.0028459678849769915, 
                    5.5640071570959264e-18, 
                    6.474941628066047e-20
                ], 
                "abc": [
                    0.0006280249393303478, 
                    1.2278196376404438e-18, 
                    1.4288372137293453e-20
                ], 
                "properties": {}, 
                "species": [
                    {
                        "occu": 1, 
                        "element": "Cs"
                    }
                ]
            }, 
            {
                "label": "Sc", 
                "xyz": [
                    2.284660957914889, 
                    2.2658080171239683, 
                    2.2658080171239683
                ], 
                "abc": [
                    0.5041603129321722, 
                    0.5, 
                    0.5
                ], 
                "properties": {}, 
                "species": [
                    {
                        "occu": 1, 
                        "element": "Sc"
                    }
                ]
            }, 
            {
                "label": "N", 
                "xyz": [
                    2.2645738475026547, 
                    4.3478860881334796e-20, 
                    2.2658080171239683
                ], 
                "abc": [
                    0.49972765353198806, 
                    9.594559766922202e-21, 
                    0.5
                ], 
                "properties": {}, 
                "species": [
                    {
                        "occu": 1, 
                        "element": "N"
                    }
                ]
            }, 
            {
                "label": "N", 
                "xyz": [
                    2.2645738475026547, 
                    2.2658080171239683, 
                    0.0
                ], 
                "abc": [
                    0.49972765353198806, 
                    0.5, 
                    0.0
                ], 
                "properties": {}, 
                "species": [
                    {
                        "occu": 1, 
                        "element": "N"
                    }
                ]
            }, 
            {
                "label": "N", 
                "xyz": [
                    0.025203202967293427, 
                    2.2658080171239683, 
                    2.2658080171239683
                ], 
                "abc": [
                    0.005561636903219257, 
                    0.5, 
                    0.5
                ], 
                "properties": {}, 
                "species": [
                    {
                        "occu": 1, 
                        "element": "N"
                    }
                ]
            }
        ], 
        "@class": "Structure", 
        "@module": "pymatgen.core.structure"
    }
}