{
    "A": "Cs", 
    "gllbsc_ind-gap": 0.0, 
    "B": "Y", 
    "anion": "O2F", 
    "CB_ind": 5.285122962520146, 
    "anion_idx": 4, 
    "heat_of_formation_all": 0.54, 
    "CB_dir": 5.285122962520146, 
    "filename": "/Users/ajain/Documents/papers_proposals/2012Paper_UNCOptimization/data/rawdata/abo2f/8720e40867686ab81c5867e8d4ba211dd61a0e1a.json", 
    "sum_magnetic_moments": 0.0, 
    "VB_dir": 5.285122962520146, 
    "VB_ind": 5.285122962520146, 
    "is_direct": true, 
    "gllbsc_dir-gap": 0.0, 
    "FermiLevel": 0.127058838936, 
    "XCFunctional": "RPBE", 
    "FermiWidth": 0.0036749309468, 
    "structure": {
        "lattice": {
            "a": 4.615831532109303, 
            "c": 4.615831532109303, 
            "b": 4.615831532109303, 
            "matrix": [
                [
                    4.615831532109303, 
                    0.0, 
                    0.0
                ], 
                [
                    0.0, 
                    4.615831532109303, 
                    0.0
                ], 
                [
                    0.0, 
                    0.0, 
                    4.615831532109303
                ]
            ], 
            "volume": 98.34444842251597, 
            "beta": 90.0, 
            "alpha": 90.0, 
            "gamma": 90.0
        }, 
        "sites": [
            {
                "label": "Cs", 
                "xyz": [
                    0.006307227337648933, 
                    0.0, 
                    0.0
                ], 
                "abc": [
                    0.0013664336087168046, 
                    0.0, 
                    0.0
                ], 
                "properties": {}, 
                "species": [
                    {
                        "occu": 1, 
                        "element": "Cs"
                    }
                ]
            }, 
            {
                "label": "Y", 
                "xyz": [
                    2.327828943651331, 
                    2.307915766054651, 
                    2.307915766054651
                ], 
                "abc": [
                    0.5043141040694741, 
                    0.4999999999999999, 
                    0.4999999999999999
                ], 
                "properties": {}, 
                "species": [
                    {
                        "occu": 1, 
                        "element": "Y"
                    }
                ]
            }, 
            {
                "label": "F", 
                "xyz": [
                    2.3114637468097876, 
                    0.0, 
                    2.307915766054651
                ], 
                "abc": [
                    0.5007686547332707, 
                    0.0, 
                    0.4999999999999999
                ], 
                "properties": {}, 
                "species": [
                    {
                        "occu": 1, 
                        "element": "F"
                    }
                ]
            }, 
            {
                "label": "O", 
                "xyz": [
                    2.31411741529196, 
                    2.307915766054651, 
                    0.0
                ], 
                "abc": [
                    0.5013435605684843, 
                    0.4999999999999999, 
                    0.0
                ], 
                "properties": {}, 
                "species": [
                    {
                        "occu": 1, 
                        "element": "O"
                    }
                ]
            }, 
            {
                "label": "O", 
                "xyz": [
                    0.011597715019554278, 
                    2.307915766054651, 
                    2.307915766054651
                ], 
                "abc": [
                    0.002512594954750104, 
                    0.4999999999999999, 
                    0.4999999999999999
                ], 
                "properties": {}, 
                "species": [
                    {
                        "occu": 1, 
                        "element": "O"
                    }
                ]
            }
        ], 
        "@class": "Structure", 
        "@module": "pymatgen.core.structure"
    }
}