{
    "A": "Cu", 
    "gllbsc_ind-gap": 0.0, 
    "B": "B", 
    "anion": "O2S", 
    "CB_ind": 5.837449394659162, 
    "anion_idx": 6, 
    "heat_of_formation_all": 1.5, 
    "CB_dir": 5.837449394659162, 
    "filename": "/Users/ajain/Documents/papers_proposals/2012Paper_UNCOptimization/data/rawdata/abo2s/d206eae3f590d6e2ef0381c6192d634d82192263.json", 
    "sum_magnetic_moments": 0.8807042494234023, 
    "VB_dir": 5.837449394659162, 
    "VB_ind": 5.837449394659162, 
    "is_direct": true, 
    "gllbsc_dir-gap": 0.0, 
    "FermiLevel": 0.214039143122, 
    "XCFunctional": "RPBE", 
    "FermiWidth": 0.0018374654734, 
    "structure": {
        "lattice": {
            "a": 3.7758389538640844, 
            "c": 3.7758389538640844, 
            "b": 3.7758389538640844, 
            "matrix": [
                [
                    3.7758389538640844, 
                    0.0, 
                    0.0
                ], 
                [
                    0.0, 
                    3.7758389538640844, 
                    0.0
                ], 
                [
                    0.0, 
                    0.0, 
                    3.7758389538640844
                ]
            ], 
            "volume": 53.83198419734721, 
            "beta": 90.0, 
            "alpha": 90.0, 
            "gamma": 90.0
        }, 
        "sites": [
            {
                "label": "Cu", 
                "xyz": [
                    3.732660310847955, 
                    0.0, 
                    3.1038391395656817e-16
                ], 
                "abc": [
                    0.9885644902911069, 
                    0.0, 
                    8.220263569211029e-17
                ], 
                "properties": {}, 
                "species": [
                    {
                        "occu": 1, 
                        "element": "Cu"
                    }
                ]
            }, 
            {
                "label": "B", 
                "xyz": [
                    2.292885454508522, 
                    1.8879194769320422, 
                    1.8879194769320422
                ], 
                "abc": [
                    0.6072519200433719, 
                    0.5, 
                    0.5
                ], 
                "properties": {}, 
                "species": [
                    {
                        "occu": 1, 
                        "element": "B"
                    }
                ]
            }, 
            {
                "label": "S", 
                "xyz": [
                    1.355904677905507, 
                    1.6518986756675196e-17, 
                    1.8879194769320422
                ], 
                "abc": [
                    0.35910024089293147, 
                    4.374918252212569e-18, 
                    0.5
                ], 
                "properties": {}, 
                "species": [
                    {
                        "occu": 1, 
                        "element": "S"
                    }
                ]
            }, 
            {
                "label": "O", 
                "xyz": [
                    2.228085879692925, 
                    1.8879194769320422, 
                    3.44658280751042e-19
                ], 
                "abc": [
                    0.5900902837534334, 
                    0.5, 
                    9.127992082351094e-20
                ], 
                "properties": {}, 
                "species": [
                    {
                        "occu": 1, 
                        "element": "O"
                    }
                ]
            }, 
            {
                "label": "O", 
                "xyz": [
                    3.6560174974482678, 
                    1.8879194769320422, 
                    1.8879194769320422
                ], 
                "abc": [
                    0.9682662693298413, 
                    0.5, 
                    0.5
                ], 
                "properties": {}, 
                "species": [
                    {
                        "occu": 1, 
                        "element": "O"
                    }
                ]
            }
        ], 
        "@class": "Structure", 
        "@module": "pymatgen.core.structure"
    }
}