{
    "A": "Cu", 
    "gllbsc_ind-gap": 0.0, 
    "B": "Cr", 
    "anion": "O2S", 
    "CB_ind": 5.673358900495734, 
    "anion_idx": 6, 
    "heat_of_formation_all": 0.74, 
    "CB_dir": 5.673358900495734, 
    "filename": "/Users/ajain/Documents/papers_proposals/2012Paper_UNCOptimization/data/rawdata/abo2s/922b0fc95862f7fb1c3b8e2398ef75910f3a0292.json", 
    "sum_magnetic_moments": 1.000674914421115, 
    "VB_dir": 5.673358900495734, 
    "VB_ind": 5.673358900495734, 
    "is_direct": true, 
    "gllbsc_dir-gap": 0.0, 
    "FermiLevel": 0.196125738834, 
    "XCFunctional": "RPBE", 
    "FermiWidth": 0.0018374654734, 
    "structure": {
        "lattice": {
            "a": 4.064578684808125, 
            "c": 4.064578684808125, 
            "b": 4.064578684808125, 
            "matrix": [
                [
                    4.064578684808125, 
                    0.0, 
                    0.0
                ], 
                [
                    0.0, 
                    4.064578684808125, 
                    0.0
                ], 
                [
                    0.0, 
                    0.0, 
                    4.064578684808125
                ]
            ], 
            "volume": 67.15009106853748, 
            "beta": 90.0, 
            "alpha": 90.0, 
            "gamma": 90.0
        }, 
        "sites": [
            {
                "label": "Cu", 
                "xyz": [
                    0.2635412623925863, 
                    1.9859378602899524e-16, 
                    1.43259573067966e-16
                ], 
                "abc": [
                    0.06483851902722537, 
                    4.8859623943624104e-17, 
                    3.524586043897163e-17
                ], 
                "properties": {}, 
                "species": [
                    {
                        "occu": 1, 
                        "element": "Cu"
                    }
                ]
            }, 
            {
                "label": "Cr", 
                "xyz": [
                    2.319392041478028, 
                    2.0322893424040624, 
                    2.0322893424040624
                ], 
                "abc": [
                    0.5706352912165406, 
                    0.5, 
                    0.5
                ], 
                "properties": {}, 
                "species": [
                    {
                        "occu": 1, 
                        "element": "Cr"
                    }
                ]
            }, 
            {
                "label": "S", 
                "xyz": [
                    1.3343475846587074, 
                    7.238284928791128e-18, 
                    2.0322893424040624
                ], 
                "abc": [
                    0.3282868135007448, 
                    1.780820471220087e-18, 
                    0.5
                ], 
                "properties": {}, 
                "species": [
                    {
                        "occu": 1, 
                        "element": "S"
                    }
                ]
            }, 
            {
                "label": "O", 
                "xyz": [
                    2.2821526769832894, 
                    2.0322893424040624, 
                    0.0
                ], 
                "abc": [
                    0.5614733663572863, 
                    0.5, 
                    0.0
                ], 
                "properties": {}, 
                "species": [
                    {
                        "occu": 1, 
                        "element": "O"
                    }
                ]
            }, 
            {
                "label": "O", 
                "xyz": [
                    4.000523977093472, 
                    2.0322893424040624, 
                    2.0322893424040624
                ], 
                "abc": [
                    0.9842407509653915, 
                    0.5, 
                    0.5
                ], 
                "properties": {}, 
                "species": [
                    {
                        "occu": 1, 
                        "element": "O"
                    }
                ]
            }
        ], 
        "@class": "Structure", 
        "@module": "pymatgen.core.structure"
    }
}