{
    "A": "Cu", 
    "gllbsc_ind-gap": 0.0, 
    "B": "Nb", 
    "anion": "N3", 
    "CB_ind": 5.855827132129207, 
    "anion_idx": 3, 
    "heat_of_formation_all": 1.48, 
    "CB_dir": 5.855827132129207, 
    "filename": "/Users/ajain/Documents/papers_proposals/2012Paper_UNCOptimization/data/rawdata/abn3/6b39eddbac8763783f562df8ff5f12551040c821.json", 
    "sum_magnetic_moments": 2.280159586186695, 
    "VB_dir": 5.855827132129207, 
    "VB_ind": 5.855827132129207, 
    "is_direct": true, 
    "gllbsc_dir-gap": 0.0, 
    "FermiLevel": 0.162370400857, 
    "XCFunctional": "RPBE", 
    "FermiWidth": 0.0018374654734, 
    "structure": {
        "lattice": {
            "a": 4.1226428466231155, 
            "c": 4.1226428466231155, 
            "b": 4.1226428466231155, 
            "matrix": [
                [
                    4.1226428466231155, 
                    0.0, 
                    0.0
                ], 
                [
                    0.0, 
                    4.1226428466231155, 
                    0.0
                ], 
                [
                    0.0, 
                    0.0, 
                    4.1226428466231155
                ]
            ], 
            "volume": 70.06919655574663, 
            "beta": 90.0, 
            "alpha": 90.0, 
            "gamma": 90.0
        }, 
        "sites": [
            {
                "label": "Cu", 
                "xyz": [
                    4.122258217511316, 
                    0.0, 
                    0.0
                ], 
                "abc": [
                    0.9999067032663006, 
                    0.0, 
                    0.0
                ], 
                "properties": {}, 
                "species": [
                    {
                        "occu": 1, 
                        "element": "Cu"
                    }
                ]
            }, 
            {
                "label": "Nb", 
                "xyz": [
                    2.0921015343903693, 
                    2.061321423311557, 
                    2.061321423311557
                ], 
                "abc": [
                    0.5074661114784715, 
                    0.4999999999999998, 
                    0.4999999999999998
                ], 
                "properties": {}, 
                "species": [
                    {
                        "occu": 1, 
                        "element": "Nb"
                    }
                ]
            }, 
            {
                "label": "N", 
                "xyz": [
                    2.057963049330482, 
                    6.727854035582845e-20, 
                    2.061321423311557
                ], 
                "abc": [
                    0.49918538323448836, 
                    1.631927451851347e-20, 
                    0.4999999999999998
                ], 
                "properties": {}, 
                "species": [
                    {
                        "occu": 1, 
                        "element": "N"
                    }
                ]
            }, 
            {
                "label": "N", 
                "xyz": [
                    2.057963049330482, 
                    2.061321423311557, 
                    1.435092973272544e-20
                ], 
                "abc": [
                    0.49918538323448836, 
                    0.4999999999999998, 
                    3.481002421657841e-21
                ], 
                "properties": {}, 
                "species": [
                    {
                        "occu": 1, 
                        "element": "N"
                    }
                ]
            }, 
            {
                "label": "N", 
                "xyz": [
                    0.01751857392753732, 
                    2.061321423311557, 
                    2.061321423311557
                ], 
                "abc": [
                    0.004249355226559803, 
                    0.4999999999999998, 
                    0.4999999999999998
                ], 
                "properties": {}, 
                "species": [
                    {
                        "occu": 1, 
                        "element": "N"
                    }
                ]
            }
        ], 
        "@class": "Structure", 
        "@module": "pymatgen.core.structure"
    }
}