{
    "A": "Cu", 
    "gllbsc_ind-gap": 0.0, 
    "B": "Pb", 
    "anion": "O2S", 
    "CB_ind": 5.72428951116933, 
    "anion_idx": 6, 
    "heat_of_formation_all": 1.16, 
    "CB_dir": 5.72428951116933, 
    "filename": "/Users/ajain/Documents/papers_proposals/2012Paper_UNCOptimization/data/rawdata/abo2s/d3b6a2e2c18e1b60811fafd6d9bf61c4b204e980.json", 
    "sum_magnetic_moments": -0.228192591193264, 
    "VB_dir": 5.72428951116933, 
    "VB_ind": 5.72428951116933, 
    "is_direct": true, 
    "gllbsc_dir-gap": 0.0, 
    "FermiLevel": 0.145827729715, 
    "XCFunctional": "RPBE", 
    "FermiWidth": 0.0018374654734, 
    "structure": {
        "lattice": {
            "a": 4.532289412776405, 
            "c": 4.532289412776405, 
            "b": 4.532289412776405, 
            "matrix": [
                [
                    4.532289412776405, 
                    0.0, 
                    0.0
                ], 
                [
                    0.0, 
                    4.532289412776405, 
                    0.0
                ], 
                [
                    0.0, 
                    0.0, 
                    4.532289412776405
                ]
            ], 
            "volume": 93.10069067470332, 
            "beta": 90.0, 
            "alpha": 90.0, 
            "gamma": 90.0
        }, 
        "sites": [
            {
                "label": "Cu", 
                "xyz": [
                    1.2935208519363637, 
                    4.532289412776404, 
                    6.578172333726411e-16
                ], 
                "abc": [
                    0.2854012032616369, 
                    0.9999999999999999, 
                    1.4514016503850607e-16
                ], 
                "properties": {}, 
                "species": [
                    {
                        "occu": 1, 
                        "element": "Cu"
                    }
                ]
            }, 
            {
                "label": "Pb", 
                "xyz": [
                    2.507281734589663, 
                    2.2661447063882023, 
                    2.2661447063882023
                ], 
                "abc": [
                    0.5532042432069104, 
                    0.5, 
                    0.5
                ], 
                "properties": {}, 
                "species": [
                    {
                        "occu": 1, 
                        "element": "Pb"
                    }
                ]
            }, 
            {
                "label": "S", 
                "xyz": [
                    0.6995698055321293, 
                    4.1658737529990385e-18, 
                    2.2661447063882023
                ], 
                "abc": [
                    0.15435241261514776, 
                    9.191543993760747e-19, 
                    0.5
                ], 
                "properties": {}, 
                "species": [
                    {
                        "occu": 1, 
                        "element": "S"
                    }
                ]
            }, 
            {
                "label": "O", 
                "xyz": [
                    2.082919359481415, 
                    2.2661447063882023, 
                    1.1762014982970288e-18
                ], 
                "abc": [
                    0.4595733347499213, 
                    0.5, 
                    2.5951597331391673e-19
                ], 
                "properties": {}, 
                "species": [
                    {
                        "occu": 1, 
                        "element": "O"
                    }
                ]
            }, 
            {
                "label": "O", 
                "xyz": [
                    0.1757262153553768, 
                    2.2661447063882023, 
                    2.2661447063882023
                ], 
                "abc": [
                    0.038772064038984186, 
                    0.5, 
                    0.5
                ], 
                "properties": {}, 
                "species": [
                    {
                        "occu": 1, 
                        "element": "O"
                    }
                ]
            }
        ], 
        "@class": "Structure", 
        "@module": "pymatgen.core.structure"
    }
}