{
    "A": "Cu", 
    "gllbsc_ind-gap": 0.0, 
    "B": "Pt", 
    "anion": "O2F", 
    "CB_ind": 6.81765119736715, 
    "anion_idx": 4, 
    "heat_of_formation_all": 1.46, 
    "CB_dir": 6.81765119736715, 
    "filename": "/Users/ajain/Documents/papers_proposals/2012Paper_UNCOptimization/data/rawdata/abo2f/4f8520f267ad63d88bb2da63ccdeea6b4d07d7ad.json", 
    "sum_magnetic_moments": 0.9644497600274917, 
    "VB_dir": 6.81765119736715, 
    "VB_ind": 6.81765119736715, 
    "is_direct": true, 
    "gllbsc_dir-gap": 0.0, 
    "FermiLevel": 0.149065442652, 
    "XCFunctional": "RPBE", 
    "FermiWidth": 0.0036749309468, 
    "structure": {
        "lattice": {
            "a": 4.119839933391014, 
            "c": 4.119839933391014, 
            "b": 4.119839933391014, 
            "matrix": [
                [
                    4.119839933391014, 
                    0.0, 
                    0.0
                ], 
                [
                    0.0, 
                    4.119839933391014, 
                    0.0
                ], 
                [
                    0.0, 
                    0.0, 
                    4.119839933391014
                ]
            ], 
            "volume": 69.92637721273269, 
            "beta": 90.0, 
            "alpha": 90.0, 
            "gamma": 90.0
        }, 
        "sites": [
            {
                "label": "Cu", 
                "xyz": [
                    0.0018319331276869793, 
                    0.0, 
                    0.0
                ], 
                "abc": [
                    0.00044466123861737673, 
                    0.0, 
                    0.0
                ], 
                "properties": {}, 
                "species": [
                    {
                        "occu": 1, 
                        "element": "Cu"
                    }
                ]
            }, 
            {
                "label": "Pt", 
                "xyz": [
                    2.0905254838158585, 
                    2.059919966695507, 
                    2.059919966695507
                ], 
                "abc": [
                    0.5074288121905649, 
                    0.5, 
                    0.5
                ], 
                "properties": {}, 
                "species": [
                    {
                        "occu": 1, 
                        "element": "Pt"
                    }
                ]
            }, 
            {
                "label": "F", 
                "xyz": [
                    2.0606131070543157, 
                    0.0, 
                    2.059919966695507
                ], 
                "abc": [
                    0.5001682444876537, 
                    0.0, 
                    0.5
                ], 
                "properties": {}, 
                "species": [
                    {
                        "occu": 1, 
                        "element": "F"
                    }
                ]
            }, 
            {
                "label": "O", 
                "xyz": [
                    2.0561134632713705, 
                    2.059919966695507, 
                    0.0
                ], 
                "abc": [
                    0.4990760555056314, 
                    0.5, 
                    0.0
                ], 
                "properties": {}, 
                "species": [
                    {
                        "occu": 1, 
                        "element": "O"
                    }
                ]
            }, 
            {
                "label": "O", 
                "xyz": [
                    0.022207570065592493, 
                    2.059919966695507, 
                    2.059919966695507
                ], 
                "abc": [
                    0.005390396332052052, 
                    0.5, 
                    0.5
                ], 
                "properties": {}, 
                "species": [
                    {
                        "occu": 1, 
                        "element": "O"
                    }
                ]
            }
        ], 
        "@class": "Structure", 
        "@module": "pymatgen.core.structure"
    }
}