{
    "A": "Cu", 
    "gllbsc_ind-gap": 0.0, 
    "B": "Rb", 
    "anion": "O2F", 
    "CB_ind": 5.732009620846054, 
    "anion_idx": 4, 
    "heat_of_formation_all": 2.72, 
    "CB_dir": 5.732009620846054, 
    "filename": "/Users/ajain/Documents/papers_proposals/2012Paper_UNCOptimization/data/rawdata/abo2f/a0ddc110ec5d7654e9ed9a21248e48a8254d0d94.json", 
    "sum_magnetic_moments": 0.0, 
    "VB_dir": 5.732009620846054, 
    "VB_ind": 5.732009620846054, 
    "is_direct": true, 
    "gllbsc_dir-gap": 0.0, 
    "FermiLevel": -0.00508322804908, 
    "XCFunctional": "RPBE", 
    "FermiWidth": 0.0036749309468, 
    "structure": {
        "lattice": {
            "a": 4.616892113372373, 
            "c": 4.616892113372373, 
            "b": 4.616892113372373, 
            "matrix": [
                [
                    4.616892113372373, 
                    0.0, 
                    0.0
                ], 
                [
                    0.0, 
                    4.616892113372373, 
                    0.0
                ], 
                [
                    0.0, 
                    0.0, 
                    4.616892113372373
                ]
            ], 
            "volume": 98.41225391715263, 
            "beta": 90.0, 
            "alpha": 90.0, 
            "gamma": 90.0
        }, 
        "sites": [
            {
                "label": "Cu", 
                "xyz": [
                    0.001573609989212882, 
                    0.0, 
                    0.0
                ], 
                "abc": [
                    0.0003408375050946233, 
                    0.0, 
                    0.0
                ], 
                "properties": {}, 
                "species": [
                    {
                        "occu": 1, 
                        "element": "Cu"
                    }
                ]
            }, 
            {
                "label": "Rb", 
                "xyz": [
                    2.3361947182914693, 
                    2.308446056686187, 
                    2.308446056686187
                ], 
                "abc": [
                    0.506010246920198, 
                    0.5000000000000001, 
                    0.5000000000000001
                ], 
                "properties": {}, 
                "species": [
                    {
                        "occu": 1, 
                        "element": "Rb"
                    }
                ]
            }, 
            {
                "label": "F", 
                "xyz": [
                    2.305349010537238, 
                    0.0, 
                    2.308446056686187
                ], 
                "abc": [
                    0.4993291924366224, 
                    0.0, 
                    0.5000000000000001
                ], 
                "properties": {}, 
                "species": [
                    {
                        "occu": 1, 
                        "element": "F"
                    }
                ]
            }, 
            {
                "label": "O", 
                "xyz": [
                    2.307841029989772, 
                    2.308446056686187, 
                    0.0
                ], 
                "abc": [
                    0.49986895368538886, 
                    0.5000000000000001, 
                    0.0
                ], 
                "properties": {}, 
                "species": [
                    {
                        "occu": 1, 
                        "element": "O"
                    }
                ]
            }, 
            {
                "label": "O", 
                "xyz": [
                    0.022309078971637263, 
                    2.308446056686187, 
                    2.308446056686187
                ], 
                "abc": [
                    0.004832055509164101, 
                    0.5000000000000001, 
                    0.5000000000000001
                ], 
                "properties": {}, 
                "species": [
                    {
                        "occu": 1, 
                        "element": "O"
                    }
                ]
            }
        ], 
        "@class": "Structure", 
        "@module": "pymatgen.core.structure"
    }
}