{
    "A": "Cu", 
    "gllbsc_ind-gap": 0.0, 
    "B": "Ru", 
    "anion": "O2F", 
    "CB_ind": 6.532903482380795, 
    "anion_idx": 4, 
    "heat_of_formation_all": 1.08, 
    "CB_dir": 6.532903482380795, 
    "filename": "/Users/ajain/Documents/papers_proposals/2012Paper_UNCOptimization/data/rawdata/abo2f/a6b11192ce17b7f36a5bc88abb2521e5cccca78c.json", 
    "sum_magnetic_moments": -0.0018405955622174035, 
    "VB_dir": 6.532903482380795, 
    "VB_ind": 6.532903482380795, 
    "is_direct": true, 
    "gllbsc_dir-gap": 0.0, 
    "FermiLevel": 0.186938520618, 
    "XCFunctional": "RPBE", 
    "FermiWidth": 0.0036749309468, 
    "structure": {
        "lattice": {
            "a": 3.966911484261217, 
            "c": 3.966911484261217, 
            "b": 3.966911484261217, 
            "matrix": [
                [
                    3.966911484261217, 
                    0.0, 
                    0.0
                ], 
                [
                    0.0, 
                    3.966911484261217, 
                    0.0
                ], 
                [
                    0.0, 
                    0.0, 
                    3.966911484261217
                ]
            ], 
            "volume": 62.42485321606669, 
            "beta": 90.0, 
            "alpha": 90.0, 
            "gamma": 90.0
        }, 
        "sites": [
            {
                "label": "Cu", 
                "xyz": [
                    0.0014709091251512928, 
                    0.0, 
                    0.0
                ], 
                "abc": [
                    0.00037079454154375453, 
                    0.0, 
                    0.0
                ], 
                "properties": {}, 
                "species": [
                    {
                        "occu": 1, 
                        "element": "Cu"
                    }
                ]
            }, 
            {
                "label": "Ru", 
                "xyz": [
                    2.004450711959503, 
                    1.9834557421306083, 
                    1.9834557421306083
                ], 
                "abc": [
                    0.5052925228889509, 
                    0.49999999999999994, 
                    0.49999999999999994
                ], 
                "properties": {}, 
                "species": [
                    {
                        "occu": 1, 
                        "element": "Ru"
                    }
                ]
            }, 
            {
                "label": "F", 
                "xyz": [
                    1.98181979837149, 
                    0.0, 
                    1.9834557421306083
                ], 
                "abc": [
                    0.4995876026562203, 
                    0.0, 
                    0.49999999999999994
                ], 
                "properties": {}, 
                "species": [
                    {
                        "occu": 1, 
                        "element": "F"
                    }
                ]
            }, 
            {
                "label": "O", 
                "xyz": [
                    1.9828028229761891, 
                    1.9834557421306083, 
                    0.0
                ], 
                "abc": [
                    0.49983540869086446, 
                    0.49999999999999994, 
                    0.0
                ], 
                "properties": {}, 
                "species": [
                    {
                        "occu": 1, 
                        "element": "O"
                    }
                ]
            }, 
            {
                "label": "O", 
                "xyz": [
                    0.018621323624723962, 
                    1.9834557421306083, 
                    1.9834557421306083
                ], 
                "abc": [
                    0.004694161616311418, 
                    0.49999999999999994, 
                    0.49999999999999994
                ], 
                "properties": {}, 
                "species": [
                    {
                        "occu": 1, 
                        "element": "O"
                    }
                ]
            }
        ], 
        "@class": "Structure", 
        "@module": "pymatgen.core.structure"
    }
}