{
    "A": "Cu", 
    "gllbsc_ind-gap": 0.0, 
    "B": "W", 
    "anion": "N3", 
    "CB_ind": 5.968521802042353, 
    "anion_idx": 3, 
    "heat_of_formation_all": 0.76, 
    "CB_dir": 5.968521802042353, 
    "filename": "/Users/ajain/Documents/papers_proposals/2012Paper_UNCOptimization/data/rawdata/abn3/9e60754514ee930fad6515e5f80bd796a1416b08.json", 
    "sum_magnetic_moments": 0.005406462884648633, 
    "VB_dir": 5.968521802042353, 
    "VB_ind": 5.968521802042353, 
    "is_direct": true, 
    "gllbsc_dir-gap": 0.0, 
    "FermiLevel": 0.190879091996, 
    "XCFunctional": "RPBE", 
    "FermiWidth": 0.0018374654734, 
    "structure": {
        "lattice": {
            "a": 4.061038645795212, 
            "c": 4.061038645795212, 
            "b": 4.061038645795212, 
            "matrix": [
                [
                    4.061038645795212, 
                    0.0, 
                    0.0
                ], 
                [
                    0.0, 
                    4.061038645795212, 
                    0.0
                ], 
                [
                    0.0, 
                    0.0, 
                    4.061038645795212
                ]
            ], 
            "volume": 66.97479100621271, 
            "beta": 90.0, 
            "alpha": 90.0, 
            "gamma": 90.0
        }, 
        "sites": [
            {
                "label": "Cu", 
                "xyz": [
                    1.254758343715255, 
                    5.336904330398733e-16, 
                    0.0
                ], 
                "abc": [
                    0.3089747360603003, 
                    1.3141722588443104e-16, 
                    0.0
                ], 
                "properties": {}, 
                "species": [
                    {
                        "occu": 1, 
                        "element": "Cu"
                    }
                ]
            }, 
            {
                "label": "W", 
                "xyz": [
                    1.9060891019265958, 
                    2.030519322897606, 
                    2.030519322897606
                ], 
                "abc": [
                    0.4693600007722544, 
                    0.5, 
                    0.5
                ], 
                "properties": {}, 
                "species": [
                    {
                        "occu": 1, 
                        "element": "W"
                    }
                ]
            }, 
            {
                "label": "N", 
                "xyz": [
                    1.6744312889971045, 
                    0.0, 
                    2.030519322897606
                ], 
                "abc": [
                    0.4123160193835648, 
                    0.0, 
                    0.5
                ], 
                "properties": {}, 
                "species": [
                    {
                        "occu": 1, 
                        "element": "N"
                    }
                ]
            }, 
            {
                "label": "N", 
                "xyz": [
                    1.6744312889971045, 
                    2.030519322897606, 
                    1.8634462716047075e-17
                ], 
                "abc": [
                    0.4123160193835648, 
                    0.5, 
                    4.588595268686041e-18
                ], 
                "properties": {}, 
                "species": [
                    {
                        "occu": 1, 
                        "element": "N"
                    }
                ]
            }, 
            {
                "label": "N", 
                "xyz": [
                    3.7765839085004367, 
                    2.030519322897606, 
                    2.030519322897606
                ], 
                "abc": [
                    0.9299551759771361, 
                    0.5, 
                    0.5
                ], 
                "properties": {}, 
                "species": [
                    {
                        "occu": 1, 
                        "element": "N"
                    }
                ]
            }
        ], 
        "@class": "Structure", 
        "@module": "pymatgen.core.structure"
    }
}