{
    "A": "Cu", 
    "gllbsc_ind-gap": 0.0, 
    "B": "W", 
    "anion": "OFN", 
    "CB_ind": 6.458061275932043, 
    "anion_idx": 5, 
    "heat_of_formation_all": 0.64, 
    "CB_dir": 6.458061275932043, 
    "filename": "/Users/ajain/Documents/papers_proposals/2012Paper_UNCOptimization/data/rawdata/abofn/af325972c3289b0a2fd3a85893c193e25c7dbad7.json", 
    "sum_magnetic_moments": 6.450846077872985e-15, 
    "VB_dir": 6.458061275932043, 
    "VB_ind": 6.458061275932043, 
    "is_direct": true, 
    "gllbsc_dir-gap": 0.0, 
    "FermiLevel": 0.222071242387, 
    "XCFunctional": "RPBE", 
    "FermiWidth": 0.0036749309468, 
    "structure": {
        "lattice": {
            "a": 4.042686639984322, 
            "c": 4.042686639984322, 
            "b": 4.042686639984322, 
            "matrix": [
                [
                    4.042686639984322, 
                    0.0, 
                    0.0
                ], 
                [
                    0.0, 
                    4.042686639984322, 
                    0.0
                ], 
                [
                    0.0, 
                    0.0, 
                    4.042686639984322
                ]
            ], 
            "volume": 66.0709022914736, 
            "beta": 90.0, 
            "alpha": 90.0, 
            "gamma": 90.0
        }, 
        "sites": [
            {
                "label": "Cu", 
                "xyz": [
                    0.0009290452942871521, 
                    0.0, 
                    0.0
                ], 
                "abc": [
                    0.00022980888132619526, 
                    0.0, 
                    0.0
                ], 
                "properties": {}, 
                "species": [
                    {
                        "occu": 1, 
                        "element": "Cu"
                    }
                ]
            }, 
            {
                "label": "W", 
                "xyz": [
                    2.0326470466125457, 
                    2.0213433199921607, 
                    2.0213433199921607
                ], 
                "abc": [
                    0.5027960927044369, 
                    0.4999999999999999, 
                    0.4999999999999999
                ], 
                "properties": {}, 
                "species": [
                    {
                        "occu": 1, 
                        "element": "W"
                    }
                ]
            }, 
            {
                "label": "F", 
                "xyz": [
                    2.02613682556482, 
                    0.0, 
                    2.0213433199921607
                ], 
                "abc": [
                    0.5011857227629886, 
                    0.0, 
                    0.4999999999999999
                ], 
                "properties": {}, 
                "species": [
                    {
                        "occu": 1, 
                        "element": "F"
                    }
                ]
            }, 
            {
                "label": "N", 
                "xyz": [
                    2.036207850946209, 
                    2.0213433199921607, 
                    0.0
                ], 
                "abc": [
                    0.503676894174045, 
                    0.4999999999999999, 
                    0.0
                ], 
                "properties": {}, 
                "species": [
                    {
                        "occu": 1, 
                        "element": "N"
                    }
                ]
            }, 
            {
                "label": "O", 
                "xyz": [
                    0.013734708788521151, 
                    2.0213433199921607, 
                    2.0213433199921607
                ], 
                "abc": [
                    0.003397421074559075, 
                    0.4999999999999999, 
                    0.4999999999999999
                ], 
                "properties": {}, 
                "species": [
                    {
                        "occu": 1, 
                        "element": "O"
                    }
                ]
            }
        ], 
        "@class": "Structure", 
        "@module": "pymatgen.core.structure"
    }
}