{
    "A": "Fe", 
    "gllbsc_ind-gap": 0.0, 
    "B": "Cs", 
    "anion": "OFN", 
    "CB_ind": 5.507443531841704, 
    "anion_idx": 5, 
    "heat_of_formation_all": 2.66, 
    "CB_dir": 5.507443531841704, 
    "filename": "/Users/ajain/Documents/papers_proposals/2012Paper_UNCOptimization/data/rawdata/abofn/46d851bbefe266494ffbbaa781fbe9b10d290b68.json", 
    "sum_magnetic_moments": 0.0, 
    "VB_dir": 5.507443531841704, 
    "VB_ind": 5.507443531841704, 
    "is_direct": true, 
    "gllbsc_dir-gap": 0.0, 
    "FermiLevel": 0.169177064864, 
    "XCFunctional": "RPBE", 
    "FermiWidth": 0.0036749309468, 
    "structure": {
        "lattice": {
            "a": 4.438612400873149, 
            "c": 4.438612400873149, 
            "b": 4.438612400873149, 
            "matrix": [
                [
                    4.438612400873149, 
                    0.0, 
                    0.0
                ], 
                [
                    0.0, 
                    4.438612400873149, 
                    0.0
                ], 
                [
                    0.0, 
                    0.0, 
                    4.438612400873149
                ]
            ], 
            "volume": 87.4463459216324, 
            "beta": 90.0, 
            "alpha": 90.0, 
            "gamma": 90.0
        }, 
        "sites": [
            {
                "label": "Fe", 
                "xyz": [
                    0.8116489824430916, 
                    0.0, 
                    0.0
                ], 
                "abc": [
                    0.182860973011166, 
                    0.0, 
                    0.0
                ], 
                "properties": {}, 
                "species": [
                    {
                        "occu": 1, 
                        "element": "Fe"
                    }
                ]
            }, 
            {
                "label": "Cs", 
                "xyz": [
                    2.8734198687239734, 
                    2.2193062004365744, 
                    2.2193062004365744
                ], 
                "abc": [
                    0.6473689543513022, 
                    0.5, 
                    0.5
                ], 
                "properties": {}, 
                "species": [
                    {
                        "occu": 1, 
                        "element": "Cs"
                    }
                ]
            }, 
            {
                "label": "F", 
                "xyz": [
                    0.9128352307915114, 
                    0.0, 
                    2.2193062004365744
                ], 
                "abc": [
                    0.20565779310037108, 
                    0.0, 
                    0.5
                ], 
                "properties": {}, 
                "species": [
                    {
                        "occu": 1, 
                        "element": "F"
                    }
                ]
            }, 
            {
                "label": "N", 
                "xyz": [
                    0.7732654242912911, 
                    2.2193062004365744, 
                    0.0
                ], 
                "abc": [
                    0.1742133248983797, 
                    0.5, 
                    0.0
                ], 
                "properties": {}, 
                "species": [
                    {
                        "occu": 1, 
                        "element": "N"
                    }
                ]
            }, 
            {
                "label": "O", 
                "xyz": [
                    0.6479407623712132, 
                    2.2193062004365744, 
                    2.2193062004365744
                ], 
                "abc": [
                    0.1459782255922487, 
                    0.5, 
                    0.5
                ], 
                "properties": {}, 
                "species": [
                    {
                        "occu": 1, 
                        "element": "O"
                    }
                ]
            }
        ], 
        "@class": "Structure", 
        "@module": "pymatgen.core.structure"
    }
}