{
    "A": "Fe", 
    "gllbsc_ind-gap": 0.0, 
    "B": "Li", 
    "anion": "O2N", 
    "CB_ind": 5.501021957919978, 
    "anion_idx": 1, 
    "heat_of_formation_all": 1.32, 
    "CB_dir": 5.501021957919978, 
    "filename": "/Users/ajain/Documents/papers_proposals/2012Paper_UNCOptimization/data/rawdata/abo2n/94e9ee650057ac86ea00b2576ae9d91de34af426.json", 
    "sum_magnetic_moments": -3.2862176410975668, 
    "VB_dir": 5.501021957919978, 
    "VB_ind": 5.501021957919978, 
    "is_direct": true, 
    "gllbsc_dir-gap": 0.0, 
    "FermiLevel": 0.172891784506, 
    "XCFunctional": "RPBE", 
    "FermiWidth": 0.0018374654734, 
    "structure": {
        "lattice": {
            "a": 3.615970596873437, 
            "c": 3.615970596873437, 
            "b": 3.615970596873437, 
            "matrix": [
                [
                    3.615970596873437, 
                    0.0, 
                    0.0
                ], 
                [
                    0.0, 
                    3.615970596873437, 
                    0.0
                ], 
                [
                    0.0, 
                    0.0, 
                    3.615970596873437
                ]
            ], 
            "volume": 47.27969552751563, 
            "beta": 90.0, 
            "alpha": 90.0, 
            "gamma": 90.0
        }, 
        "sites": [
            {
                "label": "Fe", 
                "xyz": [
                    0.9861763904309073, 
                    2.2331227835662525e-16, 
                    1.1289368216196957e-17
                ], 
                "abc": [
                    0.27272798934914144, 
                    6.175721631965511e-17, 
                    3.1220851812120247e-18
                ], 
                "properties": {}, 
                "species": [
                    {
                        "occu": 1, 
                        "element": "Fe"
                    }
                ]
            }, 
            {
                "label": "Li", 
                "xyz": [
                    1.9423169890596137, 
                    1.8079852984367188, 
                    1.8079852984367188
                ], 
                "abc": [
                    0.5371495528030692, 
                    0.5000000000000001, 
                    0.5000000000000001
                ], 
                "properties": {}, 
                "species": [
                    {
                        "occu": 1, 
                        "element": "Li"
                    }
                ]
            }, 
            {
                "label": "N", 
                "xyz": [
                    0.5837927260413055, 
                    8.867873393362902e-18, 
                    1.8079852984367188
                ], 
                "abc": [
                    0.16144841624157127, 
                    2.45241855700667e-18, 
                    0.5000000000000001
                ], 
                "properties": {}, 
                "species": [
                    {
                        "occu": 1, 
                        "element": "N"
                    }
                ]
            }, 
            {
                "label": "O", 
                "xyz": [
                    1.8335889937513232, 
                    1.8079852984367188, 
                    2.3285988709177623e-18
                ], 
                "abc": [
                    0.5070807255282284, 
                    0.5000000000000001, 
                    6.439761631168114e-19
                ], 
                "properties": {}, 
                "species": [
                    {
                        "occu": 1, 
                        "element": "O"
                    }
                ]
            }, 
            {
                "label": "O", 
                "xyz": [
                    0.08373825872657886, 
                    1.8079852984367188, 
                    1.8079852984367188
                ], 
                "abc": [
                    0.02315789259984124, 
                    0.5000000000000001, 
                    0.5000000000000001
                ], 
                "properties": {}, 
                "species": [
                    {
                        "occu": 1, 
                        "element": "O"
                    }
                ]
            }
        ], 
        "@class": "Structure", 
        "@module": "pymatgen.core.structure"
    }
}