{
    "A": "Fe", 
    "gllbsc_ind-gap": 0.0, 
    "B": "Mn", 
    "anion": "O2S", 
    "CB_ind": 5.562754095031256, 
    "anion_idx": 6, 
    "heat_of_formation_all": 0.84, 
    "CB_dir": 5.562754095031256, 
    "filename": "/Users/ajain/Documents/papers_proposals/2012Paper_UNCOptimization/data/rawdata/abo2s/c2a061a3d2003fc1083c54982f03b54d81729f06.json", 
    "sum_magnetic_moments": -0.8156081261834747, 
    "VB_dir": 5.562754095031256, 
    "VB_ind": 5.562754095031256, 
    "is_direct": true, 
    "gllbsc_dir-gap": 0.0, 
    "FermiLevel": 0.236509204354, 
    "XCFunctional": "RPBE", 
    "FermiWidth": 0.0018374654734, 
    "structure": {
        "lattice": {
            "a": 4.031253396736109, 
            "c": 4.031253396736109, 
            "b": 4.031253396736109, 
            "matrix": [
                [
                    4.031253396736109, 
                    0.0, 
                    0.0
                ], 
                [
                    0.0, 
                    4.031253396736109, 
                    0.0
                ], 
                [
                    0.0, 
                    0.0, 
                    4.031253396736109
                ]
            ], 
            "volume": 65.51191486855436, 
            "beta": 90.0, 
            "alpha": 90.0, 
            "gamma": 90.0
        }, 
        "sites": [
            {
                "label": "Fe", 
                "xyz": [
                    3.695940451387034, 
                    0.0, 
                    0.0
                ], 
                "abc": [
                    0.9168216650383327, 
                    0.0, 
                    0.0
                ], 
                "properties": {}, 
                "species": [
                    {
                        "occu": 1, 
                        "element": "Fe"
                    }
                ]
            }, 
            {
                "label": "Mn", 
                "xyz": [
                    2.382327702538226, 
                    2.015626698368054, 
                    2.015626698368054
                ], 
                "abc": [
                    0.5909645135349392, 
                    0.4999999999999999, 
                    0.4999999999999999
                ], 
                "properties": {}, 
                "species": [
                    {
                        "occu": 1, 
                        "element": "Mn"
                    }
                ]
            }, 
            {
                "label": "S", 
                "xyz": [
                    1.2094603753881754, 
                    0.0, 
                    2.015626698368054
                ], 
                "abc": [
                    0.3000209255928717, 
                    0.0, 
                    0.4999999999999999
                ], 
                "properties": {}, 
                "species": [
                    {
                        "occu": 1, 
                        "element": "S"
                    }
                ]
            }, 
            {
                "label": "O", 
                "xyz": [
                    2.682803785655795, 
                    2.015626698368054, 
                    6.926815071100975e-18
                ], 
                "abc": [
                    0.6655011535191308, 
                    0.4999999999999999, 
                    1.7182782597365989e-18
                ], 
                "properties": {}, 
                "species": [
                    {
                        "occu": 1, 
                        "element": "O"
                    }
                ]
            }, 
            {
                "label": "O", 
                "xyz": [
                    0.27438973693558444, 
                    2.015626698368054, 
                    2.015626698368054
                ], 
                "abc": [
                    0.06806561382565114, 
                    0.4999999999999999, 
                    0.4999999999999999
                ], 
                "properties": {}, 
                "species": [
                    {
                        "occu": 1, 
                        "element": "O"
                    }
                ]
            }
        ], 
        "@class": "Structure", 
        "@module": "pymatgen.core.structure"
    }
}