{
    "A": "Fe", 
    "gllbsc_ind-gap": 0.0, 
    "B": "Ni", 
    "anion": "ON2", 
    "CB_ind": 5.893435049294416, 
    "anion_idx": 2, 
    "heat_of_formation_all": 1.36, 
    "CB_dir": 5.893435049294416, 
    "filename": "/Users/ajain/Documents/papers_proposals/2012Paper_UNCOptimization/data/rawdata/abon2/97493bedc83dee0bcf3b1e08d8740c322529eefb.json", 
    "sum_magnetic_moments": 3.288843841877298, 
    "VB_dir": 5.893435049294416, 
    "VB_ind": 5.893435049294416, 
    "is_direct": true, 
    "gllbsc_dir-gap": 0.0, 
    "FermiLevel": 0.229934180844, 
    "XCFunctional": "RPBE", 
    "FermiWidth": 0.0018374654734, 
    "structure": {
        "lattice": {
            "a": 3.7593881642874005, 
            "c": 3.7593881642874005, 
            "b": 3.7593881642874005, 
            "matrix": [
                [
                    3.7593881642874005, 
                    0.0, 
                    0.0
                ], 
                [
                    0.0, 
                    3.7593881642874005, 
                    0.0
                ], 
                [
                    0.0, 
                    0.0, 
                    3.7593881642874005
                ]
            ], 
            "volume": 53.13143055664798, 
            "beta": 90.0, 
            "alpha": 90.0, 
            "gamma": 90.0
        }, 
        "sites": [
            {
                "label": "Fe", 
                "xyz": [
                    1.2460523578070966, 
                    1.674056093889167e-11, 
                    3.759388164287391
                ], 
                "abc": [
                    0.3314508381028774, 
                    4.453001447927066e-12, 
                    0.9999999999999976
                ], 
                "properties": {}, 
                "species": [
                    {
                        "occu": 1, 
                        "element": "Fe"
                    }
                ]
            }, 
            {
                "label": "Ni", 
                "xyz": [
                    2.2566057513762647, 
                    1.8796940821437003, 
                    1.8796940821437003
                ], 
                "abc": [
                    0.600258779557021, 
                    0.5, 
                    0.5
                ], 
                "properties": {}, 
                "species": [
                    {
                        "occu": 1, 
                        "element": "Ni"
                    }
                ]
            }, 
            {
                "label": "N", 
                "xyz": [
                    1.8099702011413812, 
                    3.759388164287378, 
                    1.8796940821437003
                ], 
                "abc": [
                    0.48145339668176157, 
                    0.999999999999994, 
                    0.5
                ], 
                "properties": {}, 
                "species": [
                    {
                        "occu": 1, 
                        "element": "N"
                    }
                ]
            }, 
            {
                "label": "N", 
                "xyz": [
                    1.8099702011412193, 
                    1.8796940821437003, 
                    6.482597357925338e-16
                ], 
                "abc": [
                    0.4814533966817185, 
                    0.5, 
                    1.7243756363089277e-16
                ], 
                "properties": {}, 
                "species": [
                    {
                        "occu": 1, 
                        "element": "N"
                    }
                ]
            }, 
            {
                "label": "O", 
                "xyz": [
                    0.25561471120588675, 
                    1.8796940821437003, 
                    1.8796940821437003
                ], 
                "abc": [
                    0.06799370004782122, 
                    0.5, 
                    0.5
                ], 
                "properties": {}, 
                "species": [
                    {
                        "occu": 1, 
                        "element": "O"
                    }
                ]
            }
        ], 
        "@class": "Structure", 
        "@module": "pymatgen.core.structure"
    }
}