{
    "A": "Fe", 
    "gllbsc_ind-gap": 0.0, 
    "B": "Pb", 
    "anion": "O2S", 
    "CB_ind": 5.612691789447561, 
    "anion_idx": 6, 
    "heat_of_formation_all": 1.22, 
    "CB_dir": 5.612691789447561, 
    "filename": "/Users/ajain/Documents/papers_proposals/2012Paper_UNCOptimization/data/rawdata/abo2s/795f08d7a5d78f7dd3b1da1d30f29b6a1d0d0d6a.json", 
    "sum_magnetic_moments": 3.5885825209876785, 
    "VB_dir": 5.612691789447561, 
    "VB_ind": 5.612691789447561, 
    "is_direct": true, 
    "gllbsc_dir-gap": 0.0, 
    "FermiLevel": 0.156114506788, 
    "XCFunctional": "RPBE", 
    "FermiWidth": 0.0018374654734, 
    "structure": {
        "lattice": {
            "a": 4.590698025041038, 
            "c": 4.590698025041038, 
            "b": 4.590698025041038, 
            "matrix": [
                [
                    4.590698025041038, 
                    0.0, 
                    0.0
                ], 
                [
                    0.0, 
                    4.590698025041038, 
                    0.0
                ], 
                [
                    0.0, 
                    0.0, 
                    4.590698025041038
                ]
            ], 
            "volume": 96.74670389372186, 
            "beta": 90.0, 
            "alpha": 90.0, 
            "gamma": 90.0
        }, 
        "sites": [
            {
                "label": "Fe", 
                "xyz": [
                    1.4365205608220752, 
                    0.0, 
                    2.735323071032024e-16
                ], 
                "abc": [
                    0.31291985510400316, 
                    0.0, 
                    5.958403397722009e-17
                ], 
                "properties": {}, 
                "species": [
                    {
                        "occu": 1, 
                        "element": "Fe"
                    }
                ]
            }, 
            {
                "label": "Pb", 
                "xyz": [
                    2.54043762752686, 
                    2.295349012520519, 
                    2.295349012520519
                ], 
                "abc": [
                    0.553388093416175, 
                    0.5, 
                    0.5
                ], 
                "properties": {}, 
                "species": [
                    {
                        "occu": 1, 
                        "element": "Pb"
                    }
                ]
            }, 
            {
                "label": "S", 
                "xyz": [
                    0.8319007414508744, 
                    0.0, 
                    2.295349012520519
                ], 
                "abc": [
                    0.18121443338531024, 
                    0.0, 
                    0.5
                ], 
                "properties": {}, 
                "species": [
                    {
                        "occu": 1, 
                        "element": "S"
                    }
                ]
            }, 
            {
                "label": "O", 
                "xyz": [
                    2.0602551010971393, 
                    2.295349012520519, 
                    1.3949130126620748e-18
                ], 
                "abc": [
                    0.4487890708251763, 
                    0.5, 
                    3.038564081220753e-19
                ], 
                "properties": {}, 
                "species": [
                    {
                        "occu": 1, 
                        "element": "O"
                    }
                ]
            }, 
            {
                "label": "O", 
                "xyz": [
                    0.13113881552808165, 
                    2.295349012520519, 
                    2.295349012520519
                ], 
                "abc": [
                    0.028566203834962407, 
                    0.5, 
                    0.5
                ], 
                "properties": {}, 
                "species": [
                    {
                        "occu": 1, 
                        "element": "O"
                    }
                ]
            }
        ], 
        "@class": "Structure", 
        "@module": "pymatgen.core.structure"
    }
}