{
    "A": "Fe", 
    "gllbsc_ind-gap": 0.0, 
    "B": "Zn", 
    "anion": "ON2", 
    "CB_ind": 5.906768749102362, 
    "anion_idx": 2, 
    "heat_of_formation_all": 1.66, 
    "CB_dir": 5.906768749102362, 
    "filename": "/Users/ajain/Documents/papers_proposals/2012Paper_UNCOptimization/data/rawdata/abon2/a6472cc0ae76508208646b304509f9d3b4804991.json", 
    "sum_magnetic_moments": 2.256432247265145, 
    "VB_dir": 5.906768749102362, 
    "VB_ind": 5.906768749102362, 
    "is_direct": true, 
    "gllbsc_dir-gap": 0.0, 
    "FermiLevel": 0.197654969709, 
    "XCFunctional": "RPBE", 
    "FermiWidth": 0.0018374654734, 
    "structure": {
        "lattice": {
            "a": 3.8809378298745054, 
            "c": 3.8809378298745054, 
            "b": 3.8809378298745054, 
            "matrix": [
                [
                    3.8809378298745054, 
                    0.0, 
                    0.0
                ], 
                [
                    0.0, 
                    3.8809378298745054, 
                    0.0
                ], 
                [
                    0.0, 
                    0.0, 
                    3.8809378298745054
                ]
            ], 
            "volume": 58.45343763668264, 
            "beta": 90.0, 
            "alpha": 90.0, 
            "gamma": 90.0
        }, 
        "sites": [
            {
                "label": "Fe", 
                "xyz": [
                    1.1362821845311337, 
                    3.2554327498672166e-16, 
                    0.0
                ], 
                "abc": [
                    0.29278546432367786, 
                    8.388263076021717e-17, 
                    0.0
                ], 
                "properties": {}, 
                "species": [
                    {
                        "occu": 1, 
                        "element": "Fe"
                    }
                ]
            }, 
            {
                "label": "Zn", 
                "xyz": [
                    1.9565423357979705, 
                    1.9404689149372527, 
                    1.9404689149372527
                ], 
                "abc": [
                    0.5041416331735563, 
                    0.5, 
                    0.5
                ], 
                "properties": {}, 
                "species": [
                    {
                        "occu": 1, 
                        "element": "Zn"
                    }
                ]
            }, 
            {
                "label": "N", 
                "xyz": [
                    1.0942783404322942, 
                    0.0, 
                    1.9404689149372527
                ], 
                "abc": [
                    0.2819623473503772, 
                    0.0, 
                    0.5
                ], 
                "properties": {}, 
                "species": [
                    {
                        "occu": 1, 
                        "element": "N"
                    }
                ]
            }, 
            {
                "label": "N", 
                "xyz": [
                    1.0942783404322942, 
                    1.9404689149372527, 
                    2.2501118953569484e-18
                ], 
                "abc": [
                    0.2819623473503772, 
                    0.5, 
                    5.7978560698296685e-19
                ], 
                "properties": {}, 
                "species": [
                    {
                        "occu": 1, 
                        "element": "N"
                    }
                ]
            }, 
            {
                "label": "O", 
                "xyz": [
                    3.8044281015385315, 
                    1.9404689149372527, 
                    1.9404689149372527
                ], 
                "abc": [
                    0.9802857629547629, 
                    0.5, 
                    0.5
                ], 
                "properties": {}, 
                "species": [
                    {
                        "occu": 1, 
                        "element": "O"
                    }
                ]
            }
        ], 
        "@class": "Structure", 
        "@module": "pymatgen.core.structure"
    }
}