{
    "A": "Ga", 
    "gllbsc_ind-gap": 0.0, 
    "B": "Ag", 
    "anion": "O3", 
    "CB_ind": 5.709309352572364, 
    "anion_idx": 0, 
    "heat_of_formation_all": 1.54, 
    "CB_dir": 5.709309352572364, 
    "filename": "/Users/ajain/Documents/papers_proposals/2012Paper_UNCOptimization/data/rawdata/abo3/d080c2f5e07ce69e0bd8cf7bbec88c1343b7c00d.json", 
    "sum_magnetic_moments": -0.0005075375129381713, 
    "VB_dir": 5.709309352572364, 
    "VB_ind": 5.709309352572364, 
    "is_direct": true, 
    "gllbsc_dir-gap": 0.0, 
    "FermiLevel": 0.131452114235, 
    "XCFunctional": "RPBE", 
    "FermiWidth": 0.0018374654734, 
    "structure": {
        "lattice": {
            "a": 4.142005784654753, 
            "c": 4.142005784654753, 
            "b": 4.142005784654753, 
            "matrix": [
                [
                    4.142005784654753, 
                    0.0, 
                    0.0
                ], 
                [
                    0.0, 
                    4.142005784654753, 
                    0.0
                ], 
                [
                    0.0, 
                    0.0, 
                    4.142005784654753
                ]
            ], 
            "volume": 71.06112901587268, 
            "beta": 90.0, 
            "alpha": 90.0, 
            "gamma": 90.0
        }, 
        "sites": [
            {
                "label": "Ga", 
                "xyz": [
                    0.9583923024158425, 
                    7.776362024798353e-16, 
                    0.0
                ], 
                "abc": [
                    0.23138362239050494, 
                    1.8774387166739635e-16, 
                    0.0
                ], 
                "properties": {}, 
                "species": [
                    {
                        "occu": 1, 
                        "element": "Ga"
                    }
                ]
            }, 
            {
                "label": "Ag", 
                "xyz": [
                    2.0335235501552305, 
                    2.0710028923273773, 
                    2.0710028923273773
                ], 
                "abc": [
                    0.49095140274525956, 
                    0.5000000000000002, 
                    0.5000000000000002
                ], 
                "properties": {}, 
                "species": [
                    {
                        "occu": 1, 
                        "element": "Ag"
                    }
                ]
            }, 
            {
                "label": "O", 
                "xyz": [
                    1.6067819705792614, 
                    0.0, 
                    2.0710028923273773
                ], 
                "abc": [
                    0.38792364234063736, 
                    0.0, 
                    0.5000000000000002
                ], 
                "properties": {}, 
                "species": [
                    {
                        "occu": 1, 
                        "element": "O"
                    }
                ]
            }, 
            {
                "label": "O", 
                "xyz": [
                    1.6067819705792614, 
                    2.0710028923273773, 
                    4.237010904756956e-18
                ], 
                "abc": [
                    0.38792364234063736, 
                    0.5000000000000002, 
                    1.0229369839255603e-18
                ], 
                "properties": {}, 
                "species": [
                    {
                        "occu": 1, 
                        "element": "O"
                    }
                ]
            }, 
            {
                "label": "O", 
                "xyz": [
                    4.067517774648678, 
                    2.0710028923273773, 
                    2.0710028923273773
                ], 
                "abc": [
                    0.9820164398895731, 
                    0.5000000000000002, 
                    0.5000000000000002
                ], 
                "properties": {}, 
                "species": [
                    {
                        "occu": 1, 
                        "element": "O"
                    }
                ]
            }
        ], 
        "@class": "Structure", 
        "@module": "pymatgen.core.structure"
    }
}