{
    "A": "Ga", 
    "gllbsc_ind-gap": 0.0, 
    "B": "Co", 
    "anion": "OFN", 
    "CB_ind": 6.010072487953121, 
    "anion_idx": 5, 
    "heat_of_formation_all": 1.12, 
    "CB_dir": 6.010072487953121, 
    "filename": "/Users/ajain/Documents/papers_proposals/2012Paper_UNCOptimization/data/rawdata/abofn/01119edfd5437f2b374c54540963bc222c935148.json", 
    "sum_magnetic_moments": 2.0495471894582877, 
    "VB_dir": 6.010072487953121, 
    "VB_ind": 6.010072487953121, 
    "is_direct": true, 
    "gllbsc_dir-gap": 0.0, 
    "FermiLevel": 0.208452185873, 
    "XCFunctional": "RPBE", 
    "FermiWidth": 0.0036749309468, 
    "structure": {
        "lattice": {
            "a": 3.8303101345136112, 
            "c": 3.8303101345136112, 
            "b": 3.8303101345136112, 
            "matrix": [
                [
                    3.8303101345136112, 
                    0.0, 
                    0.0
                ], 
                [
                    0.0, 
                    3.8303101345136112, 
                    0.0
                ], 
                [
                    0.0, 
                    0.0, 
                    3.8303101345136112
                ]
            ], 
            "volume": 56.195536101677426, 
            "beta": 90.0, 
            "alpha": 90.0, 
            "gamma": 90.0
        }, 
        "sites": [
            {
                "label": "Ga", 
                "xyz": [
                    0.003152184947991814, 
                    0.0, 
                    0.0
                ], 
                "abc": [
                    0.0008229581515054241, 
                    0.0, 
                    0.0
                ], 
                "properties": {}, 
                "species": [
                    {
                        "occu": 1, 
                        "element": "Ga"
                    }
                ]
            }, 
            {
                "label": "Co", 
                "xyz": [
                    1.9319056346256063, 
                    1.9151550672568056, 
                    1.9151550672568056
                ], 
                "abc": [
                    0.5043731621671746, 
                    0.5, 
                    0.5
                ], 
                "properties": {}, 
                "species": [
                    {
                        "occu": 1, 
                        "element": "Co"
                    }
                ]
            }, 
            {
                "label": "F", 
                "xyz": [
                    1.9148515049929802, 
                    0.0, 
                    1.9151550672568056
                ], 
                "abc": [
                    0.4999207473407727, 
                    0.0, 
                    0.5
                ], 
                "properties": {}, 
                "species": [
                    {
                        "occu": 1, 
                        "element": "F"
                    }
                ]
            }, 
            {
                "label": "N", 
                "xyz": [
                    1.916221739673417, 
                    1.9151550672568056, 
                    0.0
                ], 
                "abc": [
                    0.5002784819973192, 
                    0.5, 
                    0.0
                ], 
                "properties": {}, 
                "species": [
                    {
                        "occu": 1, 
                        "element": "N"
                    }
                ]
            }, 
            {
                "label": "O", 
                "xyz": [
                    0.01730329303698934, 
                    1.9151550672568056, 
                    1.9151550672568056
                ], 
                "abc": [
                    0.004517465278092053, 
                    0.5, 
                    0.5
                ], 
                "properties": {}, 
                "species": [
                    {
                        "occu": 1, 
                        "element": "O"
                    }
                ]
            }
        ], 
        "@class": "Structure", 
        "@module": "pymatgen.core.structure"
    }
}