{
    "A": "Ga", 
    "gllbsc_ind-gap": 0.0, 
    "B": "Mg", 
    "anion": "N3", 
    "CB_ind": 5.404517105327594, 
    "anion_idx": 3, 
    "heat_of_formation_all": 2.52, 
    "CB_dir": 5.404517105327594, 
    "filename": "/Users/ajain/Documents/papers_proposals/2012Paper_UNCOptimization/data/rawdata/abn3/1ea5c95bb65c66a18be3c572fe061222ac98dea6.json", 
    "sum_magnetic_moments": 4.382419383807115, 
    "VB_dir": 5.404517105327594, 
    "VB_ind": 5.404517105327594, 
    "is_direct": true, 
    "gllbsc_dir-gap": 0.0, 
    "FermiLevel": 0.131838365488, 
    "XCFunctional": "RPBE", 
    "FermiWidth": 0.0018374654734, 
    "structure": {
        "lattice": {
            "a": 4.042612657441618, 
            "c": 4.042612657441618, 
            "b": 4.042612657441618, 
            "matrix": [
                [
                    4.042612657441618, 
                    0.0, 
                    0.0
                ], 
                [
                    0.0, 
                    4.042612657441618, 
                    0.0
                ], 
                [
                    0.0, 
                    0.0, 
                    4.042612657441618
                ]
            ], 
            "volume": 66.06727499779562, 
            "beta": 90.0, 
            "alpha": 90.0, 
            "gamma": 90.0
        }, 
        "sites": [
            {
                "label": "Ga", 
                "xyz": [
                    0.0011050612484422837, 
                    1.8913544859876339e-19, 
                    0.0
                ], 
                "abc": [
                    0.00027335323516787925, 
                    4.67854490710615e-20, 
                    0.0
                ], 
                "properties": {}, 
                "species": [
                    {
                        "occu": 1, 
                        "element": "Ga"
                    }
                ]
            }, 
            {
                "label": "Mg", 
                "xyz": [
                    2.0423837513064496, 
                    2.021306328720809, 
                    2.021306328720809
                ], 
                "abc": [
                    0.5052138120497005, 
                    0.5, 
                    0.5
                ], 
                "properties": {}, 
                "species": [
                    {
                        "occu": 1, 
                        "element": "Mg"
                    }
                ]
            }, 
            {
                "label": "N", 
                "xyz": [
                    2.020345047922103, 
                    0.0, 
                    2.021306328720809
                ], 
                "abc": [
                    0.4997622129844826, 
                    0.0, 
                    0.5
                ], 
                "properties": {}, 
                "species": [
                    {
                        "occu": 1, 
                        "element": "N"
                    }
                ]
            }, 
            {
                "label": "N", 
                "xyz": [
                    2.020345047922103, 
                    2.021306328720809, 
                    1.3026462472393986e-33
                ], 
                "abc": [
                    0.4997622129844826, 
                    0.5, 
                    3.2222880538443252e-34
                ], 
                "properties": {}, 
                "species": [
                    {
                        "occu": 1, 
                        "element": "N"
                    }
                ]
            }, 
            {
                "label": "N", 
                "xyz": [
                    0.02008640255415095, 
                    2.021306328720809, 
                    2.021306328720809
                ], 
                "abc": [
                    0.004968668595339209, 
                    0.5, 
                    0.5
                ], 
                "properties": {}, 
                "species": [
                    {
                        "occu": 1, 
                        "element": "N"
                    }
                ]
            }
        ], 
        "@class": "Structure", 
        "@module": "pymatgen.core.structure"
    }
}