{
    "A": "Ga", 
    "gllbsc_ind-gap": 0.0, 
    "B": "Sb", 
    "anion": "OFN", 
    "CB_ind": 6.156506845397976, 
    "anion_idx": 5, 
    "heat_of_formation_all": 0.94, 
    "CB_dir": 6.156506845397976, 
    "filename": "/Users/ajain/Documents/papers_proposals/2012Paper_UNCOptimization/data/rawdata/abofn/703159644501f2a2d200733c94124aa859e029f0.json", 
    "sum_magnetic_moments": 1.164096648764712e-05, 
    "VB_dir": 6.156506845397976, 
    "VB_ind": 6.156506845397976, 
    "is_direct": true, 
    "gllbsc_dir-gap": 0.0, 
    "FermiLevel": 0.198331576328, 
    "XCFunctional": "RPBE", 
    "FermiWidth": 0.0036749309468, 
    "structure": {
        "lattice": {
            "a": 4.192652618714643, 
            "c": 4.192652618714643, 
            "b": 4.192652618714643, 
            "matrix": [
                [
                    4.192652618714643, 
                    0.0, 
                    0.0
                ], 
                [
                    0.0, 
                    4.192652618714643, 
                    0.0
                ], 
                [
                    0.0, 
                    0.0, 
                    4.192652618714643
                ]
            ], 
            "volume": 73.69985638428587, 
            "beta": 90.0, 
            "alpha": 90.0, 
            "gamma": 90.0
        }, 
        "sites": [
            {
                "label": "Ga", 
                "xyz": [
                    0.006055207701086357, 
                    0.0, 
                    0.0
                ], 
                "abc": [
                    0.0014442426434419756, 
                    0.0, 
                    0.0
                ], 
                "properties": {}, 
                "species": [
                    {
                        "occu": 1, 
                        "element": "Ga"
                    }
                ]
            }, 
            {
                "label": "Sb", 
                "xyz": [
                    2.1166776778078327, 
                    2.096326309357322, 
                    2.096326309357322
                ], 
                "abc": [
                    0.5048540554873707, 
                    0.5000000000000001, 
                    0.5000000000000001
                ], 
                "properties": {}, 
                "species": [
                    {
                        "occu": 1, 
                        "element": "Sb"
                    }
                ]
            }, 
            {
                "label": "F", 
                "xyz": [
                    2.0942953169934087, 
                    0.0, 
                    2.096326309357322
                ], 
                "abc": [
                    0.49951558296176335, 
                    0.0, 
                    0.5000000000000001
                ], 
                "properties": {}, 
                "species": [
                    {
                        "occu": 1, 
                        "element": "F"
                    }
                ]
            }, 
            {
                "label": "N", 
                "xyz": [
                    2.09387785884051, 
                    2.096326309357322, 
                    0.0
                ], 
                "abc": [
                    0.49941601397981733, 
                    0.5000000000000001, 
                    0.0
                ], 
                "properties": {}, 
                "species": [
                    {
                        "occu": 1, 
                        "element": "N"
                    }
                ]
            }, 
            {
                "label": "O", 
                "xyz": [
                    0.020016164510672497, 
                    2.096326309357322, 
                    2.096326309357322
                ], 
                "abc": [
                    0.004774105162284809, 
                    0.5000000000000001, 
                    0.5000000000000001
                ], 
                "properties": {}, 
                "species": [
                    {
                        "occu": 1, 
                        "element": "O"
                    }
                ]
            }
        ], 
        "@class": "Structure", 
        "@module": "pymatgen.core.structure"
    }
}