{
    "A": "Ga", 
    "gllbsc_ind-gap": 0.0, 
    "B": "Sn", 
    "anion": "O2N", 
    "CB_ind": 5.633114247536801, 
    "anion_idx": 1, 
    "heat_of_formation_all": 0.8, 
    "CB_dir": 5.633114247536801, 
    "filename": "/Users/ajain/Documents/papers_proposals/2012Paper_UNCOptimization/data/rawdata/abo2n/4084e5b354ff01d04216b7e88e686dcf357e5136.json", 
    "sum_magnetic_moments": -0.0029278881045679316, 
    "VB_dir": 5.633114247536801, 
    "VB_ind": 5.633114247536801, 
    "is_direct": true, 
    "gllbsc_dir-gap": 0.0, 
    "FermiLevel": 0.18947663163, 
    "XCFunctional": "RPBE", 
    "FermiWidth": 0.0018374654734, 
    "structure": {
        "lattice": {
            "a": 4.150596780646098, 
            "c": 4.150596780646098, 
            "b": 4.150596780646098, 
            "matrix": [
                [
                    4.150596780646098, 
                    0.0, 
                    0.0
                ], 
                [
                    0.0, 
                    4.150596780646098, 
                    0.0
                ], 
                [
                    0.0, 
                    0.0, 
                    4.150596780646098
                ]
            ], 
            "volume": 71.5042135982767, 
            "beta": 90.0, 
            "alpha": 90.0, 
            "gamma": 90.0
        }, 
        "sites": [
            {
                "label": "Ga", 
                "xyz": [
                    1.1491664845430787, 
                    4.150596780646096, 
                    8.545650160571169e-17
                ], 
                "abc": [
                    0.27686777234096804, 
                    0.9999999999999997, 
                    2.0588967351439326e-17
                ], 
                "properties": {}, 
                "species": [
                    {
                        "occu": 1, 
                        "element": "Ga"
                    }
                ]
            }, 
            {
                "label": "Sn", 
                "xyz": [
                    2.189992193773045, 
                    2.075298390323049, 
                    2.075298390323049
                ], 
                "abc": [
                    0.5276330873634374, 
                    0.5, 
                    0.5
                ], 
                "properties": {}, 
                "species": [
                    {
                        "occu": 1, 
                        "element": "Sn"
                    }
                ]
            }, 
            {
                "label": "N", 
                "xyz": [
                    1.6766696111050408, 
                    0.0, 
                    2.075298390323049
                ], 
                "abc": [
                    0.40395868346528324, 
                    0.0, 
                    0.5
                ], 
                "properties": {}, 
                "species": [
                    {
                        "occu": 1, 
                        "element": "N"
                    }
                ]
            }, 
            {
                "label": "O", 
                "xyz": [
                    1.8051833176301189, 
                    2.075298390323049, 
                    0.0
                ], 
                "abc": [
                    0.4349213891475907, 
                    0.5, 
                    0.0
                ], 
                "properties": {}, 
                "species": [
                    {
                        "occu": 1, 
                        "element": "O"
                    }
                ]
            }, 
            {
                "label": "O", 
                "xyz": [
                    0.016275728956203224, 
                    2.075298390323049, 
                    2.075298390323049
                ], 
                "abc": [
                    0.003921298506300503, 
                    0.5, 
                    0.5
                ], 
                "properties": {}, 
                "species": [
                    {
                        "occu": 1, 
                        "element": "O"
                    }
                ]
            }
        ], 
        "@class": "Structure", 
        "@module": "pymatgen.core.structure"
    }
}