{
    "A": "Ga", 
    "gllbsc_ind-gap": 1.3, 
    "B": "Ti", 
    "anion": "O2F", 
    "CB_ind": 5.141645229646444, 
    "anion_idx": 4, 
    "heat_of_formation_all": 0.22, 
    "CB_dir": 4.841645229646444, 
    "filename": "/Users/ajain/Documents/papers_proposals/2012Paper_UNCOptimization/data/rawdata/abo2f/a3528e846df2b3ef17780ee135eb87bbe3324632.json", 
    "sum_magnetic_moments": -1.0518279700832664e-15, 
    "VB_dir": 6.741645229646444, 
    "VB_ind": 6.441645229646444, 
    "is_direct": false, 
    "gllbsc_dir-gap": 1.9, 
    "FermiLevel": 0.204409913056, 
    "XCFunctional": "RPBE", 
    "FermiWidth": 0.0036749309468, 
    "structure": {
        "lattice": {
            "a": 3.980132617292185, 
            "c": 3.980132617292185, 
            "b": 3.980132617292185, 
            "matrix": [
                [
                    3.980132617292185, 
                    0.0, 
                    0.0
                ], 
                [
                    0.0, 
                    3.980132617292185, 
                    0.0
                ], 
                [
                    0.0, 
                    0.0, 
                    3.980132617292185
                ]
            ], 
            "volume": 63.05109434286064, 
            "beta": 90.0, 
            "alpha": 90.0, 
            "gamma": 90.0
        }, 
        "sites": [
            {
                "label": "Ga", 
                "xyz": [
                    0.1532358419044849, 
                    0.0, 
                    0.0
                ], 
                "abc": [
                    0.03850018495331853, 
                    0.0, 
                    0.0
                ], 
                "properties": {}, 
                "species": [
                    {
                        "occu": 1, 
                        "element": "Ga"
                    }
                ]
            }, 
            {
                "label": "Ti", 
                "xyz": [
                    2.149830644640983, 
                    1.9900663086460924, 
                    1.9900663086460924
                ], 
                "abc": [
                    0.5401404554463272, 
                    0.49999999999999994, 
                    0.49999999999999994
                ], 
                "properties": {}, 
                "species": [
                    {
                        "occu": 1, 
                        "element": "Ti"
                    }
                ]
            }, 
            {
                "label": "F", 
                "xyz": [
                    1.8859924101521863, 
                    0.0, 
                    1.9900663086460924
                ], 
                "abc": [
                    0.47385165056014866, 
                    0.0, 
                    0.49999999999999994
                ], 
                "properties": {}, 
                "species": [
                    {
                        "occu": 1, 
                        "element": "F"
                    }
                ]
            }, 
            {
                "label": "O", 
                "xyz": [
                    1.8829223866124836, 
                    1.9900663086460924, 
                    0.0
                ], 
                "abc": [
                    0.47308031356339514, 
                    0.49999999999999994, 
                    0.0
                ], 
                "properties": {}, 
                "species": [
                    {
                        "occu": 1, 
                        "element": "O"
                    }
                ]
            }, 
            {
                "label": "O", 
                "xyz": [
                    3.8980346594813504, 
                    1.9900663086460924, 
                    1.9900663086460924
                ], 
                "abc": [
                    0.9793730597181235, 
                    0.49999999999999994, 
                    0.49999999999999994
                ], 
                "properties": {}, 
                "species": [
                    {
                        "occu": 1, 
                        "element": "O"
                    }
                ]
            }
        ], 
        "@class": "Structure", 
        "@module": "pymatgen.core.structure"
    }
}