{
    "A": "Ga", 
    "gllbsc_ind-gap": 0.0, 
    "B": "V", 
    "anion": "O2S", 
    "CB_ind": 5.269465472961304, 
    "anion_idx": 6, 
    "heat_of_formation_all": 0.52, 
    "CB_dir": 5.269465472961304, 
    "filename": "/Users/ajain/Documents/papers_proposals/2012Paper_UNCOptimization/data/rawdata/abo2s/26aef1c5c6bffbdf7a0d09f39dd56fc89578e2bd.json", 
    "sum_magnetic_moments": -0.0001006056319958759, 
    "VB_dir": 5.269465472961304, 
    "VB_ind": 5.269465472961304, 
    "is_direct": true, 
    "gllbsc_dir-gap": 0.0, 
    "FermiLevel": 0.173638908667, 
    "XCFunctional": "RPBE", 
    "FermiWidth": 0.0018374654734, 
    "structure": {
        "lattice": {
            "a": 4.249480200014401, 
            "c": 4.249480200014401, 
            "b": 4.249480200014401, 
            "matrix": [
                [
                    4.249480200014401, 
                    0.0, 
                    0.0
                ], 
                [
                    0.0, 
                    4.249480200014401, 
                    0.0
                ], 
                [
                    0.0, 
                    0.0, 
                    4.249480200014401
                ]
            ], 
            "volume": 76.73746178308822, 
            "beta": 90.0, 
            "alpha": 90.0, 
            "gamma": 90.0
        }, 
        "sites": [
            {
                "label": "Ga", 
                "xyz": [
                    0.144317616515038, 
                    0.0, 
                    0.0
                ], 
                "abc": [
                    0.033961239898128937, 
                    0.0, 
                    0.0
                ], 
                "properties": {}, 
                "species": [
                    {
                        "occu": 1, 
                        "element": "Ga"
                    }
                ]
            }, 
            {
                "label": "V", 
                "xyz": [
                    2.4734094082487834, 
                    2.1247401000072, 
                    2.1247401000072
                ], 
                "abc": [
                    0.5820498724150783, 
                    0.4999999999999999, 
                    0.4999999999999999
                ], 
                "properties": {}, 
                "species": [
                    {
                        "occu": 1, 
                        "element": "V"
                    }
                ]
            }, 
            {
                "label": "S", 
                "xyz": [
                    1.627943731271727, 
                    0.0, 
                    2.1247401000072
                ], 
                "abc": [
                    0.3830924382860309, 
                    0.0, 
                    0.4999999999999999
                ], 
                "properties": {}, 
                "species": [
                    {
                        "occu": 1, 
                        "element": "S"
                    }
                ]
            }, 
            {
                "label": "O", 
                "xyz": [
                    2.246416981866279, 
                    2.1247401000072, 
                    0.0
                ], 
                "abc": [
                    0.5286333565829219, 
                    0.4999999999999999, 
                    0.0
                ], 
                "properties": {}, 
                "species": [
                    {
                        "occu": 1, 
                        "element": "O"
                    }
                ]
            }, 
            {
                "label": "O", 
                "xyz": [
                    4.18829158691848, 
                    2.1247401000072, 
                    2.1247401000072
                ], 
                "abc": [
                    0.9856009181791896, 
                    0.4999999999999999, 
                    0.4999999999999999
                ], 
                "properties": {}, 
                "species": [
                    {
                        "occu": 1, 
                        "element": "O"
                    }
                ]
            }
        ], 
        "@class": "Structure", 
        "@module": "pymatgen.core.structure"
    }
}