{
    "A": "Ge", 
    "gllbsc_ind-gap": 0.0, 
    "B": "Al", 
    "anion": "O2S", 
    "CB_ind": 5.537689999486603, 
    "anion_idx": 6, 
    "heat_of_formation_all": 1.0, 
    "CB_dir": 5.537689999486603, 
    "filename": "/Users/ajain/Documents/papers_proposals/2012Paper_UNCOptimization/data/rawdata/abo2s/4b01a9c9260f01995beb5651a0c10c3628a81d7e.json", 
    "sum_magnetic_moments": 0.855183960958998, 
    "VB_dir": 5.537689999486603, 
    "VB_ind": 5.537689999486603, 
    "is_direct": true, 
    "gllbsc_dir-gap": 0.0, 
    "FermiLevel": 0.156390370731, 
    "XCFunctional": "RPBE", 
    "FermiWidth": 0.0018374654734, 
    "structure": {
        "lattice": {
            "a": 4.2095731708757995, 
            "c": 4.2095731708757995, 
            "b": 4.2095731708757995, 
            "matrix": [
                [
                    4.2095731708757995, 
                    0.0, 
                    0.0
                ], 
                [
                    0.0, 
                    4.2095731708757995, 
                    0.0
                ], 
                [
                    0.0, 
                    0.0, 
                    4.2095731708757995
                ]
            ], 
            "volume": 74.59576781465408, 
            "beta": 90.0, 
            "alpha": 90.0, 
            "gamma": 90.0
        }, 
        "sites": [
            {
                "label": "Ge", 
                "xyz": [
                    0.5544054882348632, 
                    4.209573170875799, 
                    9.345647155149481e-17
                ], 
                "abc": [
                    0.13170111689008115, 
                    0.9999999999999999, 
                    2.2200937662297777e-17
                ], 
                "properties": {}, 
                "species": [
                    {
                        "occu": 1, 
                        "element": "Ge"
                    }
                ]
            }, 
            {
                "label": "Al", 
                "xyz": [
                    2.3400928619611814, 
                    2.1047865854379, 
                    2.1047865854379
                ], 
                "abc": [
                    0.555897894387788, 
                    0.5000000000000001, 
                    0.5000000000000001
                ], 
                "properties": {}, 
                "species": [
                    {
                        "occu": 1, 
                        "element": "Al"
                    }
                ]
            }, 
            {
                "label": "S", 
                "xyz": [
                    1.7226264487366951, 
                    9.633923379804711e-18, 
                    2.1047865854379
                ], 
                "abc": [
                    0.4092164166796758, 
                    2.2885748717845375e-18, 
                    0.5000000000000001
                ], 
                "properties": {}, 
                "species": [
                    {
                        "occu": 1, 
                        "element": "S"
                    }
                ]
            }, 
            {
                "label": "O", 
                "xyz": [
                    1.8099377115812165, 
                    2.1047865854379, 
                    9.405956319084698e-19
                ], 
                "abc": [
                    0.4299575368123747, 
                    0.5000000000000001, 
                    2.2344204358200512e-19
                ], 
                "properties": {}, 
                "species": [
                    {
                        "occu": 1, 
                        "element": "O"
                    }
                ]
            }, 
            {
                "label": "O", 
                "xyz": [
                    4.13627113509112, 
                    2.1047865854379, 
                    2.1047865854379
                ], 
                "abc": [
                    0.982586824647253, 
                    0.5000000000000001, 
                    0.5000000000000001
                ], 
                "properties": {}, 
                "species": [
                    {
                        "occu": 1, 
                        "element": "O"
                    }
                ]
            }
        ], 
        "@class": "Structure", 
        "@module": "pymatgen.core.structure"
    }
}