{
    "A": "Ge", 
    "gllbsc_ind-gap": 0.0, 
    "B": "Ba", 
    "anion": "O2F", 
    "CB_ind": 5.920885484846509, 
    "anion_idx": 4, 
    "heat_of_formation_all": 1.6, 
    "CB_dir": 5.920885484846509, 
    "filename": "/Users/ajain/Documents/papers_proposals/2012Paper_UNCOptimization/data/rawdata/abo2f/c212ce0c755fc6ca3b006e9597c816295e6813c5.json", 
    "sum_magnetic_moments": 0.0, 
    "VB_dir": 5.920885484846509, 
    "VB_ind": 5.920885484846509, 
    "is_direct": true, 
    "gllbsc_dir-gap": 0.0, 
    "FermiLevel": 0.0855727583953, 
    "XCFunctional": "RPBE", 
    "FermiWidth": 0.0036749309468, 
    "structure": {
        "lattice": {
            "a": 4.890385502196674, 
            "c": 4.890385502196674, 
            "b": 4.890385502196674, 
            "matrix": [
                [
                    4.890385502196674, 
                    0.0, 
                    0.0
                ], 
                [
                    0.0, 
                    4.890385502196674, 
                    0.0
                ], 
                [
                    0.0, 
                    0.0, 
                    4.890385502196674
                ]
            ], 
            "volume": 116.95782568142576, 
            "beta": 90.0, 
            "alpha": 90.0, 
            "gamma": 90.0
        }, 
        "sites": [
            {
                "label": "Ge", 
                "xyz": [
                    0.001880684942549852, 
                    0.0, 
                    0.0
                ], 
                "abc": [
                    0.00038456783043076706, 
                    0.0, 
                    0.0
                ], 
                "properties": {}, 
                "species": [
                    {
                        "occu": 1, 
                        "element": "Ge"
                    }
                ]
            }, 
            {
                "label": "Ba", 
                "xyz": [
                    2.469665549378458, 
                    2.4451927510983373, 
                    2.4451927510983373
                ], 
                "abc": [
                    0.5050042677145039, 
                    0.5000000000000001, 
                    0.5000000000000001
                ], 
                "properties": {}, 
                "species": [
                    {
                        "occu": 1, 
                        "element": "Ba"
                    }
                ]
            }, 
            {
                "label": "F", 
                "xyz": [
                    2.443651217222913, 
                    0.0, 
                    2.4451927510983373
                ], 
                "abc": [
                    0.49968478274877687, 
                    0.0, 
                    0.5000000000000001
                ], 
                "properties": {}, 
                "species": [
                    {
                        "occu": 1, 
                        "element": "F"
                    }
                ]
            }, 
            {
                "label": "O", 
                "xyz": [
                    2.4462992567208017, 
                    2.4451927510983373, 
                    0.0
                ], 
                "abc": [
                    0.5002262614311219, 
                    0.5000000000000001, 
                    0.0
                ], 
                "properties": {}, 
                "species": [
                    {
                        "occu": 1, 
                        "element": "O"
                    }
                ]
            }, 
            {
                "label": "O", 
                "xyz": [
                    0.021766335529632454, 
                    2.4451927510983373, 
                    2.4451927510983373
                ], 
                "abc": [
                    0.004450842478543952, 
                    0.5000000000000001, 
                    0.5000000000000001
                ], 
                "properties": {}, 
                "species": [
                    {
                        "occu": 1, 
                        "element": "O"
                    }
                ]
            }
        ], 
        "@class": "Structure", 
        "@module": "pymatgen.core.structure"
    }
}