{
    "A": "Ge", 
    "gllbsc_ind-gap": 0.0, 
    "B": "Mo", 
    "anion": "O3", 
    "CB_ind": 5.9819320221672765, 
    "anion_idx": 0, 
    "heat_of_formation_all": 0.52, 
    "CB_dir": 5.9819320221672765, 
    "filename": "/Users/ajain/Documents/papers_proposals/2012Paper_UNCOptimization/data/rawdata/abo3/534f6dbb2525f93d2195672be91a066db01fbe14.json", 
    "sum_magnetic_moments": 0.31538954458449453, 
    "VB_dir": 5.9819320221672765, 
    "VB_ind": 5.9819320221672765, 
    "is_direct": true, 
    "gllbsc_dir-gap": 0.0, 
    "FermiLevel": 0.284246680329, 
    "XCFunctional": "RPBE", 
    "FermiWidth": 0.0018374654734, 
    "structure": {
        "lattice": {
            "a": 3.9917630585676527, 
            "c": 3.9917630585676527, 
            "b": 3.9917630585676527, 
            "matrix": [
                [
                    3.9917630585676527, 
                    0.0, 
                    0.0
                ], 
                [
                    0.0, 
                    3.9917630585676527, 
                    0.0
                ], 
                [
                    0.0, 
                    0.0, 
                    3.9917630585676527
                ]
            ], 
            "volume": 63.605440418843806, 
            "beta": 90.0, 
            "alpha": 90.0, 
            "gamma": 90.0
        }, 
        "sites": [
            {
                "label": "Ge", 
                "xyz": [
                    0.0014857894284162627, 
                    1.840397052877852e-18, 
                    1.6438095778877684e-18
                ], 
                "abc": [
                    0.00037221383298972714, 
                    4.610486709444708e-19, 
                    4.118003883921932e-19
                ], 
                "properties": {}, 
                "species": [
                    {
                        "occu": 1, 
                        "element": "Ge"
                    }
                ]
            }, 
            {
                "label": "Mo", 
                "xyz": [
                    2.0022525703932286, 
                    1.9958815292838257, 
                    1.9958815292838257
                ], 
                "abc": [
                    0.5015960469135882, 
                    0.49999999999999983, 
                    0.49999999999999983
                ], 
                "properties": {}, 
                "species": [
                    {
                        "occu": 1, 
                        "element": "Mo"
                    }
                ]
            }, 
            {
                "label": "O", 
                "xyz": [
                    2.006338951874865, 
                    1.6250959983402118e-19, 
                    1.9958815292838257
                ], 
                "abc": [
                    0.5026197503302692, 
                    4.071123397096966e-20, 
                    0.49999999999999983
                ], 
                "properties": {}, 
                "species": [
                    {
                        "occu": 1, 
                        "element": "O"
                    }
                ]
            }, 
            {
                "label": "O", 
                "xyz": [
                    2.006338951874865, 
                    1.9958815292838257, 
                    4.8182564588399186e-21
                ], 
                "abc": [
                    0.5026197503302692, 
                    0.49999999999999983, 
                    1.2070497141603473e-21
                ], 
                "properties": {}, 
                "species": [
                    {
                        "occu": 1, 
                        "element": "O"
                    }
                ]
            }, 
            {
                "label": "O", 
                "xyz": [
                    0.007152628449484932, 
                    1.9958815292838257, 
                    1.9958815292838257
                ], 
                "abc": [
                    0.0017918469469606945, 
                    0.49999999999999983, 
                    0.49999999999999983
                ], 
                "properties": {}, 
                "species": [
                    {
                        "occu": 1, 
                        "element": "O"
                    }
                ]
            }
        ], 
        "@class": "Structure", 
        "@module": "pymatgen.core.structure"
    }
}