{
    "A": "Ge", 
    "gllbsc_ind-gap": 0.0, 
    "B": "Na", 
    "anion": "OFN", 
    "CB_ind": 5.952186926811524, 
    "anion_idx": 5, 
    "heat_of_formation_all": 1.52, 
    "CB_dir": 5.952186926811524, 
    "filename": "/Users/ajain/Documents/papers_proposals/2012Paper_UNCOptimization/data/rawdata/abofn/1794254a02f43f9ef28d7fee293117541cd20dd7.json", 
    "sum_magnetic_moments": 0.0, 
    "VB_dir": 5.952186926811524, 
    "VB_ind": 5.952186926811524, 
    "is_direct": true, 
    "gllbsc_dir-gap": 0.0, 
    "FermiLevel": 0.0730725881731, 
    "XCFunctional": "RPBE", 
    "FermiWidth": 0.0036749309468, 
    "structure": {
        "lattice": {
            "a": 4.193869859271618, 
            "c": 4.193869859271618, 
            "b": 4.193869859271618, 
            "matrix": [
                [
                    4.193869859271618, 
                    0.0, 
                    0.0
                ], 
                [
                    0.0, 
                    4.193869859271618, 
                    0.0
                ], 
                [
                    0.0, 
                    0.0, 
                    4.193869859271618
                ]
            ], 
            "volume": 73.76406621297116, 
            "beta": 90.0, 
            "alpha": 90.0, 
            "gamma": 90.0
        }, 
        "sites": [
            {
                "label": "Ge", 
                "xyz": [
                    0.8215296777788849, 
                    0.0, 
                    0.0
                ], 
                "abc": [
                    0.19588821430943648, 
                    0.0, 
                    0.0
                ], 
                "properties": {}, 
                "species": [
                    {
                        "occu": 1, 
                        "element": "Ge"
                    }
                ]
            }, 
            {
                "label": "Na", 
                "xyz": [
                    2.442345785727571, 
                    2.0969349296358093, 
                    2.0969349296358093
                ], 
                "abc": [
                    0.5823608904620975, 
                    0.5000000000000001, 
                    0.5000000000000001
                ], 
                "properties": {}, 
                "species": [
                    {
                        "occu": 1, 
                        "element": "Na"
                    }
                ]
            }, 
            {
                "label": "F", 
                "xyz": [
                    2.01247283164368, 
                    0.0, 
                    2.0969349296358093
                ], 
                "abc": [
                    0.47986058203370235, 
                    0.0, 
                    0.5000000000000001
                ], 
                "properties": {}, 
                "species": [
                    {
                        "occu": 1, 
                        "element": "F"
                    }
                ]
            }, 
            {
                "label": "N", 
                "xyz": [
                    0.6069404938611613, 
                    2.0969349296358093, 
                    0.0
                ], 
                "abc": [
                    0.1447208697998496, 
                    0.5000000000000001, 
                    0.0
                ], 
                "properties": {}, 
                "species": [
                    {
                        "occu": 1, 
                        "element": "N"
                    }
                ]
            }, 
            {
                "label": "O", 
                "xyz": [
                    0.3188387266217588, 
                    2.0969349296358093, 
                    2.0969349296358093
                ], 
                "abc": [
                    0.0760249452941141, 
                    0.5000000000000001, 
                    0.5000000000000001
                ], 
                "properties": {}, 
                "species": [
                    {
                        "occu": 1, 
                        "element": "O"
                    }
                ]
            }
        ], 
        "@class": "Structure", 
        "@module": "pymatgen.core.structure"
    }
}