{
    "A": "Ge", 
    "gllbsc_ind-gap": 0.0, 
    "B": "Ru", 
    "anion": "OFN", 
    "CB_ind": 6.521538949272159, 
    "anion_idx": 5, 
    "heat_of_formation_all": 1.16, 
    "CB_dir": 6.521538949272159, 
    "filename": "/Users/ajain/Documents/papers_proposals/2012Paper_UNCOptimization/data/rawdata/abofn/ab16bebd002ad53bd20b4a50960a6fc9e05462be.json", 
    "sum_magnetic_moments": 0.32172178009446567, 
    "VB_dir": 6.521538949272159, 
    "VB_ind": 6.521538949272159, 
    "is_direct": true, 
    "gllbsc_dir-gap": 0.0, 
    "FermiLevel": 0.230399094694, 
    "XCFunctional": "RPBE", 
    "FermiWidth": 0.0036749309468, 
    "structure": {
        "lattice": {
            "a": 4.047821067053541, 
            "c": 4.047821067053541, 
            "b": 4.047821067053541, 
            "matrix": [
                [
                    4.047821067053541, 
                    0.0, 
                    0.0
                ], 
                [
                    0.0, 
                    4.047821067053541, 
                    0.0
                ], 
                [
                    0.0, 
                    0.0, 
                    4.047821067053541
                ]
            ], 
            "volume": 66.32296283183986, 
            "beta": 90.0, 
            "alpha": 90.0, 
            "gamma": 90.0
        }, 
        "sites": [
            {
                "label": "Ge", 
                "xyz": [
                    0.003085400887061102, 
                    0.0, 
                    0.0
                ], 
                "abc": [
                    0.0007622374694805872, 
                    0.0, 
                    0.0
                ], 
                "properties": {}, 
                "species": [
                    {
                        "occu": 1, 
                        "element": "Ge"
                    }
                ]
            }, 
            {
                "label": "Ru", 
                "xyz": [
                    2.03310422765571, 
                    2.0239105335267706, 
                    2.0239105335267706
                ], 
                "abc": [
                    0.5022712698947515, 
                    0.5, 
                    0.5
                ], 
                "properties": {}, 
                "species": [
                    {
                        "occu": 1, 
                        "element": "Ru"
                    }
                ]
            }, 
            {
                "label": "F", 
                "xyz": [
                    2.0205759624479813, 
                    0.0, 
                    2.0239105335267706
                ], 
                "abc": [
                    0.4991762059084256, 
                    0.0, 
                    0.5
                ], 
                "properties": {}, 
                "species": [
                    {
                        "occu": 1, 
                        "element": "F"
                    }
                ]
            }, 
            {
                "label": "N", 
                "xyz": [
                    2.0389582320554136, 
                    2.0239105335267706, 
                    0.0
                ], 
                "abc": [
                    0.5037174811532854, 
                    0.5, 
                    0.0
                ], 
                "properties": {}, 
                "species": [
                    {
                        "occu": 1, 
                        "element": "N"
                    }
                ]
            }, 
            {
                "label": "O", 
                "xyz": [
                    0.012374483059913918, 
                    2.0239105335267706, 
                    2.0239105335267706
                ], 
                "abc": [
                    0.0030570726459807317, 
                    0.5, 
                    0.5
                ], 
                "properties": {}, 
                "species": [
                    {
                        "occu": 1, 
                        "element": "O"
                    }
                ]
            }
        ], 
        "@class": "Structure", 
        "@module": "pymatgen.core.structure"
    }
}