{
    "A": "Ge", 
    "gllbsc_ind-gap": 0.0, 
    "B": "V", 
    "anion": "O2F", 
    "CB_ind": 6.280875760343381, 
    "anion_idx": 4, 
    "heat_of_formation_all": 0.42, 
    "CB_dir": 6.280875760343381, 
    "filename": "/Users/ajain/Documents/papers_proposals/2012Paper_UNCOptimization/data/rawdata/abo2f/cb4d02ded0d2aa60b7b36145cd0cf81f2bff2a1c.json", 
    "sum_magnetic_moments": -1.7139856252484975, 
    "VB_dir": 6.280875760343381, 
    "VB_ind": 6.280875760343381, 
    "is_direct": true, 
    "gllbsc_dir-gap": 0.0, 
    "FermiLevel": 0.229882232984, 
    "XCFunctional": "RPBE", 
    "FermiWidth": 0.0036749309468, 
    "structure": {
        "lattice": {
            "a": 4.015355937688263, 
            "c": 4.015355937688263, 
            "b": 4.015355937688263, 
            "matrix": [
                [
                    4.015355937688263, 
                    0.0, 
                    0.0
                ], 
                [
                    0.0, 
                    4.015355937688263, 
                    0.0
                ], 
                [
                    0.0, 
                    0.0, 
                    4.015355937688263
                ]
            ], 
            "volume": 64.7399182879082, 
            "beta": 90.0, 
            "alpha": 90.0, 
            "gamma": 90.0
        }, 
        "sites": [
            {
                "label": "Ge", 
                "xyz": [
                    0.002567365170193756, 
                    0.0, 
                    0.0
                ], 
                "abc": [
                    0.0006393866969790604, 
                    0.0, 
                    0.0
                ], 
                "properties": {}, 
                "species": [
                    {
                        "occu": 1, 
                        "element": "Ge"
                    }
                ]
            }, 
            {
                "label": "V", 
                "xyz": [
                    2.0268622592066, 
                    2.0076779688441317, 
                    2.0076779688441317
                ], 
                "abc": [
                    0.5047777309559046, 
                    0.5000000000000001, 
                    0.5000000000000001
                ], 
                "properties": {}, 
                "species": [
                    {
                        "occu": 1, 
                        "element": "V"
                    }
                ]
            }, 
            {
                "label": "F", 
                "xyz": [
                    2.0069284667643856, 
                    0.0, 
                    2.0076779688441317
                ], 
                "abc": [
                    0.4998133410608233, 
                    0.0, 
                    0.5000000000000001
                ], 
                "properties": {}, 
                "species": [
                    {
                        "occu": 1, 
                        "element": "F"
                    }
                ]
            }, 
            {
                "label": "O", 
                "xyz": [
                    2.0081440980224747, 
                    2.0076779688441317, 
                    0.0
                ], 
                "abc": [
                    0.5001160866397841, 
                    0.5000000000000001, 
                    0.0
                ], 
                "properties": {}, 
                "species": [
                    {
                        "occu": 1, 
                        "element": "O"
                    }
                ]
            }, 
            {
                "label": "O", 
                "xyz": [
                    0.01701138185882287, 
                    2.0076779688441317, 
                    2.0076779688441317
                ], 
                "abc": [
                    0.004236581295110972, 
                    0.5000000000000001, 
                    0.5000000000000001
                ], 
                "properties": {}, 
                "species": [
                    {
                        "occu": 1, 
                        "element": "O"
                    }
                ]
            }
        ], 
        "@class": "Structure", 
        "@module": "pymatgen.core.structure"
    }
}