{
    "A": "Hf", 
    "gllbsc_ind-gap": 0.0, 
    "B": "Ag", 
    "anion": "O2F", 
    "CB_ind": 6.169295974563322, 
    "anion_idx": 4, 
    "heat_of_formation_all": 2.34, 
    "CB_dir": 6.169295974563322, 
    "filename": "/Users/ajain/Documents/papers_proposals/2012Paper_UNCOptimization/data/rawdata/abo2f/7e0d6d0529b800807fcf72d5a28ce1c4f3e9b95c.json", 
    "sum_magnetic_moments": 0.7846744334706024, 
    "VB_dir": 6.169295974563322, 
    "VB_ind": 6.169295974563322, 
    "is_direct": true, 
    "gllbsc_dir-gap": 0.0, 
    "FermiLevel": 0.240638830907, 
    "XCFunctional": "RPBE", 
    "FermiWidth": 0.0036749309468, 
    "structure": {
        "lattice": {
            "a": 4.198548197714719, 
            "c": 4.198548197714719, 
            "b": 4.198548197714719, 
            "matrix": [
                [
                    4.198548197714719, 
                    0.0, 
                    0.0
                ], 
                [
                    0.0, 
                    4.198548197714719, 
                    0.0
                ], 
                [
                    0.0, 
                    0.0, 
                    4.198548197714719
                ]
            ], 
            "volume": 74.01119717739935, 
            "beta": 90.0, 
            "alpha": 90.0, 
            "gamma": 90.0
        }, 
        "sites": [
            {
                "label": "Hf", 
                "xyz": [
                    0.0013894600367205128, 
                    0.0, 
                    0.0
                ], 
                "abc": [
                    0.000330938212755733, 
                    0.0, 
                    0.0
                ], 
                "properties": {}, 
                "species": [
                    {
                        "occu": 1, 
                        "element": "Hf"
                    }
                ]
            }, 
            {
                "label": "Ag", 
                "xyz": [
                    2.1214503769200626, 
                    2.0992740988573595, 
                    2.0992740988573595
                ], 
                "abc": [
                    0.5052818919822747, 
                    0.5, 
                    0.5
                ], 
                "properties": {}, 
                "species": [
                    {
                        "occu": 1, 
                        "element": "Ag"
                    }
                ]
            }, 
            {
                "label": "F", 
                "xyz": [
                    2.097091415415665, 
                    0.0, 
                    2.0992740988573595
                ], 
                "abc": [
                    0.4994801337655519, 
                    0.0, 
                    0.5
                ], 
                "properties": {}, 
                "species": [
                    {
                        "occu": 1, 
                        "element": "F"
                    }
                ]
            }, 
            {
                "label": "O", 
                "xyz": [
                    2.1005188155203456, 
                    2.0992740988573595, 
                    0.0
                ], 
                "abc": [
                    0.5002964635879763, 
                    0.5, 
                    0.0
                ], 
                "properties": {}, 
                "species": [
                    {
                        "occu": 1, 
                        "element": "O"
                    }
                ]
            }, 
            {
                "label": "O", 
                "xyz": [
                    0.02077427990697961, 
                    2.0992740988573595, 
                    2.0992740988573595
                ], 
                "abc": [
                    0.004947967470824106, 
                    0.5, 
                    0.5
                ], 
                "properties": {}, 
                "species": [
                    {
                        "occu": 1, 
                        "element": "O"
                    }
                ]
            }
        ], 
        "@class": "Structure", 
        "@module": "pymatgen.core.structure"
    }
}