{
    "A": "Hf", 
    "gllbsc_ind-gap": 0.0, 
    "B": "Bi", 
    "anion": "O2N", 
    "CB_ind": 5.653847794803243, 
    "anion_idx": 1, 
    "heat_of_formation_all": 2.32, 
    "CB_dir": 5.653847794803243, 
    "filename": "/Users/ajain/Documents/papers_proposals/2012Paper_UNCOptimization/data/rawdata/abo2n/6b4727ca56d600def28e7e8f1e5dfe60df5ab314.json", 
    "sum_magnetic_moments": -0.7390394456790326, 
    "VB_dir": 5.653847794803243, 
    "VB_ind": 5.653847794803243, 
    "is_direct": true, 
    "gllbsc_dir-gap": 0.0, 
    "FermiLevel": 0.315579786341, 
    "XCFunctional": "RPBE", 
    "FermiWidth": 0.0018374654734, 
    "structure": {
        "lattice": {
            "a": 4.283450672400226, 
            "c": 4.283450672400226, 
            "b": 4.283450672400226, 
            "matrix": [
                [
                    4.283450672400226, 
                    0.0, 
                    0.0
                ], 
                [
                    0.0, 
                    4.283450672400226, 
                    0.0
                ], 
                [
                    0.0, 
                    0.0, 
                    4.283450672400226
                ]
            ], 
            "volume": 78.59253732065434, 
            "beta": 90.0, 
            "alpha": 90.0, 
            "gamma": 90.0
        }, 
        "sites": [
            {
                "label": "Hf", 
                "xyz": [
                    0.0026802717700171123, 
                    0.0, 
                    0.0
                ], 
                "abc": [
                    0.0006257272407237096, 
                    0.0, 
                    0.0
                ], 
                "properties": {}, 
                "species": [
                    {
                        "occu": 1, 
                        "element": "Hf"
                    }
                ]
            }, 
            {
                "label": "Bi", 
                "xyz": [
                    2.1638607040648896, 
                    2.1417253362001123, 
                    2.1417253362001123
                ], 
                "abc": [
                    0.5051676485986876, 
                    0.4999999999999998, 
                    0.4999999999999998
                ], 
                "properties": {}, 
                "species": [
                    {
                        "occu": 1, 
                        "element": "Bi"
                    }
                ]
            }, 
            {
                "label": "N", 
                "xyz": [
                    2.1410729014437706, 
                    0.0, 
                    2.1417253362001123
                ], 
                "abc": [
                    0.4998476847742064, 
                    0.0, 
                    0.4999999999999998
                ], 
                "properties": {}, 
                "species": [
                    {
                        "occu": 1, 
                        "element": "N"
                    }
                ]
            }, 
            {
                "label": "O", 
                "xyz": [
                    2.141020382776551, 
                    2.1417253362001123, 
                    0.0
                ], 
                "abc": [
                    0.4998354239426394, 
                    0.4999999999999998, 
                    0.0
                ], 
                "properties": {}, 
                "species": [
                    {
                        "occu": 1, 
                        "element": "O"
                    }
                ]
            }, 
            {
                "label": "O", 
                "xyz": [
                    0.01926786409590625, 
                    2.1417253362001123, 
                    2.1417253362001123
                ], 
                "abc": [
                    0.004498210804680406, 
                    0.4999999999999998, 
                    0.4999999999999998
                ], 
                "properties": {}, 
                "species": [
                    {
                        "occu": 1, 
                        "element": "O"
                    }
                ]
            }
        ], 
        "@class": "Structure", 
        "@module": "pymatgen.core.structure"
    }
}