{
    "A": "Hf", 
    "gllbsc_ind-gap": 0.0, 
    "B": "B", 
    "anion": "O2S", 
    "CB_ind": 5.527368276670784, 
    "anion_idx": 6, 
    "heat_of_formation_all": 1.16, 
    "CB_dir": 5.527368276670784, 
    "filename": "/Users/ajain/Documents/papers_proposals/2012Paper_UNCOptimization/data/rawdata/abo2s/e030cb6e9b09fa0c492bb3115350ddc53064859f.json", 
    "sum_magnetic_moments": -1.0207300402242936e-05, 
    "VB_dir": 5.527368276670784, 
    "VB_ind": 5.527368276670784, 
    "is_direct": true, 
    "gllbsc_dir-gap": 0.0, 
    "FermiLevel": 0.363382737827, 
    "XCFunctional": "RPBE", 
    "FermiWidth": 0.0018374654734, 
    "structure": {
        "lattice": {
            "a": 3.8841431182235677, 
            "c": 3.8841431182235677, 
            "b": 3.8841431182235677, 
            "matrix": [
                [
                    3.8841431182235677, 
                    0.0, 
                    0.0
                ], 
                [
                    0.0, 
                    3.8841431182235677, 
                    0.0
                ], 
                [
                    0.0, 
                    0.0, 
                    3.8841431182235677
                ]
            ], 
            "volume": 58.59838835366211, 
            "beta": 90.0, 
            "alpha": 90.0, 
            "gamma": 90.0
        }, 
        "sites": [
            {
                "label": "Hf", 
                "xyz": [
                    0.32578409224426264, 
                    0.0, 
                    0.0
                ], 
                "abc": [
                    0.08387540889411449, 
                    0.0, 
                    0.0
                ], 
                "properties": {}, 
                "species": [
                    {
                        "occu": 1, 
                        "element": "Hf"
                    }
                ]
            }, 
            {
                "label": "B", 
                "xyz": [
                    2.354895495385243, 
                    1.9420715591117843, 
                    1.9420715591117843
                ], 
                "abc": [
                    0.6062844297205676, 
                    0.5000000000000001, 
                    0.5000000000000001
                ], 
                "properties": {}, 
                "species": [
                    {
                        "occu": 1, 
                        "element": "B"
                    }
                ]
            }, 
            {
                "label": "S", 
                "xyz": [
                    1.9510042770907654, 
                    0.0, 
                    1.9420715591117843
                ], 
                "abc": [
                    0.5022997911526667, 
                    0.0, 
                    0.5000000000000001
                ], 
                "properties": {}, 
                "species": [
                    {
                        "occu": 1, 
                        "element": "S"
                    }
                ]
            }, 
            {
                "label": "O", 
                "xyz": [
                    1.546107875511889, 
                    1.9420715591117843, 
                    0.0
                ], 
                "abc": [
                    0.39805636106915887, 
                    0.5000000000000001, 
                    0.0
                ], 
                "properties": {}, 
                "species": [
                    {
                        "occu": 1, 
                        "element": "O"
                    }
                ]
            }, 
            {
                "label": "O", 
                "xyz": [
                    3.742685845623265, 
                    1.9420715591117843, 
                    1.9420715591117843
                ], 
                "abc": [
                    0.9635808289512774, 
                    0.5000000000000001, 
                    0.5000000000000001
                ], 
                "properties": {}, 
                "species": [
                    {
                        "occu": 1, 
                        "element": "O"
                    }
                ]
            }
        ], 
        "@class": "Structure", 
        "@module": "pymatgen.core.structure"
    }
}