{
    "A": "Hf", 
    "gllbsc_ind-gap": 0.0, 
    "B": "Co", 
    "anion": "O3", 
    "CB_ind": 5.745416967613701, 
    "anion_idx": 0, 
    "heat_of_formation_all": 1.02, 
    "CB_dir": 5.745416967613701, 
    "filename": "/Users/ajain/Documents/papers_proposals/2012Paper_UNCOptimization/data/rawdata/abo3/3c49ed37848826e149aefcdf5315dcf6d7525437.json", 
    "sum_magnetic_moments": 0.4565106416011843, 
    "VB_dir": 5.745416967613701, 
    "VB_ind": 5.745416967613701, 
    "is_direct": true, 
    "gllbsc_dir-gap": 0.0, 
    "FermiLevel": 0.38376661091, 
    "XCFunctional": "RPBE", 
    "FermiWidth": 0.0018374654734, 
    "structure": {
        "lattice": {
            "a": 3.740072165930612, 
            "c": 3.740072165930612, 
            "b": 3.740072165930612, 
            "matrix": [
                [
                    3.740072165930612, 
                    0.0, 
                    0.0
                ], 
                [
                    0.0, 
                    3.740072165930612, 
                    0.0
                ], 
                [
                    0.0, 
                    0.0, 
                    3.740072165930612
                ]
            ], 
            "volume": 52.31665234294634, 
            "beta": 90.0, 
            "alpha": 90.0, 
            "gamma": 90.0
        }, 
        "sites": [
            {
                "label": "Hf", 
                "xyz": [
                    0.45868202924607643, 
                    9.704781252723015e-19, 
                    0.0
                ], 
                "abc": [
                    0.12263988738622274, 
                    2.5948112288117446e-19, 
                    0.0
                ], 
                "properties": {}, 
                "species": [
                    {
                        "occu": 1, 
                        "element": "Hf"
                    }
                ]
            }, 
            {
                "label": "Co", 
                "xyz": [
                    1.8214194460631448, 
                    1.8700360829653055, 
                    1.8700360829653055
                ], 
                "abc": [
                    0.48700115004597394, 
                    0.4999999999999999, 
                    0.4999999999999999
                ], 
                "properties": {}, 
                "species": [
                    {
                        "occu": 1, 
                        "element": "Co"
                    }
                ]
            }, 
            {
                "label": "O", 
                "xyz": [
                    1.6237401669322131, 
                    1.0524535597350681e-19, 
                    1.8700360829653055
                ], 
                "abc": [
                    0.43414674768132205, 
                    2.813992653195756e-20, 
                    0.4999999999999999
                ], 
                "properties": {}, 
                "species": [
                    {
                        "occu": 1, 
                        "element": "O"
                    }
                ]
            }, 
            {
                "label": "O", 
                "xyz": [
                    1.6237401669322131, 
                    1.8700360829653055, 
                    0.0
                ], 
                "abc": [
                    0.43414674768132205, 
                    0.4999999999999999, 
                    0.0
                ], 
                "properties": {}, 
                "species": [
                    {
                        "occu": 1, 
                        "element": "O"
                    }
                ]
            }, 
            {
                "label": "O", 
                "xyz": [
                    3.668156529030431, 
                    1.8700360829653055, 
                    1.8700360829653055
                ], 
                "abc": [
                    0.9807715911058399, 
                    0.4999999999999999, 
                    0.4999999999999999
                ], 
                "properties": {}, 
                "species": [
                    {
                        "occu": 1, 
                        "element": "O"
                    }
                ]
            }
        ], 
        "@class": "Structure", 
        "@module": "pymatgen.core.structure"
    }
}