{
    "A": "Hf", 
    "gllbsc_ind-gap": 0.0, 
    "B": "Cu", 
    "anion": "OFN", 
    "CB_ind": 6.13709013683269, 
    "anion_idx": 5, 
    "heat_of_formation_all": 1.62, 
    "CB_dir": 6.13709013683269, 
    "filename": "/Users/ajain/Documents/papers_proposals/2012Paper_UNCOptimization/data/rawdata/abofn/10f998cc60f4c687ae48653eb8ee876238d97613.json", 
    "sum_magnetic_moments": -4.2554255785521584e-15, 
    "VB_dir": 6.13709013683269, 
    "VB_ind": 6.13709013683269, 
    "is_direct": true, 
    "gllbsc_dir-gap": 0.0, 
    "FermiLevel": 0.3396351298, 
    "XCFunctional": "RPBE", 
    "FermiWidth": 0.0036749309468, 
    "structure": {
        "lattice": {
            "a": 3.834272850652525, 
            "c": 3.834272850652525, 
            "b": 3.834272850652525, 
            "matrix": [
                [
                    3.834272850652525, 
                    0.0, 
                    0.0
                ], 
                [
                    0.0, 
                    3.834272850652525, 
                    0.0
                ], 
                [
                    0.0, 
                    0.0, 
                    3.834272850652525
                ]
            ], 
            "volume": 56.3701309106545, 
            "beta": 90.0, 
            "alpha": 90.0, 
            "gamma": 90.0
        }, 
        "sites": [
            {
                "label": "Hf", 
                "xyz": [
                    0.005613697332049496, 
                    0.0, 
                    0.0
                ], 
                "abc": [
                    0.0014640839477801234, 
                    0.0, 
                    0.0
                ], 
                "properties": {}, 
                "species": [
                    {
                        "occu": 1, 
                        "element": "Hf"
                    }
                ]
            }, 
            {
                "label": "Cu", 
                "xyz": [
                    1.9253487475338473, 
                    1.9171364253262635, 
                    1.9171364253262635
                ], 
                "abc": [
                    0.5021418199819001, 
                    0.5000000000000002, 
                    0.5000000000000002
                ], 
                "properties": {}, 
                "species": [
                    {
                        "occu": 1, 
                        "element": "Cu"
                    }
                ]
            }, 
            {
                "label": "F", 
                "xyz": [
                    1.9174379588100496, 
                    0.0, 
                    1.9171364253262635
                ], 
                "abc": [
                    0.5000786416344198, 
                    0.0, 
                    0.5000000000000002
                ], 
                "properties": {}, 
                "species": [
                    {
                        "occu": 1, 
                        "element": "F"
                    }
                ]
            }, 
            {
                "label": "N", 
                "xyz": [
                    1.9253220808192766, 
                    1.9171364253262635, 
                    0.0
                ], 
                "abc": [
                    0.5021348651522337, 
                    0.5000000000000002, 
                    0.0
                ], 
                "properties": {}, 
                "species": [
                    {
                        "occu": 1, 
                        "element": "N"
                    }
                ]
            }, 
            {
                "label": "O", 
                "xyz": [
                    0.009894005989411198, 
                    1.9171364253262635, 
                    1.9171364253262635
                ], 
                "abc": [
                    0.002580412603585948, 
                    0.5000000000000002, 
                    0.5000000000000002
                ], 
                "properties": {}, 
                "species": [
                    {
                        "occu": 1, 
                        "element": "O"
                    }
                ]
            }
        ], 
        "@class": "Structure", 
        "@module": "pymatgen.core.structure"
    }
}