{
    "A": "Hf", 
    "gllbsc_ind-gap": 1.6, 
    "B": "Ge", 
    "anion": "ON2", 
    "CB_ind": 4.942158838777578, 
    "anion_idx": 2, 
    "heat_of_formation_all": 0.82, 
    "CB_dir": 4.642158838777577, 
    "filename": "/Users/ajain/Documents/papers_proposals/2012Paper_UNCOptimization/data/rawdata/abon2/f2d3ca01f7ca14ebb7f29abbdb29bacb4835d6fc.json", 
    "sum_magnetic_moments": 2.2527373388925303e-07, 
    "VB_dir": 6.8421588387775785, 
    "VB_ind": 6.542158838777578, 
    "is_direct": false, 
    "gllbsc_dir-gap": 2.2, 
    "FermiLevel": 0.350232591035, 
    "XCFunctional": "RPBE", 
    "FermiWidth": 0.0018374654734, 
    "structure": {
        "lattice": {
            "a": 3.830155813544823, 
            "c": 3.830155813544823, 
            "b": 3.830155813544823, 
            "matrix": [
                [
                    3.830155813544823, 
                    0.0, 
                    0.0
                ], 
                [
                    0.0, 
                    3.830155813544823, 
                    0.0
                ], 
                [
                    0.0, 
                    0.0, 
                    3.830155813544823
                ]
            ], 
            "volume": 56.18874411887936, 
            "beta": 90.0, 
            "alpha": 90.0, 
            "gamma": 90.0
        }, 
        "sites": [
            {
                "label": "Hf", 
                "xyz": [
                    0.5861758128494573, 
                    1.8289200815839854e-18, 
                    0.0
                ], 
                "abc": [
                    0.15304228897856495, 
                    4.775053994190678e-19, 
                    0.0
                ], 
                "properties": {}, 
                "species": [
                    {
                        "occu": 1, 
                        "element": "Hf"
                    }
                ]
            }, 
            {
                "label": "Ge", 
                "xyz": [
                    2.030005739832722, 
                    1.9150779067724124, 
                    1.9150779067724124
                ], 
                "abc": [
                    0.5300060463999621, 
                    0.5000000000000002, 
                    0.5000000000000002
                ], 
                "properties": {}, 
                "species": [
                    {
                        "occu": 1, 
                        "element": "Ge"
                    }
                ]
            }, 
            {
                "label": "N", 
                "xyz": [
                    1.7453685003743709, 
                    3.8981421126832694e-18, 
                    1.9150779067724124
                ], 
                "abc": [
                    0.4556912526122602, 
                    1.017750269818795e-18, 
                    0.5000000000000002
                ], 
                "properties": {}, 
                "species": [
                    {
                        "occu": 1, 
                        "element": "N"
                    }
                ]
            }, 
            {
                "label": "N", 
                "xyz": [
                    1.7453685003743709, 
                    1.9150779067724124, 
                    0.0
                ], 
                "abc": [
                    0.4556912526122602, 
                    0.5000000000000002, 
                    0.0
                ], 
                "properties": {}, 
                "species": [
                    {
                        "occu": 1, 
                        "element": "N"
                    }
                ]
            }, 
            {
                "label": "O", 
                "xyz": [
                    0.019907372954673288, 
                    1.9150779067724124, 
                    1.9150779067724124
                ], 
                "abc": [
                    0.005197536059570627, 
                    0.5000000000000002, 
                    0.5000000000000002
                ], 
                "properties": {}, 
                "species": [
                    {
                        "occu": 1, 
                        "element": "O"
                    }
                ]
            }
        ], 
        "@class": "Structure", 
        "@module": "pymatgen.core.structure"
    }
}