{
    "A": "Hf", 
    "gllbsc_ind-gap": 0.0, 
    "B": "Mo", 
    "anion": "O2N", 
    "CB_ind": 5.594852865498178, 
    "anion_idx": 1, 
    "heat_of_formation_all": 1.42, 
    "CB_dir": 5.594852865498178, 
    "filename": "/Users/ajain/Documents/papers_proposals/2012Paper_UNCOptimization/data/rawdata/abo2n/3450ba9cfd1936be26f8e2e8003ffef213a99a4c.json", 
    "sum_magnetic_moments": 0.7156937188986808, 
    "VB_dir": 5.594852865498178, 
    "VB_ind": 5.594852865498178, 
    "is_direct": true, 
    "gllbsc_dir-gap": 0.0, 
    "FermiLevel": 0.379055415683, 
    "XCFunctional": "RPBE", 
    "FermiWidth": 0.0018374654734, 
    "structure": {
        "lattice": {
            "a": 3.9597274937726255, 
            "c": 3.9597274937726255, 
            "b": 3.9597274937726255, 
            "matrix": [
                [
                    3.9597274937726255, 
                    0.0, 
                    0.0
                ], 
                [
                    0.0, 
                    3.9597274937726255, 
                    0.0
                ], 
                [
                    0.0, 
                    0.0, 
                    3.9597274937726255
                ]
            ], 
            "volume": 62.08631688121874, 
            "beta": 90.0, 
            "alpha": 90.0, 
            "gamma": 90.0
        }, 
        "sites": [
            {
                "label": "Hf", 
                "xyz": [
                    3.9596672016109333, 
                    0.0, 
                    0.0
                ], 
                "abc": [
                    0.9999847736588472, 
                    0.0, 
                    0.0
                ], 
                "properties": {}, 
                "species": [
                    {
                        "occu": 1, 
                        "element": "Hf"
                    }
                ]
            }, 
            {
                "label": "Mo", 
                "xyz": [
                    1.9977944047787408, 
                    1.979863746886312, 
                    1.979863746886312
                ], 
                "abc": [
                    0.5045282555227922, 
                    0.49999999999999983, 
                    0.49999999999999983
                ], 
                "properties": {}, 
                "species": [
                    {
                        "occu": 1, 
                        "element": "Mo"
                    }
                ]
            }, 
            {
                "label": "N", 
                "xyz": [
                    1.981152097310233, 
                    0.0, 
                    1.979863746886312
                ], 
                "abc": [
                    0.5003253634059279, 
                    0.0, 
                    0.49999999999999983
                ], 
                "properties": {}, 
                "species": [
                    {
                        "occu": 1, 
                        "element": "N"
                    }
                ]
            }, 
            {
                "label": "O", 
                "xyz": [
                    1.9812373019986043, 
                    1.979863746886312, 
                    0.0
                ], 
                "abc": [
                    0.5003468812221173, 
                    0.49999999999999983, 
                    0.0
                ], 
                "properties": {}, 
                "species": [
                    {
                        "occu": 1, 
                        "element": "O"
                    }
                ]
            }, 
            {
                "label": "O", 
                "xyz": [
                    0.018804519387634205, 
                    1.979863746886312, 
                    1.979863746886312
                ], 
                "abc": [
                    0.004748942804071152, 
                    0.49999999999999983, 
                    0.49999999999999983
                ], 
                "properties": {}, 
                "species": [
                    {
                        "occu": 1, 
                        "element": "O"
                    }
                ]
            }
        ], 
        "@class": "Structure", 
        "@module": "pymatgen.core.structure"
    }
}