{
    "A": "Hf", 
    "gllbsc_ind-gap": 0.0, 
    "B": "Nb", 
    "anion": "O2N", 
    "CB_ind": 5.623254593874345, 
    "anion_idx": 1, 
    "heat_of_formation_all": 1.4, 
    "CB_dir": 5.623254593874345, 
    "filename": "/Users/ajain/Documents/papers_proposals/2012Paper_UNCOptimization/data/rawdata/abo2n/ead694fc2531d6809ac852c30d547d1ec1a22d63.json", 
    "sum_magnetic_moments": -0.3185733828034906, 
    "VB_dir": 5.623254593874345, 
    "VB_ind": 5.623254593874345, 
    "is_direct": true, 
    "gllbsc_dir-gap": 0.0, 
    "FermiLevel": 0.35391083189, 
    "XCFunctional": "RPBE", 
    "FermiWidth": 0.0018374654734, 
    "structure": {
        "lattice": {
            "a": 4.045250690817572, 
            "c": 4.045250690817572, 
            "b": 4.045250690817572, 
            "matrix": [
                [
                    4.045250690817572, 
                    0.0, 
                    0.0
                ], 
                [
                    0.0, 
                    4.045250690817572, 
                    0.0
                ], 
                [
                    0.0, 
                    0.0, 
                    4.045250690817572
                ]
            ], 
            "volume": 66.19669731592374, 
            "beta": 90.0, 
            "alpha": 90.0, 
            "gamma": 90.0
        }, 
        "sites": [
            {
                "label": "Hf", 
                "xyz": [
                    0.0003207563190192216, 
                    0.0, 
                    0.0
                ], 
                "abc": [
                    7.929207446829323e-05, 
                    0.0, 
                    0.0
                ], 
                "properties": {}, 
                "species": [
                    {
                        "occu": 1, 
                        "element": "Hf"
                    }
                ]
            }, 
            {
                "label": "Nb", 
                "xyz": [
                    2.043635166547694, 
                    2.022625345408786, 
                    2.022625345408786
                ], 
                "abc": [
                    0.5051937006491585, 
                    0.5, 
                    0.5
                ], 
                "properties": {}, 
                "species": [
                    {
                        "occu": 1, 
                        "element": "Nb"
                    }
                ]
            }, 
            {
                "label": "N", 
                "xyz": [
                    2.0220182590210194, 
                    0.0, 
                    2.022625345408786
                ], 
                "abc": [
                    0.49984992613952334, 
                    0.0, 
                    0.5
                ], 
                "properties": {}, 
                "species": [
                    {
                        "occu": 1, 
                        "element": "N"
                    }
                ]
            }, 
            {
                "label": "O", 
                "xyz": [
                    2.0232743560580437, 
                    2.022625345408786, 
                    0.0
                ], 
                "abc": [
                    0.5001604376833136, 
                    0.5, 
                    0.0
                ], 
                "properties": {}, 
                "species": [
                    {
                        "occu": 1, 
                        "element": "O"
                    }
                ]
            }, 
            {
                "label": "O", 
                "xyz": [
                    0.019162468705309632, 
                    2.022625345408786, 
                    2.022625345408786
                ], 
                "abc": [
                    0.00473702872081749, 
                    0.5, 
                    0.5
                ], 
                "properties": {}, 
                "species": [
                    {
                        "occu": 1, 
                        "element": "O"
                    }
                ]
            }
        ], 
        "@class": "Structure", 
        "@module": "pymatgen.core.structure"
    }
}