{
    "A": "Hf", 
    "gllbsc_ind-gap": 0.0, 
    "B": "Sc", 
    "anion": "OFN", 
    "CB_ind": 5.787036112508447, 
    "anion_idx": 5, 
    "heat_of_formation_all": 0.98, 
    "CB_dir": 5.787036112508447, 
    "filename": "/Users/ajain/Documents/papers_proposals/2012Paper_UNCOptimization/data/rawdata/abofn/0f63cb33d3959656ef6698f747a6274b04dacb0c.json", 
    "sum_magnetic_moments": -1.6002457785600897e-15, 
    "VB_dir": 5.787036112508447, 
    "VB_ind": 5.787036112508447, 
    "is_direct": true, 
    "gllbsc_dir-gap": 0.0, 
    "FermiLevel": 0.297077904257, 
    "XCFunctional": "RPBE", 
    "FermiWidth": 0.0036749309468, 
    "structure": {
        "lattice": {
            "a": 4.150788276887238, 
            "c": 4.150788276887238, 
            "b": 4.150788276887238, 
            "matrix": [
                [
                    4.150788276887238, 
                    0.0, 
                    0.0
                ], 
                [
                    0.0, 
                    4.150788276887238, 
                    0.0
                ], 
                [
                    0.0, 
                    0.0, 
                    4.150788276887238
                ]
            ], 
            "volume": 71.5141110327478, 
            "beta": 90.0, 
            "alpha": 90.0, 
            "gamma": 90.0
        }, 
        "sites": [
            {
                "label": "Hf", 
                "xyz": [
                    0.890620292174124, 
                    0.0, 
                    0.0
                ], 
                "abc": [
                    0.21456654321140622, 
                    0.0, 
                    0.0
                ], 
                "properties": {}, 
                "species": [
                    {
                        "occu": 1, 
                        "element": "Hf"
                    }
                ]
            }, 
            {
                "label": "Sc", 
                "xyz": [
                    2.315315561721837, 
                    2.075394138443618, 
                    2.075394138443618
                ], 
                "abc": [
                    0.5578014119906256, 
                    0.4999999999999998, 
                    0.4999999999999998
                ], 
                "properties": {}, 
                "species": [
                    {
                        "occu": 1, 
                        "element": "Sc"
                    }
                ]
            }, 
            {
                "label": "F", 
                "xyz": [
                    1.7053677570481378, 
                    0.0, 
                    2.075394138443618
                ], 
                "abc": [
                    0.4108539494881267, 
                    0.0, 
                    0.4999999999999998
                ], 
                "properties": {}, 
                "species": [
                    {
                        "occu": 1, 
                        "element": "F"
                    }
                ]
            }, 
            {
                "label": "N", 
                "xyz": [
                    1.6748720184053856, 
                    2.075394138443618, 
                    0.0
                ], 
                "abc": [
                    0.40350697426114124, 
                    0.4999999999999998, 
                    0.0
                ], 
                "properties": {}, 
                "species": [
                    {
                        "occu": 1, 
                        "element": "N"
                    }
                ]
            }, 
            {
                "label": "O", 
                "xyz": [
                    0.08426502816566726, 
                    2.075394138443618, 
                    2.075394138443618
                ], 
                "abc": [
                    0.020300969971144698, 
                    0.4999999999999998, 
                    0.4999999999999998
                ], 
                "properties": {}, 
                "species": [
                    {
                        "occu": 1, 
                        "element": "O"
                    }
                ]
            }
        ], 
        "@class": "Structure", 
        "@module": "pymatgen.core.structure"
    }
}