{
    "A": "Hf", 
    "gllbsc_ind-gap": 0.0, 
    "B": "Tl", 
    "anion": "N3", 
    "CB_ind": 5.907258708433547, 
    "anion_idx": 3, 
    "heat_of_formation_all": 2.54, 
    "CB_dir": 5.907258708433547, 
    "filename": "/Users/ajain/Documents/papers_proposals/2012Paper_UNCOptimization/data/rawdata/abn3/76e5c5d02bee475be7aca0d77c04d4cdbc122020.json", 
    "sum_magnetic_moments": 0.0021000392405099433, 
    "VB_dir": 5.907258708433547, 
    "VB_ind": 5.907258708433547, 
    "is_direct": true, 
    "gllbsc_dir-gap": 0.0, 
    "FermiLevel": 0.317779734845, 
    "XCFunctional": "RPBE", 
    "FermiWidth": 0.0018374654734, 
    "structure": {
        "lattice": {
            "a": 4.107717996512127, 
            "c": 4.107717996512127, 
            "b": 4.107717996512127, 
            "matrix": [
                [
                    4.107717996512127, 
                    0.0, 
                    0.0
                ], 
                [
                    0.0, 
                    4.107717996512127, 
                    0.0
                ], 
                [
                    0.0, 
                    0.0, 
                    4.107717996512127
                ]
            ], 
            "volume": 69.31095170373108, 
            "beta": 90.0, 
            "alpha": 90.0, 
            "gamma": 90.0
        }, 
        "sites": [
            {
                "label": "Hf", 
                "xyz": [
                    0.0, 
                    0.0, 
                    0.0
                ], 
                "abc": [
                    0.0, 
                    0.0, 
                    0.0
                ], 
                "properties": {}, 
                "species": [
                    {
                        "occu": 1, 
                        "element": "Hf"
                    }
                ]
            }, 
            {
                "label": "Tl", 
                "xyz": [
                    2.053858998256064, 
                    2.053858998256064, 
                    2.053858998256064
                ], 
                "abc": [
                    0.5000000000000001, 
                    0.5000000000000001, 
                    0.5000000000000001
                ], 
                "properties": {}, 
                "species": [
                    {
                        "occu": 1, 
                        "element": "Tl"
                    }
                ]
            }, 
            {
                "label": "N", 
                "xyz": [
                    2.053858998256064, 
                    0.0, 
                    2.053858998256064
                ], 
                "abc": [
                    0.5000000000000001, 
                    0.0, 
                    0.5000000000000001
                ], 
                "properties": {}, 
                "species": [
                    {
                        "occu": 1, 
                        "element": "N"
                    }
                ]
            }, 
            {
                "label": "N", 
                "xyz": [
                    2.053858998256064, 
                    2.053858998256064, 
                    0.0
                ], 
                "abc": [
                    0.5000000000000001, 
                    0.5000000000000001, 
                    0.0
                ], 
                "properties": {}, 
                "species": [
                    {
                        "occu": 1, 
                        "element": "N"
                    }
                ]
            }, 
            {
                "label": "N", 
                "xyz": [
                    0.0, 
                    2.053858998256064, 
                    2.053858998256064
                ], 
                "abc": [
                    0.0, 
                    0.5000000000000001, 
                    0.5000000000000001
                ], 
                "properties": {}, 
                "species": [
                    {
                        "occu": 1, 
                        "element": "N"
                    }
                ]
            }
        ], 
        "@class": "Structure", 
        "@module": "pymatgen.core.structure"
    }
}