{
    "A": "Hf", 
    "gllbsc_ind-gap": 0.0, 
    "B": "Zn", 
    "anion": "N3", 
    "CB_ind": 5.6642644924923795, 
    "anion_idx": 3, 
    "heat_of_formation_all": 1.74, 
    "CB_dir": 5.6642644924923795, 
    "filename": "/Users/ajain/Documents/papers_proposals/2012Paper_UNCOptimization/data/rawdata/abn3/ad95e6620666e008adb1ae05809757c5723bb45e.json", 
    "sum_magnetic_moments": 0.006028080908649258, 
    "VB_dir": 5.6642644924923795, 
    "VB_ind": 5.6642644924923795, 
    "is_direct": true, 
    "gllbsc_dir-gap": 0.0, 
    "FermiLevel": 0.348362272816, 
    "XCFunctional": "RPBE", 
    "FermiWidth": 0.0018374654734, 
    "structure": {
        "lattice": {
            "a": 3.7706033020048095, 
            "c": 3.7706033020048095, 
            "b": 3.7706033020048095, 
            "matrix": [
                [
                    3.7706033020048095, 
                    0.0, 
                    0.0
                ], 
                [
                    0.0, 
                    3.7706033020048095, 
                    0.0
                ], 
                [
                    0.0, 
                    0.0, 
                    3.7706033020048095
                ]
            ], 
            "volume": 53.60836112995018, 
            "beta": 90.0, 
            "alpha": 90.0, 
            "gamma": 90.0
        }, 
        "sites": [
            {
                "label": "Hf", 
                "xyz": [
                    0.0, 
                    0.0, 
                    0.0
                ], 
                "abc": [
                    0.0, 
                    0.0, 
                    0.0
                ], 
                "properties": {}, 
                "species": [
                    {
                        "occu": 1, 
                        "element": "Hf"
                    }
                ]
            }, 
            {
                "label": "Zn", 
                "xyz": [
                    1.8853016510024043, 
                    1.8853016510024043, 
                    1.8853016510024043
                ], 
                "abc": [
                    0.4999999999999999, 
                    0.4999999999999999, 
                    0.4999999999999999
                ], 
                "properties": {}, 
                "species": [
                    {
                        "occu": 1, 
                        "element": "Zn"
                    }
                ]
            }, 
            {
                "label": "N", 
                "xyz": [
                    1.8853016510024043, 
                    0.0, 
                    1.8853016510024043
                ], 
                "abc": [
                    0.4999999999999999, 
                    0.0, 
                    0.4999999999999999
                ], 
                "properties": {}, 
                "species": [
                    {
                        "occu": 1, 
                        "element": "N"
                    }
                ]
            }, 
            {
                "label": "N", 
                "xyz": [
                    1.8853016510024043, 
                    1.8853016510024043, 
                    0.0
                ], 
                "abc": [
                    0.4999999999999999, 
                    0.4999999999999999, 
                    0.0
                ], 
                "properties": {}, 
                "species": [
                    {
                        "occu": 1, 
                        "element": "N"
                    }
                ]
            }, 
            {
                "label": "N", 
                "xyz": [
                    0.0, 
                    1.8853016510024043, 
                    1.8853016510024043
                ], 
                "abc": [
                    0.0, 
                    0.4999999999999999, 
                    0.4999999999999999
                ], 
                "properties": {}, 
                "species": [
                    {
                        "occu": 1, 
                        "element": "N"
                    }
                ]
            }
        ], 
        "@class": "Structure", 
        "@module": "pymatgen.core.structure"
    }
}