{
    "A": "Hg", 
    "gllbsc_ind-gap": 0.0, 
    "B": "Al", 
    "anion": "OFN", 
    "CB_ind": 6.251599249921915, 
    "anion_idx": 5, 
    "heat_of_formation_all": 1.04, 
    "CB_dir": 6.251599249921915, 
    "filename": "/Users/ajain/Documents/papers_proposals/2012Paper_UNCOptimization/data/rawdata/abofn/0638f8ec00cd78f1148c38fa29b7b994a2349e4e.json", 
    "sum_magnetic_moments": 1.015857902237702, 
    "VB_dir": 6.251599249921915, 
    "VB_ind": 6.251599249921915, 
    "is_direct": true, 
    "gllbsc_dir-gap": 0.0, 
    "FermiLevel": 0.209989675872, 
    "XCFunctional": "RPBE", 
    "FermiWidth": 0.0036749309468, 
    "structure": {
        "lattice": {
            "a": 3.9098569480437084, 
            "c": 3.9098569480437084, 
            "b": 3.9098569480437084, 
            "matrix": [
                [
                    3.9098569480437084, 
                    0.0, 
                    0.0
                ], 
                [
                    0.0, 
                    3.9098569480437084, 
                    0.0
                ], 
                [
                    0.0, 
                    0.0, 
                    3.9098569480437084
                ]
            ], 
            "volume": 59.76991026219923, 
            "beta": 90.0, 
            "alpha": 90.0, 
            "gamma": 90.0
        }, 
        "sites": [
            {
                "label": "Hg", 
                "xyz": [
                    0.006032522104771466, 
                    0.0, 
                    0.0
                ], 
                "abc": [
                    0.0015429009769244448, 
                    0.0, 
                    0.0
                ], 
                "properties": {}, 
                "species": [
                    {
                        "occu": 1, 
                        "element": "Hg"
                    }
                ]
            }, 
            {
                "label": "Al", 
                "xyz": [
                    1.963179923827952, 
                    1.9549284740218535, 
                    1.9549284740218535
                ], 
                "abc": [
                    0.5021104224312417, 
                    0.49999999999999983, 
                    0.49999999999999983
                ], 
                "properties": {}, 
                "species": [
                    {
                        "occu": 1, 
                        "element": "Al"
                    }
                ]
            }, 
            {
                "label": "F", 
                "xyz": [
                    1.960567911769311, 
                    0.0, 
                    1.9549284740218535
                ], 
                "abc": [
                    0.5014423642149564, 
                    0.0, 
                    0.49999999999999983
                ], 
                "properties": {}, 
                "species": [
                    {
                        "occu": 1, 
                        "element": "F"
                    }
                ]
            }, 
            {
                "label": "N", 
                "xyz": [
                    1.963396456927691, 
                    1.9549284740218535, 
                    0.0
                ], 
                "abc": [
                    0.5021658037668293, 
                    0.49999999999999983, 
                    0.0
                ], 
                "properties": {}, 
                "species": [
                    {
                        "occu": 1, 
                        "element": "N"
                    }
                ]
            }, 
            {
                "label": "O", 
                "xyz": [
                    0.006589621169745184, 
                    1.9549284740218535, 
                    1.9549284740218535
                ], 
                "abc": [
                    0.001685386769212181, 
                    0.49999999999999983, 
                    0.49999999999999983
                ], 
                "properties": {}, 
                "species": [
                    {
                        "occu": 1, 
                        "element": "O"
                    }
                ]
            }
        ], 
        "@class": "Structure", 
        "@module": "pymatgen.core.structure"
    }
}