{
    "A": "Hg", 
    "gllbsc_ind-gap": 0.0, 
    "B": "La", 
    "anion": "ON2", 
    "CB_ind": 5.747887359961949, 
    "anion_idx": 2, 
    "heat_of_formation_all": 2.1, 
    "CB_dir": 5.747887359961949, 
    "filename": "/Users/ajain/Documents/papers_proposals/2012Paper_UNCOptimization/data/rawdata/abon2/28fbc5e3eeee1d626789ff8ea56f426dfed75f79.json", 
    "sum_magnetic_moments": -0.3944288639667277, 
    "VB_dir": 5.747887359961949, 
    "VB_ind": 5.747887359961949, 
    "is_direct": true, 
    "gllbsc_dir-gap": 0.0, 
    "FermiLevel": 0.176809216569, 
    "XCFunctional": "RPBE", 
    "FermiWidth": 0.0018374654734, 
    "structure": {
        "lattice": {
            "a": 4.569004075698709, 
            "c": 4.569004075698709, 
            "b": 4.569004075698709, 
            "matrix": [
                [
                    4.569004075698709, 
                    0.0, 
                    0.0
                ], 
                [
                    0.0, 
                    4.569004075698709, 
                    0.0
                ], 
                [
                    0.0, 
                    0.0, 
                    4.569004075698709
                ]
            ], 
            "volume": 95.38160725916417, 
            "beta": 90.0, 
            "alpha": 90.0, 
            "gamma": 90.0
        }, 
        "sites": [
            {
                "label": "Hg", 
                "xyz": [
                    0.0005107381983799875, 
                    0.0, 
                    0.0
                ], 
                "abc": [
                    0.0001117832660943476, 
                    0.0, 
                    0.0
                ], 
                "properties": {}, 
                "species": [
                    {
                        "occu": 1, 
                        "element": "Hg"
                    }
                ]
            }, 
            {
                "label": "La", 
                "xyz": [
                    2.3113928561200177, 
                    2.2845020378493546, 
                    2.2845020378493546
                ], 
                "abc": [
                    0.5058854879149021, 
                    0.5, 
                    0.5
                ], 
                "properties": {}, 
                "species": [
                    {
                        "occu": 1, 
                        "element": "La"
                    }
                ]
            }, 
            {
                "label": "N", 
                "xyz": [
                    2.282669501987978, 
                    0.0, 
                    2.2845020378493546
                ], 
                "abc": [
                    0.49959892006419443, 
                    0.0, 
                    0.5
                ], 
                "properties": {}, 
                "species": [
                    {
                        "occu": 1, 
                        "element": "N"
                    }
                ]
            }, 
            {
                "label": "N", 
                "xyz": [
                    2.282669501987978, 
                    2.2845020378493546, 
                    0.0
                ], 
                "abc": [
                    0.49959892006419443, 
                    0.5, 
                    0.0
                ], 
                "properties": {}, 
                "species": [
                    {
                        "occu": 1, 
                        "element": "N"
                    }
                ]
            }, 
            {
                "label": "O", 
                "xyz": [
                    0.022321395837224752, 
                    2.2845020378493546, 
                    2.2845020378493546
                ], 
                "abc": [
                    0.004885396350584625, 
                    0.5, 
                    0.5
                ], 
                "properties": {}, 
                "species": [
                    {
                        "occu": 1, 
                        "element": "O"
                    }
                ]
            }
        ], 
        "@class": "Structure", 
        "@module": "pymatgen.core.structure"
    }
}