{
    "A": "Hg", 
    "gllbsc_ind-gap": 0.0, 
    "B": "Mn", 
    "anion": "O3", 
    "CB_ind": 6.077425927363968, 
    "anion_idx": 0, 
    "heat_of_formation_all": 0.68, 
    "CB_dir": 6.077425927363968, 
    "filename": "/Users/ajain/Documents/papers_proposals/2012Paper_UNCOptimization/data/rawdata/abo3/f39ba37369c0dcd24328381995c08cc30e134638.json", 
    "sum_magnetic_moments": 2.958120994754359, 
    "VB_dir": 6.077425927363968, 
    "VB_ind": 6.077425927363968, 
    "is_direct": true, 
    "gllbsc_dir-gap": 0.0, 
    "FermiLevel": 0.232670303358, 
    "XCFunctional": "RPBE", 
    "FermiWidth": 0.0018374654734, 
    "structure": {
        "lattice": {
            "a": 3.829434766519226, 
            "c": 3.829434766519226, 
            "b": 3.829434766519226, 
            "matrix": [
                [
                    3.829434766519226, 
                    0.0, 
                    0.0
                ], 
                [
                    0.0, 
                    3.829434766519226, 
                    0.0
                ], 
                [
                    0.0, 
                    0.0, 
                    3.829434766519226
                ]
            ], 
            "volume": 56.15701661052835, 
            "beta": 90.0, 
            "alpha": 90.0, 
            "gamma": 90.0
        }, 
        "sites": [
            {
                "label": "Hg", 
                "xyz": [
                    0.09535140743303394, 
                    0.0, 
                    0.0
                ], 
                "abc": [
                    0.02489960353070692, 
                    0.0, 
                    0.0
                ], 
                "properties": {}, 
                "species": [
                    {
                        "occu": 1, 
                        "element": "Hg"
                    }
                ]
            }, 
            {
                "label": "Mn", 
                "xyz": [
                    1.9974375745606143, 
                    1.9147173832596134, 
                    1.9147173832596134
                ], 
                "abc": [
                    0.5216011490845136, 
                    0.5000000000000001, 
                    0.5000000000000001
                ], 
                "properties": {}, 
                "species": [
                    {
                        "occu": 1, 
                        "element": "Mn"
                    }
                ]
            }, 
            {
                "label": "O", 
                "xyz": [
                    1.8046328903819646, 
                    1.6189421662509916e-19, 
                    1.9147173832596134
                ], 
                "abc": [
                    0.4712530700770469, 
                    4.227626960525386e-20, 
                    0.5000000000000001
                ], 
                "properties": {}, 
                "species": [
                    {
                        "occu": 1, 
                        "element": "O"
                    }
                ]
            }, 
            {
                "label": "O", 
                "xyz": [
                    1.8046328903819646, 
                    1.9147173832596134, 
                    0.0
                ], 
                "abc": [
                    0.4712530700770469, 
                    0.5000000000000001, 
                    0.0
                ], 
                "properties": {}, 
                "species": [
                    {
                        "occu": 1, 
                        "element": "O"
                    }
                ]
            }, 
            {
                "label": "O", 
                "xyz": [
                    3.7987820427919323, 
                    1.9147173832596134, 
                    1.9147173832596134
                ], 
                "abc": [
                    0.9919954965690262, 
                    0.5000000000000001, 
                    0.5000000000000001
                ], 
                "properties": {}, 
                "species": [
                    {
                        "occu": 1, 
                        "element": "O"
                    }
                ]
            }
        ], 
        "@class": "Structure", 
        "@module": "pymatgen.core.structure"
    }
}