{
    "A": "Hg", 
    "gllbsc_ind-gap": 0.0, 
    "B": "Na", 
    "anion": "N3", 
    "CB_ind": 5.64187836871941, 
    "anion_idx": 3, 
    "heat_of_formation_all": 3.28, 
    "CB_dir": 5.64187836871941, 
    "filename": "/Users/ajain/Documents/papers_proposals/2012Paper_UNCOptimization/data/rawdata/abn3/4e3b53a93754e5470a6a0c303c8de33a62c58658.json", 
    "sum_magnetic_moments": 6.164925225108945, 
    "VB_dir": 5.64187836871941, 
    "VB_ind": 5.64187836871941, 
    "is_direct": true, 
    "gllbsc_dir-gap": 0.0, 
    "FermiLevel": 0.0761614027494, 
    "XCFunctional": "RPBE", 
    "FermiWidth": 0.0018374654734, 
    "structure": {
        "lattice": {
            "a": 4.3766678126076375, 
            "c": 4.3766678126076375, 
            "b": 4.3766678126076375, 
            "matrix": [
                [
                    4.3766678126076375, 
                    0.0, 
                    0.0
                ], 
                [
                    0.0, 
                    4.3766678126076375, 
                    0.0
                ], 
                [
                    0.0, 
                    0.0, 
                    4.3766678126076375
                ]
            ], 
            "volume": 83.83603981520385, 
            "beta": 90.0, 
            "alpha": 90.0, 
            "gamma": 90.0
        }, 
        "sites": [
            {
                "label": "Hg", 
                "xyz": [
                    0.0, 
                    0.0, 
                    0.0
                ], 
                "abc": [
                    0.0, 
                    0.0, 
                    0.0
                ], 
                "properties": {}, 
                "species": [
                    {
                        "occu": 1, 
                        "element": "Hg"
                    }
                ]
            }, 
            {
                "label": "Na", 
                "xyz": [
                    2.1883339063038187, 
                    2.1883339063038187, 
                    2.1883339063038187
                ], 
                "abc": [
                    0.5, 
                    0.5, 
                    0.5
                ], 
                "properties": {}, 
                "species": [
                    {
                        "occu": 1, 
                        "element": "Na"
                    }
                ]
            }, 
            {
                "label": "N", 
                "xyz": [
                    2.1883339063038187, 
                    0.0, 
                    2.1883339063038187
                ], 
                "abc": [
                    0.5, 
                    0.0, 
                    0.5
                ], 
                "properties": {}, 
                "species": [
                    {
                        "occu": 1, 
                        "element": "N"
                    }
                ]
            }, 
            {
                "label": "N", 
                "xyz": [
                    2.1883339063038187, 
                    2.1883339063038187, 
                    0.0
                ], 
                "abc": [
                    0.5, 
                    0.5, 
                    0.0
                ], 
                "properties": {}, 
                "species": [
                    {
                        "occu": 1, 
                        "element": "N"
                    }
                ]
            }, 
            {
                "label": "N", 
                "xyz": [
                    0.0, 
                    2.1883339063038187, 
                    2.1883339063038187
                ], 
                "abc": [
                    0.0, 
                    0.5, 
                    0.5
                ], 
                "properties": {}, 
                "species": [
                    {
                        "occu": 1, 
                        "element": "N"
                    }
                ]
            }
        ], 
        "@class": "Structure", 
        "@module": "pymatgen.core.structure"
    }
}