{
    "A": "Hg", 
    "gllbsc_ind-gap": 0.0, 
    "B": "Re", 
    "anion": "OFN", 
    "CB_ind": 6.536104670183461, 
    "anion_idx": 5, 
    "heat_of_formation_all": 0.68, 
    "CB_dir": 6.536104670183461, 
    "filename": "/Users/ajain/Documents/papers_proposals/2012Paper_UNCOptimization/data/rawdata/abofn/692eac47120171b53d1f3539c3b162594ada9fe6.json", 
    "sum_magnetic_moments": 2.4513865913044083e-15, 
    "VB_dir": 6.536104670183461, 
    "VB_ind": 6.536104670183461, 
    "is_direct": true, 
    "gllbsc_dir-gap": 0.0, 
    "FermiLevel": 0.274316786451, 
    "XCFunctional": "RPBE", 
    "FermiWidth": 0.0036749309468, 
    "structure": {
        "lattice": {
            "a": 4.0473667646942, 
            "c": 4.0473667646942, 
            "b": 4.0473667646942, 
            "matrix": [
                [
                    4.0473667646942, 
                    0.0, 
                    0.0
                ], 
                [
                    0.0, 
                    4.0473667646942, 
                    0.0
                ], 
                [
                    0.0, 
                    0.0, 
                    4.0473667646942
                ]
            ], 
            "volume": 66.30063430265851, 
            "beta": 90.0, 
            "alpha": 90.0, 
            "gamma": 90.0
        }, 
        "sites": [
            {
                "label": "Hg", 
                "xyz": [
                    0.005879605360595615, 
                    0.0, 
                    0.0
                ], 
                "abc": [
                    0.0014526989280744986, 
                    0.0, 
                    0.0
                ], 
                "properties": {}, 
                "species": [
                    {
                        "occu": 1, 
                        "element": "Hg"
                    }
                ]
            }, 
            {
                "label": "Re", 
                "xyz": [
                    2.0334319267555214, 
                    2.0236833823471003, 
                    2.0236833823471003
                ], 
                "abc": [
                    0.5024086140385051, 
                    0.5000000000000001, 
                    0.5000000000000001
                ], 
                "properties": {}, 
                "species": [
                    {
                        "occu": 1, 
                        "element": "Re"
                    }
                ]
            }, 
            {
                "label": "F", 
                "xyz": [
                    2.0255819556826338, 
                    0.0, 
                    2.0236833823471003
                ], 
                "abc": [
                    0.5004690885323503, 
                    0.0, 
                    0.5000000000000001
                ], 
                "properties": {}, 
                "species": [
                    {
                        "occu": 1, 
                        "element": "F"
                    }
                ]
            }, 
            {
                "label": "N", 
                "xyz": [
                    2.0364481128910277, 
                    2.0236833823471003, 
                    0.0
                ], 
                "abc": [
                    0.5031538358854148, 
                    0.5000000000000001, 
                    0.0
                ], 
                "properties": {}, 
                "species": [
                    {
                        "occu": 1, 
                        "element": "N"
                    }
                ]
            }, 
            {
                "label": "O", 
                "xyz": [
                    0.010112961378141614, 
                    2.0236833823471003, 
                    2.0236833823471003
                ], 
                "abc": [
                    0.0024986520782743302, 
                    0.5000000000000001, 
                    0.5000000000000001
                ], 
                "properties": {}, 
                "species": [
                    {
                        "occu": 1, 
                        "element": "O"
                    }
                ]
            }
        ], 
        "@class": "Structure", 
        "@module": "pymatgen.core.structure"
    }
}