{
    "A": "Hg", 
    "gllbsc_ind-gap": 0.0, 
    "B": "Sb", 
    "anion": "N3", 
    "CB_ind": 6.274846335152223, 
    "anion_idx": 3, 
    "heat_of_formation_all": 1.8, 
    "CB_dir": 6.274846335152223, 
    "filename": "/Users/ajain/Documents/papers_proposals/2012Paper_UNCOptimization/data/rawdata/abn3/4491e2408b92f8876bdcef1f37a4bb80fa0c1002.json", 
    "sum_magnetic_moments": 2.3630549596274264, 
    "VB_dir": 6.274846335152223, 
    "VB_ind": 6.274846335152223, 
    "is_direct": true, 
    "gllbsc_dir-gap": 0.0, 
    "FermiLevel": 0.262533855271, 
    "XCFunctional": "RPBE", 
    "FermiWidth": 0.0018374654734, 
    "structure": {
        "lattice": {
            "a": 4.107160998480334, 
            "c": 4.107160998480334, 
            "b": 4.107160998480334, 
            "matrix": [
                [
                    4.107160998480334, 
                    0.0, 
                    0.0
                ], 
                [
                    0.0, 
                    4.107160998480334, 
                    0.0
                ], 
                [
                    0.0, 
                    0.0, 
                    4.107160998480334
                ]
            ], 
            "volume": 69.28276026333914, 
            "beta": 90.0, 
            "alpha": 90.0, 
            "gamma": 90.0
        }, 
        "sites": [
            {
                "label": "Hg", 
                "xyz": [
                    0.0, 
                    0.0, 
                    0.0
                ], 
                "abc": [
                    0.0, 
                    0.0, 
                    0.0
                ], 
                "properties": {}, 
                "species": [
                    {
                        "occu": 1, 
                        "element": "Hg"
                    }
                ]
            }, 
            {
                "label": "Sb", 
                "xyz": [
                    2.053580499240167, 
                    2.053580499240167, 
                    2.053580499240167
                ], 
                "abc": [
                    0.5, 
                    0.5, 
                    0.5
                ], 
                "properties": {}, 
                "species": [
                    {
                        "occu": 1, 
                        "element": "Sb"
                    }
                ]
            }, 
            {
                "label": "N", 
                "xyz": [
                    2.053580499240167, 
                    0.0, 
                    2.053580499240167
                ], 
                "abc": [
                    0.5, 
                    0.0, 
                    0.5
                ], 
                "properties": {}, 
                "species": [
                    {
                        "occu": 1, 
                        "element": "N"
                    }
                ]
            }, 
            {
                "label": "N", 
                "xyz": [
                    2.053580499240167, 
                    2.053580499240167, 
                    0.0
                ], 
                "abc": [
                    0.5, 
                    0.5, 
                    0.0
                ], 
                "properties": {}, 
                "species": [
                    {
                        "occu": 1, 
                        "element": "N"
                    }
                ]
            }, 
            {
                "label": "N", 
                "xyz": [
                    0.0, 
                    2.053580499240167, 
                    2.053580499240167
                ], 
                "abc": [
                    0.0, 
                    0.5, 
                    0.5
                ], 
                "properties": {}, 
                "species": [
                    {
                        "occu": 1, 
                        "element": "N"
                    }
                ]
            }
        ], 
        "@class": "Structure", 
        "@module": "pymatgen.core.structure"
    }
}