{
    "A": "Hg", 
    "gllbsc_ind-gap": 0.0, 
    "B": "Si", 
    "anion": "N3", 
    "CB_ind": 6.251383435629703, 
    "anion_idx": 3, 
    "heat_of_formation_all": 1.62, 
    "CB_dir": 6.251383435629703, 
    "filename": "/Users/ajain/Documents/papers_proposals/2012Paper_UNCOptimization/data/rawdata/abn3/53c2fefef0fe2cff3443fdb2c4664d97195d70d4.json", 
    "sum_magnetic_moments": 2.4718570656760015, 
    "VB_dir": 6.251383435629703, 
    "VB_ind": 6.251383435629703, 
    "is_direct": true, 
    "gllbsc_dir-gap": 0.0, 
    "FermiLevel": 0.309607337019, 
    "XCFunctional": "RPBE", 
    "FermiWidth": 0.0018374654734, 
    "structure": {
        "lattice": {
            "a": 3.758293029780862, 
            "c": 3.758293029780862, 
            "b": 3.758293029780862, 
            "matrix": [
                [
                    3.758293029780862, 
                    0.0, 
                    0.0
                ], 
                [
                    0.0, 
                    3.758293029780862, 
                    0.0
                ], 
                [
                    0.0, 
                    0.0, 
                    3.758293029780862
                ]
            ], 
            "volume": 53.08501147558593, 
            "beta": 90.0, 
            "alpha": 90.0, 
            "gamma": 90.0
        }, 
        "sites": [
            {
                "label": "Hg", 
                "xyz": [
                    0.0, 
                    0.0, 
                    0.0
                ], 
                "abc": [
                    0.0, 
                    0.0, 
                    0.0
                ], 
                "properties": {}, 
                "species": [
                    {
                        "occu": 1, 
                        "element": "Hg"
                    }
                ]
            }, 
            {
                "label": "Si", 
                "xyz": [
                    1.87914651489043, 
                    1.87914651489043, 
                    1.87914651489043
                ], 
                "abc": [
                    0.4999999999999998, 
                    0.4999999999999998, 
                    0.4999999999999998
                ], 
                "properties": {}, 
                "species": [
                    {
                        "occu": 1, 
                        "element": "Si"
                    }
                ]
            }, 
            {
                "label": "N", 
                "xyz": [
                    1.87914651489043, 
                    0.0, 
                    1.87914651489043
                ], 
                "abc": [
                    0.4999999999999998, 
                    0.0, 
                    0.4999999999999998
                ], 
                "properties": {}, 
                "species": [
                    {
                        "occu": 1, 
                        "element": "N"
                    }
                ]
            }, 
            {
                "label": "N", 
                "xyz": [
                    1.87914651489043, 
                    1.87914651489043, 
                    0.0
                ], 
                "abc": [
                    0.4999999999999998, 
                    0.4999999999999998, 
                    0.0
                ], 
                "properties": {}, 
                "species": [
                    {
                        "occu": 1, 
                        "element": "N"
                    }
                ]
            }, 
            {
                "label": "N", 
                "xyz": [
                    0.0, 
                    1.87914651489043, 
                    1.87914651489043
                ], 
                "abc": [
                    0.0, 
                    0.4999999999999998, 
                    0.4999999999999998
                ], 
                "properties": {}, 
                "species": [
                    {
                        "occu": 1, 
                        "element": "N"
                    }
                ]
            }
        ], 
        "@class": "Structure", 
        "@module": "pymatgen.core.structure"
    }
}