{
    "A": "Hg", 
    "gllbsc_ind-gap": 0.0, 
    "B": "V", 
    "anion": "N3", 
    "CB_ind": 5.911738936294066, 
    "anion_idx": 3, 
    "heat_of_formation_all": 1.32, 
    "CB_dir": 5.911738936294066, 
    "filename": "/Users/ajain/Documents/papers_proposals/2012Paper_UNCOptimization/data/rawdata/abn3/7e4ac43dfd31dbbc9e8d01356aabc19ecc3a5803.json", 
    "sum_magnetic_moments": 1.8740020694498793, 
    "VB_dir": 5.911738936294066, 
    "VB_ind": 5.911738936294066, 
    "is_direct": true, 
    "gllbsc_dir-gap": 0.0, 
    "FermiLevel": 0.240105312349, 
    "XCFunctional": "RPBE", 
    "FermiWidth": 0.0018374654734, 
    "structure": {
        "lattice": {
            "a": 3.9501359347351976, 
            "c": 3.9501359347351976, 
            "b": 3.9501359347351976, 
            "matrix": [
                [
                    3.9501359347351976, 
                    0.0, 
                    0.0
                ], 
                [
                    0.0, 
                    3.9501359347351976, 
                    0.0
                ], 
                [
                    0.0, 
                    0.0, 
                    3.9501359347351976
                ]
            ], 
            "volume": 61.636237984087565, 
            "beta": 90.0, 
            "alpha": 90.0, 
            "gamma": 90.0
        }, 
        "sites": [
            {
                "label": "Hg", 
                "xyz": [
                    0.0, 
                    0.0, 
                    0.0
                ], 
                "abc": [
                    0.0, 
                    0.0, 
                    0.0
                ], 
                "properties": {}, 
                "species": [
                    {
                        "occu": 1, 
                        "element": "Hg"
                    }
                ]
            }, 
            {
                "label": "V", 
                "xyz": [
                    1.9750679673675986, 
                    1.9750679673675986, 
                    1.9750679673675986
                ], 
                "abc": [
                    0.49999999999999994, 
                    0.49999999999999994, 
                    0.49999999999999994
                ], 
                "properties": {}, 
                "species": [
                    {
                        "occu": 1, 
                        "element": "V"
                    }
                ]
            }, 
            {
                "label": "N", 
                "xyz": [
                    1.9750679673675986, 
                    0.0, 
                    1.9750679673675986
                ], 
                "abc": [
                    0.49999999999999994, 
                    0.0, 
                    0.49999999999999994
                ], 
                "properties": {}, 
                "species": [
                    {
                        "occu": 1, 
                        "element": "N"
                    }
                ]
            }, 
            {
                "label": "N", 
                "xyz": [
                    1.9750679673675986, 
                    1.9750679673675986, 
                    0.0
                ], 
                "abc": [
                    0.49999999999999994, 
                    0.49999999999999994, 
                    0.0
                ], 
                "properties": {}, 
                "species": [
                    {
                        "occu": 1, 
                        "element": "N"
                    }
                ]
            }, 
            {
                "label": "N", 
                "xyz": [
                    0.0, 
                    1.9750679673675986, 
                    1.9750679673675986
                ], 
                "abc": [
                    0.0, 
                    0.49999999999999994, 
                    0.49999999999999994
                ], 
                "properties": {}, 
                "species": [
                    {
                        "occu": 1, 
                        "element": "N"
                    }
                ]
            }
        ], 
        "@class": "Structure", 
        "@module": "pymatgen.core.structure"
    }
}