{
    "A": "In", 
    "gllbsc_ind-gap": 0.0, 
    "B": "Al", 
    "anion": "O2S", 
    "CB_ind": 5.117400564093908, 
    "anion_idx": 6, 
    "heat_of_formation_all": 0.86, 
    "CB_dir": 5.117400564093908, 
    "filename": "/Users/ajain/Documents/papers_proposals/2012Paper_UNCOptimization/data/rawdata/abo2s/425e9dfff1e4029ca6ff38e2935a2e21560342b0.json", 
    "sum_magnetic_moments": 2.0043026431437738e-05, 
    "VB_dir": 5.117400564093908, 
    "VB_ind": 5.117400564093908, 
    "is_direct": true, 
    "gllbsc_dir-gap": 0.0, 
    "FermiLevel": 0.234444512027, 
    "XCFunctional": "RPBE", 
    "FermiWidth": 0.0018374654734, 
    "structure": {
        "lattice": {
            "a": 4.1567734190922625, 
            "c": 4.1567734190922625, 
            "b": 4.1567734190922625, 
            "matrix": [
                [
                    4.1567734190922625, 
                    0.0, 
                    0.0
                ], 
                [
                    0.0, 
                    4.1567734190922625, 
                    0.0
                ], 
                [
                    0.0, 
                    0.0, 
                    4.1567734190922625
                ]
            ], 
            "volume": 71.82391213782574, 
            "beta": 90.0, 
            "alpha": 90.0, 
            "gamma": 90.0
        }, 
        "sites": [
            {
                "label": "In", 
                "xyz": [
                    3.9384648475701516, 
                    2.363817240831411e-16, 
                    0.0
                ], 
                "abc": [
                    0.9474812433799232, 
                    5.686663675182014e-17, 
                    0.0
                ], 
                "properties": {}, 
                "species": [
                    {
                        "occu": 1, 
                        "element": "In"
                    }
                ]
            }, 
            {
                "label": "Al", 
                "xyz": [
                    2.4058373077917317, 
                    2.0783867095461317, 
                    2.0783867095461317
                ], 
                "abc": [
                    0.5787751857586473, 
                    0.5000000000000001, 
                    0.5000000000000001
                ], 
                "properties": {}, 
                "species": [
                    {
                        "occu": 1, 
                        "element": "Al"
                    }
                ]
            }, 
            {
                "label": "S", 
                "xyz": [
                    1.5083794789560196, 
                    0.0, 
                    2.0783867095461317
                ], 
                "abc": [
                    0.3628726723539848, 
                    0.0, 
                    0.5000000000000001
                ], 
                "properties": {}, 
                "species": [
                    {
                        "occu": 1, 
                        "element": "S"
                    }
                ]
            }, 
            {
                "label": "O", 
                "xyz": [
                    2.5873956086870473, 
                    2.0783867095461317, 
                    7.349966229410311e-18
                ], 
                "abc": [
                    0.6224528854045817, 
                    0.5000000000000001, 
                    1.768190249593966e-18
                ], 
                "properties": {}, 
                "species": [
                    {
                        "occu": 1, 
                        "element": "O"
                    }
                ]
            }, 
            {
                "label": "O", 
                "xyz": [
                    0.019338663785339393, 
                    2.0783867095461317, 
                    2.0783867095461317
                ], 
                "abc": [
                    0.004652325694856489, 
                    0.5000000000000001, 
                    0.5000000000000001
                ], 
                "properties": {}, 
                "species": [
                    {
                        "occu": 1, 
                        "element": "O"
                    }
                ]
            }
        ], 
        "@class": "Structure", 
        "@module": "pymatgen.core.structure"
    }
}