{
    "A": "In", 
    "gllbsc_ind-gap": 0.0, 
    "B": "Cr", 
    "anion": "O2F", 
    "CB_ind": 5.842370074611894, 
    "anion_idx": 4, 
    "heat_of_formation_all": 0.2, 
    "CB_dir": 5.842370074611894, 
    "filename": "/Users/ajain/Documents/papers_proposals/2012Paper_UNCOptimization/data/rawdata/abo2f/52a0671d375cb8592216b5638e92ff1474ba1dec.json", 
    "sum_magnetic_moments": 2.542861640282975, 
    "VB_dir": 5.842370074611894, 
    "VB_ind": 5.842370074611894, 
    "is_direct": true, 
    "gllbsc_dir-gap": 0.0, 
    "FermiLevel": 0.262452116677, 
    "XCFunctional": "RPBE", 
    "FermiWidth": 0.0036749309468, 
    "structure": {
        "lattice": {
            "a": 3.9215720292205707, 
            "c": 3.9215720292205707, 
            "b": 3.9215720292205707, 
            "matrix": [
                [
                    3.9215720292205707, 
                    0.0, 
                    0.0
                ], 
                [
                    0.0, 
                    3.9215720292205707, 
                    0.0
                ], 
                [
                    0.0, 
                    0.0, 
                    3.9215720292205707
                ]
            ], 
            "volume": 60.30878635553409, 
            "beta": 90.0, 
            "alpha": 90.0, 
            "gamma": 90.0
        }, 
        "sites": [
            {
                "label": "In", 
                "xyz": [
                    0.005511971133605081, 
                    0.0, 
                    0.0
                ], 
                "abc": [
                    0.001405551419821966, 
                    0.0, 
                    0.0
                ], 
                "properties": {}, 
                "species": [
                    {
                        "occu": 1, 
                        "element": "In"
                    }
                ]
            }, 
            {
                "label": "Cr", 
                "xyz": [
                    1.977543516797322, 
                    1.9607860146102858, 
                    1.9607860146102858
                ], 
                "abc": [
                    0.504273159350937, 
                    0.5000000000000001, 
                    0.5000000000000001
                ], 
                "properties": {}, 
                "species": [
                    {
                        "occu": 1, 
                        "element": "Cr"
                    }
                ]
            }, 
            {
                "label": "F", 
                "xyz": [
                    1.9603543942710544, 
                    0.0, 
                    1.9607860146102858
                ], 
                "abc": [
                    0.4998899369089705, 
                    0.0, 
                    0.5000000000000001
                ], 
                "properties": {}, 
                "species": [
                    {
                        "occu": 1, 
                        "element": "F"
                    }
                ]
            }, 
            {
                "label": "O", 
                "xyz": [
                    1.9604720535119184, 
                    1.9607860146102858, 
                    0.0
                ], 
                "abc": [
                    0.49991993998936457, 
                    0.5000000000000001, 
                    0.0
                ], 
                "properties": {}, 
                "species": [
                    {
                        "occu": 1, 
                        "element": "O"
                    }
                ]
            }, 
            {
                "label": "O", 
                "xyz": [
                    0.014521568899768652, 
                    1.9607860146102858, 
                    1.9607860146102858
                ], 
                "abc": [
                    0.00370299685727177, 
                    0.5000000000000001, 
                    0.5000000000000001
                ], 
                "properties": {}, 
                "species": [
                    {
                        "occu": 1, 
                        "element": "O"
                    }
                ]
            }
        ], 
        "@class": "Structure", 
        "@module": "pymatgen.core.structure"
    }
}