{
    "A": "In", 
    "gllbsc_ind-gap": 0.0, 
    "B": "Na", 
    "anion": "O2N", 
    "CB_ind": 5.155445301529566, 
    "anion_idx": 1, 
    "heat_of_formation_all": 2.06, 
    "CB_dir": 5.155445301529566, 
    "filename": "/Users/ajain/Documents/papers_proposals/2012Paper_UNCOptimization/data/rawdata/abo2n/41045c410604b37c0bd95d0c2018cce5a4a83973.json", 
    "sum_magnetic_moments": 1.4298311143819316, 
    "VB_dir": 5.155445301529566, 
    "VB_ind": 5.155445301529566, 
    "is_direct": true, 
    "gllbsc_dir-gap": 0.0, 
    "FermiLevel": 0.0912728745314, 
    "XCFunctional": "RPBE", 
    "FermiWidth": 0.0018374654734, 
    "structure": {
        "lattice": {
            "a": 4.216778765866797, 
            "c": 4.216778765866797, 
            "b": 4.216778765866797, 
            "matrix": [
                [
                    4.216778765866797, 
                    0.0, 
                    0.0
                ], 
                [
                    0.0, 
                    4.216778765866797, 
                    0.0
                ], 
                [
                    0.0, 
                    0.0, 
                    4.216778765866797
                ]
            ], 
            "volume": 74.97948425334482, 
            "beta": 90.0, 
            "alpha": 90.0, 
            "gamma": 90.0
        }, 
        "sites": [
            {
                "label": "In", 
                "xyz": [
                    0.001391559905089885, 
                    0.0, 
                    0.0
                ], 
                "abc": [
                    0.0003300054336153529, 
                    0.0, 
                    0.0
                ], 
                "properties": {}, 
                "species": [
                    {
                        "occu": 1, 
                        "element": "In"
                    }
                ]
            }, 
            {
                "label": "Na", 
                "xyz": [
                    2.131964265374342, 
                    2.1083893829333986, 
                    2.1083893829333986
                ], 
                "abc": [
                    0.5055907325828363, 
                    0.5, 
                    0.5
                ], 
                "properties": {}, 
                "species": [
                    {
                        "occu": 1, 
                        "element": "Na"
                    }
                ]
            }, 
            {
                "label": "N", 
                "xyz": [
                    2.105640275026558, 
                    2.0816837729226222e-19, 
                    2.1083893829333986
                ], 
                "abc": [
                    0.4993480549823734, 
                    4.936668221185925e-20, 
                    0.5
                ], 
                "properties": {}, 
                "species": [
                    {
                        "occu": 1, 
                        "element": "N"
                    }
                ]
            }, 
            {
                "label": "O", 
                "xyz": [
                    2.10713071797216, 
                    2.1083893829333986, 
                    4.5040695581091326e-21
                ], 
                "abc": [
                    0.49970151031601967, 
                    0.5, 
                    1.0681303924616211e-21
                ], 
                "properties": {}, 
                "species": [
                    {
                        "occu": 1, 
                        "element": "O"
                    }
                ]
            }, 
            {
                "label": "O", 
                "xyz": [
                    0.021340481506086244, 
                    2.1083893829333986, 
                    2.1083893829333986
                ], 
                "abc": [
                    0.005060849214767736, 
                    0.5, 
                    0.5
                ], 
                "properties": {}, 
                "species": [
                    {
                        "occu": 1, 
                        "element": "O"
                    }
                ]
            }
        ], 
        "@class": "Structure", 
        "@module": "pymatgen.core.structure"
    }
}