{
    "A": "In", 
    "gllbsc_ind-gap": 0.0, 
    "B": "Ti", 
    "anion": "ON2", 
    "CB_ind": 5.318741916292565, 
    "anion_idx": 2, 
    "heat_of_formation_all": 0.9, 
    "CB_dir": 5.318741916292565, 
    "filename": "/Users/ajain/Documents/papers_proposals/2012Paper_UNCOptimization/data/rawdata/abon2/832af0a1d4d727484457ffd54eff75720e1e77a6.json", 
    "sum_magnetic_moments": -0.3702828574191402, 
    "VB_dir": 5.318741916292565, 
    "VB_ind": 5.318741916292565, 
    "is_direct": true, 
    "gllbsc_dir-gap": 0.0, 
    "FermiLevel": 0.234619333801, 
    "XCFunctional": "RPBE", 
    "FermiWidth": 0.0018374654734, 
    "structure": {
        "lattice": {
            "a": 4.008069712028453, 
            "c": 4.008069712028453, 
            "b": 4.008069712028453, 
            "matrix": [
                [
                    4.008069712028453, 
                    0.0, 
                    0.0
                ], 
                [
                    0.0, 
                    4.008069712028453, 
                    0.0
                ], 
                [
                    0.0, 
                    0.0, 
                    4.008069712028453
                ]
            ], 
            "volume": 64.3881281458941, 
            "beta": 90.0, 
            "alpha": 90.0, 
            "gamma": 90.0
        }, 
        "sites": [
            {
                "label": "In", 
                "xyz": [
                    0.5931756405483548, 
                    9.567230107363235e-16, 
                    0.0
                ], 
                "abc": [
                    0.14799534019286137, 
                    2.38699194244337e-16, 
                    0.0
                ], 
                "properties": {}, 
                "species": [
                    {
                        "occu": 1, 
                        "element": "In"
                    }
                ]
            }, 
            {
                "label": "Ti", 
                "xyz": [
                    2.0869952488668044, 
                    2.004034856014227, 
                    2.004034856014227
                ], 
                "abc": [
                    0.5206983408007123, 
                    0.5000000000000001, 
                    0.5000000000000001
                ], 
                "properties": {}, 
                "species": [
                    {
                        "occu": 1, 
                        "element": "Ti"
                    }
                ]
            }, 
            {
                "label": "N", 
                "xyz": [
                    1.7508506449268841, 
                    9.772860833205993e-18, 
                    2.004034856014227
                ], 
                "abc": [
                    0.43683138536050864, 
                    2.438296121416517e-18, 
                    0.5000000000000001
                ], 
                "properties": {}, 
                "species": [
                    {
                        "occu": 1, 
                        "element": "N"
                    }
                ]
            }, 
            {
                "label": "N", 
                "xyz": [
                    1.7508506449268841, 
                    2.004034856014227, 
                    1.12941408638733e-18
                ], 
                "abc": [
                    0.43683138536050864, 
                    0.5000000000000001, 
                    2.817850405640131e-19
                ], 
                "properties": {}, 
                "species": [
                    {
                        "occu": 1, 
                        "element": "N"
                    }
                ]
            }, 
            {
                "label": "O", 
                "xyz": [
                    3.9109372737942927, 
                    2.004034856014227, 
                    2.004034856014227
                ], 
                "abc": [
                    0.9757657812331307, 
                    0.5000000000000001, 
                    0.5000000000000001
                ], 
                "properties": {}, 
                "species": [
                    {
                        "occu": 1, 
                        "element": "O"
                    }
                ]
            }
        ], 
        "@class": "Structure", 
        "@module": "pymatgen.core.structure"
    }
}