{
    "A": "Ir", 
    "gllbsc_ind-gap": 0.0, 
    "B": "Cs", 
    "anion": "ON2", 
    "CB_ind": 5.414643076015439, 
    "anion_idx": 2, 
    "heat_of_formation_all": 4.48, 
    "CB_dir": 5.414643076015439, 
    "filename": "/Users/ajain/Documents/papers_proposals/2012Paper_UNCOptimization/data/rawdata/abon2/d854343ae5f12c977973fe8f779f07ab0b12ba98.json", 
    "sum_magnetic_moments": 0.0, 
    "VB_dir": 5.414643076015439, 
    "VB_ind": 5.414643076015439, 
    "is_direct": true, 
    "gllbsc_dir-gap": 0.0, 
    "FermiLevel": 0.216945557101, 
    "XCFunctional": "RPBE", 
    "FermiWidth": 0.0018374654734, 
    "structure": {
        "lattice": {
            "a": 4.371188709782294, 
            "c": 4.371188709782294, 
            "b": 4.371188709782294, 
            "matrix": [
                [
                    4.371188709782294, 
                    0.0, 
                    0.0
                ], 
                [
                    0.0, 
                    4.371188709782294, 
                    0.0
                ], 
                [
                    0.0, 
                    0.0, 
                    4.371188709782294
                ]
            ], 
            "volume": 83.52157354203989, 
            "beta": 90.0, 
            "alpha": 90.0, 
            "gamma": 90.0
        }, 
        "sites": [
            {
                "label": "Ir", 
                "xyz": [
                    0.0020240899995056304, 
                    0.0, 
                    8.845985907431941e-20
                ], 
                "abc": [
                    0.00046305253190646157, 
                    0.0, 
                    2.023702588642647e-20
                ], 
                "properties": {}, 
                "species": [
                    {
                        "occu": 1, 
                        "element": "Ir"
                    }
                ]
            }, 
            {
                "label": "Cs", 
                "xyz": [
                    2.2070096374571544, 
                    2.1855943548911463, 
                    2.1855943548911463
                ], 
                "abc": [
                    0.504899189668495, 
                    0.4999999999999998, 
                    0.4999999999999998
                ], 
                "properties": {}, 
                "species": [
                    {
                        "occu": 1, 
                        "element": "Cs"
                    }
                ]
            }, 
            {
                "label": "N", 
                "xyz": [
                    2.1843387733404906, 
                    0.0, 
                    2.1855943548911463
                ], 
                "abc": [
                    0.4997127597013035, 
                    0.0, 
                    0.4999999999999998
                ], 
                "properties": {}, 
                "species": [
                    {
                        "occu": 1, 
                        "element": "N"
                    }
                ]
            }, 
            {
                "label": "N", 
                "xyz": [
                    2.1843387733404906, 
                    2.1855943548911463, 
                    0.0
                ], 
                "abc": [
                    0.4997127597013035, 
                    0.4999999999999998, 
                    0.0
                ], 
                "properties": {}, 
                "species": [
                    {
                        "occu": 1, 
                        "element": "N"
                    }
                ]
            }, 
            {
                "label": "O", 
                "xyz": [
                    0.021531800413674872, 
                    2.1855943548911463, 
                    2.1855943548911463
                ], 
                "abc": [
                    0.004925845540708138, 
                    0.4999999999999998, 
                    0.4999999999999998
                ], 
                "properties": {}, 
                "species": [
                    {
                        "occu": 1, 
                        "element": "O"
                    }
                ]
            }
        ], 
        "@class": "Structure", 
        "@module": "pymatgen.core.structure"
    }
}