{
    "A": "Ir", 
    "gllbsc_ind-gap": 0.0, 
    "B": "Cs", 
    "anion": "O2S", 
    "CB_ind": 5.285342574828768, 
    "anion_idx": 6, 
    "heat_of_formation_all": 3.94, 
    "CB_dir": 5.285342574828768, 
    "filename": "/Users/ajain/Documents/papers_proposals/2012Paper_UNCOptimization/data/rawdata/abo2s/daf25b475f2b09453057eae2b58e8cc6db99c160.json", 
    "sum_magnetic_moments": 0.0, 
    "VB_dir": 5.285342574828768, 
    "VB_ind": 5.285342574828768, 
    "is_direct": true, 
    "gllbsc_dir-gap": 0.0, 
    "FermiLevel": 0.108813021813, 
    "XCFunctional": "RPBE", 
    "FermiWidth": 0.0018374654734, 
    "structure": {
        "lattice": {
            "a": 4.924753473632761, 
            "c": 4.924753473632761, 
            "b": 4.924753473632761, 
            "matrix": [
                [
                    4.924753473632761, 
                    0.0, 
                    0.0
                ], 
                [
                    0.0, 
                    4.924753473632761, 
                    0.0
                ], 
                [
                    0.0, 
                    0.0, 
                    4.924753473632761
                ]
            ], 
            "volume": 119.44101506959028, 
            "beta": 90.0, 
            "alpha": 90.0, 
            "gamma": 90.0
        }, 
        "sites": [
            {
                "label": "Ir", 
                "xyz": [
                    0.0008124566926486944, 
                    2.998196181907051e-18, 
                    0.0
                ], 
                "abc": [
                    0.0001649740838802603, 
                    6.08801272583381e-19, 
                    0.0
                ], 
                "properties": {}, 
                "species": [
                    {
                        "occu": 1, 
                        "element": "Ir"
                    }
                ]
            }, 
            {
                "label": "Cs", 
                "xyz": [
                    2.4913389209135532, 
                    2.4623767368163807, 
                    2.4623767368163807
                ], 
                "abc": [
                    0.5058809408942472, 
                    0.5, 
                    0.5
                ], 
                "properties": {}, 
                "species": [
                    {
                        "occu": 1, 
                        "element": "Cs"
                    }
                ]
            }, 
            {
                "label": "S", 
                "xyz": [
                    2.458872660225836, 
                    4.483767512567725e-20, 
                    2.4623767368163807
                ], 
                "abc": [
                    0.49928847675131244, 
                    9.104552210732811e-21, 
                    0.5
                ], 
                "properties": {}, 
                "species": [
                    {
                        "occu": 1, 
                        "element": "S"
                    }
                ]
            }, 
            {
                "label": "O", 
                "xyz": [
                    2.465480357019364, 
                    2.4623767368163807, 
                    0.0
                ], 
                "abc": [
                    0.5006302082367372, 
                    0.5, 
                    0.0
                ], 
                "properties": {}, 
                "species": [
                    {
                        "occu": 1, 
                        "element": "O"
                    }
                ]
            }, 
            {
                "label": "O", 
                "xyz": [
                    0.0182866255856347, 
                    2.4623767368163807, 
                    2.4623767368163807
                ], 
                "abc": [
                    0.0037132062921609575, 
                    0.5, 
                    0.5
                ], 
                "properties": {}, 
                "species": [
                    {
                        "occu": 1, 
                        "element": "O"
                    }
                ]
            }
        ], 
        "@class": "Structure", 
        "@module": "pymatgen.core.structure"
    }
}