{
    "A": "Ir", 
    "gllbsc_ind-gap": 0.0, 
    "B": "Fe", 
    "anion": "O3", 
    "CB_ind": 6.2128439271921065, 
    "anion_idx": 0, 
    "heat_of_formation_all": 1.7, 
    "CB_dir": 6.2128439271921065, 
    "filename": "/Users/ajain/Documents/papers_proposals/2012Paper_UNCOptimization/data/rawdata/abo3/cace02646f5e7c4ae9ed24e78628c522248654b8.json", 
    "sum_magnetic_moments": 6.537024213511349, 
    "VB_dir": 6.2128439271921065, 
    "VB_ind": 6.2128439271921065, 
    "is_direct": true, 
    "gllbsc_dir-gap": 0.0, 
    "FermiLevel": 0.299130896659, 
    "XCFunctional": "RPBE", 
    "FermiWidth": 0.0018374654734, 
    "structure": {
        "lattice": {
            "a": 3.7564172211275557, 
            "c": 3.7564172211275557, 
            "b": 3.7564172211275557, 
            "matrix": [
                [
                    3.7564172211275557, 
                    0.0, 
                    0.0
                ], 
                [
                    0.0, 
                    3.7564172211275557, 
                    0.0
                ], 
                [
                    0.0, 
                    0.0, 
                    3.7564172211275557
                ]
            ], 
            "volume": 53.00556506376334, 
            "beta": 90.0, 
            "alpha": 90.0, 
            "gamma": 90.0
        }, 
        "sites": [
            {
                "label": "Ir", 
                "xyz": [
                    0.0006708288298182421, 
                    0.0, 
                    0.0
                ], 
                "abc": [
                    0.00017858208775245707, 
                    0.0, 
                    0.0
                ], 
                "properties": {}, 
                "species": [
                    {
                        "occu": 1, 
                        "element": "Ir"
                    }
                ]
            }, 
            {
                "label": "Fe", 
                "xyz": [
                    1.880946336285172, 
                    1.8782086105637783, 
                    1.8782086105637783
                ], 
                "abc": [
                    0.5007288130045822, 
                    0.5000000000000001, 
                    0.5000000000000001
                ], 
                "properties": {}, 
                "species": [
                    {
                        "occu": 1, 
                        "element": "Fe"
                    }
                ]
            }, 
            {
                "label": "O", 
                "xyz": [
                    1.8830625489505741, 
                    1.143419923289433e-19, 
                    1.8782086105637783
                ], 
                "abc": [
                    0.5012921723283281, 
                    3.043910875656712e-20, 
                    0.5000000000000001
                ], 
                "properties": {}, 
                "species": [
                    {
                        "occu": 1, 
                        "element": "O"
                    }
                ]
            }, 
            {
                "label": "O", 
                "xyz": [
                    1.8830625489505741, 
                    1.8782086105637783, 
                    1.0974428941602362e-18
                ], 
                "abc": [
                    0.5012921723283281, 
                    0.5000000000000001, 
                    2.921514915829342e-19
                ], 
                "properties": {}, 
                "species": [
                    {
                        "occu": 1, 
                        "element": "O"
                    }
                ]
            }, 
            {
                "label": "O", 
                "xyz": [
                    0.0022254037966341926, 
                    1.8782086105637783, 
                    1.8782086105637783
                ], 
                "abc": [
                    0.0005924272160498183, 
                    0.5000000000000001, 
                    0.5000000000000001
                ], 
                "properties": {}, 
                "species": [
                    {
                        "occu": 1, 
                        "element": "O"
                    }
                ]
            }
        ], 
        "@class": "Structure", 
        "@module": "pymatgen.core.structure"
    }
}