{
    "A": "Ir", 
    "gllbsc_ind-gap": 0.0, 
    "B": "Fe", 
    "anion": "ON2", 
    "CB_ind": 6.126130129182447, 
    "anion_idx": 2, 
    "heat_of_formation_all": 1.38, 
    "CB_dir": 6.126130129182447, 
    "filename": "/Users/ajain/Documents/papers_proposals/2012Paper_UNCOptimization/data/rawdata/abon2/03be35f22fadde35f1e7b089f9f1e5e788602bf8.json", 
    "sum_magnetic_moments": 1.4594455202530732, 
    "VB_dir": 6.126130129182447, 
    "VB_ind": 6.126130129182447, 
    "is_direct": true, 
    "gllbsc_dir-gap": 0.0, 
    "FermiLevel": 0.324755479363, 
    "XCFunctional": "RPBE", 
    "FermiWidth": 0.0018374654734, 
    "structure": {
        "lattice": {
            "a": 3.7540111159484884, 
            "c": 3.7540111159484884, 
            "b": 3.7540111159484884, 
            "matrix": [
                [
                    3.7540111159484884, 
                    0.0, 
                    0.0
                ], 
                [
                    0.0, 
                    3.7540111159484884, 
                    0.0
                ], 
                [
                    0.0, 
                    0.0, 
                    3.7540111159484884
                ]
            ], 
            "volume": 52.903775020437365, 
            "beta": 90.0, 
            "alpha": 90.0, 
            "gamma": 90.0
        }, 
        "sites": [
            {
                "label": "Ir", 
                "xyz": [
                    3.130850994138346, 
                    1.1649913364451074e-16, 
                    0.0
                ], 
                "abc": [
                    0.8340015246191687, 
                    3.103324152386695e-17, 
                    0.0
                ], 
                "properties": {}, 
                "species": [
                    {
                        "occu": 1, 
                        "element": "Ir"
                    }
                ]
            }, 
            {
                "label": "Fe", 
                "xyz": [
                    1.779443296352921, 
                    1.8770055579742437, 
                    1.8770055579742437
                ], 
                "abc": [
                    0.47401119533001884, 
                    0.4999999999999999, 
                    0.4999999999999999
                ], 
                "properties": {}, 
                "species": [
                    {
                        "occu": 1, 
                        "element": "Fe"
                    }
                ]
            }, 
            {
                "label": "N", 
                "xyz": [
                    2.1708926857439743, 
                    0.0, 
                    1.8770055579742437
                ], 
                "abc": [
                    0.5782861634376052, 
                    0.0, 
                    0.4999999999999999
                ], 
                "properties": {}, 
                "species": [
                    {
                        "occu": 1, 
                        "element": "N"
                    }
                ]
            }, 
            {
                "label": "N", 
                "xyz": [
                    2.1708926857439743, 
                    1.8770055579742437, 
                    0.0
                ], 
                "abc": [
                    0.5782861634376052, 
                    0.4999999999999999, 
                    0.0
                ], 
                "properties": {}, 
                "species": [
                    {
                        "occu": 1, 
                        "element": "N"
                    }
                ]
            }, 
            {
                "label": "O", 
                "xyz": [
                    0.07958664221080287, 
                    1.8770055579742437, 
                    1.8770055579742437
                ], 
                "abc": [
                    0.021200427956296692, 
                    0.4999999999999999, 
                    0.4999999999999999
                ], 
                "properties": {}, 
                "species": [
                    {
                        "occu": 1, 
                        "element": "O"
                    }
                ]
            }
        ], 
        "@class": "Structure", 
        "@module": "pymatgen.core.structure"
    }
}