{
    "A": "Ir", 
    "gllbsc_ind-gap": 0.0, 
    "B": "Mo", 
    "anion": "OFN", 
    "CB_ind": 6.529458953994589, 
    "anion_idx": 5, 
    "heat_of_formation_all": 1.08, 
    "CB_dir": 6.529458953994589, 
    "filename": "/Users/ajain/Documents/papers_proposals/2012Paper_UNCOptimization/data/rawdata/abofn/535af8dcfdc801547a1a4e9d04416b8fc399747b.json", 
    "sum_magnetic_moments": -1.4138295456331462e-14, 
    "VB_dir": 6.529458953994589, 
    "VB_ind": 6.529458953994589, 
    "is_direct": true, 
    "gllbsc_dir-gap": 0.0, 
    "FermiLevel": 0.25734359059, 
    "XCFunctional": "RPBE", 
    "FermiWidth": 0.0036749309468, 
    "structure": {
        "lattice": {
            "a": 4.060646054214477, 
            "c": 4.060646054214477, 
            "b": 4.060646054214477, 
            "matrix": [
                [
                    4.060646054214477, 
                    0.0, 
                    0.0
                ], 
                [
                    0.0, 
                    4.060646054214477, 
                    0.0
                ], 
                [
                    0.0, 
                    0.0, 
                    4.060646054214477
                ]
            ], 
            "volume": 66.95536898178095, 
            "beta": 90.0, 
            "alpha": 90.0, 
            "gamma": 90.0
        }, 
        "sites": [
            {
                "label": "Ir", 
                "xyz": [
                    3.1320180553732584, 
                    0.0, 
                    0.0
                ], 
                "abc": [
                    0.7713102825405305, 
                    0.0, 
                    0.0
                ], 
                "properties": {}, 
                "species": [
                    {
                        "occu": 1, 
                        "element": "Ir"
                    }
                ]
            }, 
            {
                "label": "Mo", 
                "xyz": [
                    2.338225348253801, 
                    2.0303230271072388, 
                    2.0303230271072388
                ], 
                "abc": [
                    0.5758259442058478, 
                    0.5000000000000001, 
                    0.5000000000000001
                ], 
                "properties": {}, 
                "species": [
                    {
                        "occu": 1, 
                        "element": "Mo"
                    }
                ]
            }, 
            {
                "label": "F", 
                "xyz": [
                    1.523277397326086, 
                    0.0, 
                    2.0303230271072388
                ], 
                "abc": [
                    0.37513178370843275, 
                    0.0, 
                    0.5000000000000001
                ], 
                "properties": {}, 
                "species": [
                    {
                        "occu": 1, 
                        "element": "F"
                    }
                ]
            }, 
            {
                "label": "N", 
                "xyz": [
                    2.955697156007801, 
                    2.0303230271072388, 
                    0.0
                ], 
                "abc": [
                    0.7278883991723761, 
                    0.5000000000000001, 
                    0.0
                ], 
                "properties": {}, 
                "species": [
                    {
                        "occu": 1, 
                        "element": "N"
                    }
                ]
            }, 
            {
                "label": "O", 
                "xyz": [
                    0.5167059124150056, 
                    2.0303230271072388, 
                    2.0303230271072388
                ], 
                "abc": [
                    0.12724721768811276, 
                    0.5000000000000001, 
                    0.5000000000000001
                ], 
                "properties": {}, 
                "species": [
                    {
                        "occu": 1, 
                        "element": "O"
                    }
                ]
            }
        ], 
        "@class": "Structure", 
        "@module": "pymatgen.core.structure"
    }
}