{
    "A": "Ir", 
    "gllbsc_ind-gap": 0.0, 
    "B": "Ni", 
    "anion": "ON2", 
    "CB_ind": 6.225461422871621, 
    "anion_idx": 2, 
    "heat_of_formation_all": 2.12, 
    "CB_dir": 6.225461422871621, 
    "filename": "/Users/ajain/Documents/papers_proposals/2012Paper_UNCOptimization/data/rawdata/abon2/c5344f929f75abe177a5b689e67247153a6b918c.json", 
    "sum_magnetic_moments": 0.0038943077915050144, 
    "VB_dir": 6.225461422871621, 
    "VB_ind": 6.225461422871621, 
    "is_direct": true, 
    "gllbsc_dir-gap": 0.0, 
    "FermiLevel": 0.346510931729, 
    "XCFunctional": "RPBE", 
    "FermiWidth": 0.0018374654734, 
    "structure": {
        "lattice": {
            "a": 3.679596839231561, 
            "c": 3.679596839231561, 
            "b": 3.679596839231561, 
            "matrix": [
                [
                    3.679596839231561, 
                    0.0, 
                    0.0
                ], 
                [
                    0.0, 
                    3.679596839231561, 
                    0.0
                ], 
                [
                    0.0, 
                    0.0, 
                    3.679596839231561
                ]
            ], 
            "volume": 49.81965450118914, 
            "beta": 90.0, 
            "alpha": 90.0, 
            "gamma": 90.0
        }, 
        "sites": [
            {
                "label": "Ir", 
                "xyz": [
                    0.0029102210220157652, 
                    0.0, 
                    0.0
                ], 
                "abc": [
                    0.0007909075774245772, 
                    0.0, 
                    0.0
                ], 
                "properties": {}, 
                "species": [
                    {
                        "occu": 1, 
                        "element": "Ir"
                    }
                ]
            }, 
            {
                "label": "Ni", 
                "xyz": [
                    1.8409117040222418, 
                    1.8397984196157793, 
                    1.8397984196157793
                ], 
                "abc": [
                    0.500302556082936, 
                    0.4999999999999997, 
                    0.4999999999999997
                ], 
                "properties": {}, 
                "species": [
                    {
                        "occu": 1, 
                        "element": "Ni"
                    }
                ]
            }, 
            {
                "label": "N", 
                "xyz": [
                    1.8416586770560286, 
                    0.0, 
                    1.8397984196157793
                ], 
                "abc": [
                    0.5005055601256133, 
                    0.0, 
                    0.4999999999999997
                ], 
                "properties": {}, 
                "species": [
                    {
                        "occu": 1, 
                        "element": "N"
                    }
                ]
            }, 
            {
                "label": "N", 
                "xyz": [
                    1.8416586770560286, 
                    1.8397984196157793, 
                    2.289725753988048e-19
                ], 
                "abc": [
                    0.5005055601256133, 
                    0.4999999999999997, 
                    6.222762585224498e-20
                ], 
                "properties": {}, 
                "species": [
                    {
                        "occu": 1, 
                        "element": "N"
                    }
                ]
            }, 
            {
                "label": "O", 
                "xyz": [
                    0.0015725896584699395, 
                    1.8397984196157793, 
                    1.8397984196157793
                ], 
                "abc": [
                    0.0004273809678558034, 
                    0.4999999999999997, 
                    0.4999999999999997
                ], 
                "properties": {}, 
                "species": [
                    {
                        "occu": 1, 
                        "element": "O"
                    }
                ]
            }
        ], 
        "@class": "Structure", 
        "@module": "pymatgen.core.structure"
    }
}