{
    "A": "Ir", 
    "gllbsc_ind-gap": 0.0, 
    "B": "Os", 
    "anion": "N3", 
    "CB_ind": 6.3137978042271055, 
    "anion_idx": 3, 
    "heat_of_formation_all": 1.96, 
    "CB_dir": 6.3137978042271055, 
    "filename": "/Users/ajain/Documents/papers_proposals/2012Paper_UNCOptimization/data/rawdata/abn3/d0b9e91fc80405c290b4944b2b1d43ce658e8c26.json", 
    "sum_magnetic_moments": 0.035377730401265246, 
    "VB_dir": 6.3137978042271055, 
    "VB_ind": 6.3137978042271055, 
    "is_direct": true, 
    "gllbsc_dir-gap": 0.0, 
    "FermiLevel": 0.353229130128, 
    "XCFunctional": "RPBE", 
    "FermiWidth": 0.0018374654734, 
    "structure": {
        "lattice": {
            "a": 3.8896493358208657, 
            "c": 3.8896493358208657, 
            "b": 3.8896493358208657, 
            "matrix": [
                [
                    3.8896493358208657, 
                    0.0, 
                    0.0
                ], 
                [
                    0.0, 
                    3.8896493358208657, 
                    0.0
                ], 
                [
                    0.0, 
                    0.0, 
                    3.8896493358208657
                ]
            ], 
            "volume": 58.84795157868747, 
            "beta": 90.0, 
            "alpha": 90.0, 
            "gamma": 90.0
        }, 
        "sites": [
            {
                "label": "Ir", 
                "xyz": [
                    0.003018988550800091, 
                    0.0, 
                    0.0
                ], 
                "abc": [
                    0.0007761595686781796, 
                    0.0, 
                    0.0
                ], 
                "properties": {}, 
                "species": [
                    {
                        "occu": 1, 
                        "element": "Ir"
                    }
                ]
            }, 
            {
                "label": "Os", 
                "xyz": [
                    1.946977399526711, 
                    1.9448246679104326, 
                    1.9448246679104326
                ], 
                "abc": [
                    0.5005534513346622, 
                    0.49999999999999994, 
                    0.49999999999999994
                ], 
                "properties": {}, 
                "species": [
                    {
                        "occu": 1, 
                        "element": "Os"
                    }
                ]
            }, 
            {
                "label": "N", 
                "xyz": [
                    1.9492071505208413, 
                    7.363111917932835e-19, 
                    1.9448246679104326
                ], 
                "abc": [
                    0.5011267037802223, 
                    1.8930014719126178e-19, 
                    0.49999999999999994
                ], 
                "properties": {}, 
                "species": [
                    {
                        "occu": 1, 
                        "element": "N"
                    }
                ]
            }, 
            {
                "label": "N", 
                "xyz": [
                    1.9492071505208413, 
                    1.9448246679104326, 
                    2.6033883434104214e-19
                ], 
                "abc": [
                    0.5011267037802223, 
                    0.49999999999999994, 
                    6.693118372998542e-20
                ], 
                "properties": {}, 
                "species": [
                    {
                        "occu": 1, 
                        "element": "N"
                    }
                ]
            }, 
            {
                "label": "N", 
                "xyz": [
                    0.0023498326716367215, 
                    1.9448246679104326, 
                    1.9448246679104326
                ], 
                "abc": [
                    0.0006041245543644402, 
                    0.49999999999999994, 
                    0.49999999999999994
                ], 
                "properties": {}, 
                "species": [
                    {
                        "occu": 1, 
                        "element": "N"
                    }
                ]
            }
        ], 
        "@class": "Structure", 
        "@module": "pymatgen.core.structure"
    }
}