{
    "A": "Ir", 
    "gllbsc_ind-gap": 0.0, 
    "B": "Sn", 
    "anion": "N3", 
    "CB_ind": 6.153505442350575, 
    "anion_idx": 3, 
    "heat_of_formation_all": 1.78, 
    "CB_dir": 6.153505442350575, 
    "filename": "/Users/ajain/Documents/papers_proposals/2012Paper_UNCOptimization/data/rawdata/abn3/a780348b71fdcded7fb58e0a72c2cf1ca33be177.json", 
    "sum_magnetic_moments": 0.24442013854481812, 
    "VB_dir": 6.153505442350575, 
    "VB_ind": 6.153505442350575, 
    "is_direct": true, 
    "gllbsc_dir-gap": 0.0, 
    "FermiLevel": 0.266835207088, 
    "XCFunctional": "RPBE", 
    "FermiWidth": 0.0018374654734, 
    "structure": {
        "lattice": {
            "a": 4.100032885714561, 
            "c": 4.100032885714561, 
            "b": 4.100032885714561, 
            "matrix": [
                [
                    4.100032885714561, 
                    0.0, 
                    0.0
                ], 
                [
                    0.0, 
                    4.100032885714561, 
                    0.0
                ], 
                [
                    0.0, 
                    0.0, 
                    4.100032885714561
                ]
            ], 
            "volume": 68.92265843988743, 
            "beta": 90.0, 
            "alpha": 90.0, 
            "gamma": 90.0
        }, 
        "sites": [
            {
                "label": "Ir", 
                "xyz": [
                    0.9340743161910658, 
                    0.0, 
                    5.908573214271107e-17
                ], 
                "abc": [
                    0.22782117661680018, 
                    0.0, 
                    1.4411038591563275e-17
                ], 
                "properties": {}, 
                "species": [
                    {
                        "occu": 1, 
                        "element": "Ir"
                    }
                ]
            }, 
            {
                "label": "Sn", 
                "xyz": [
                    2.311243927496313, 
                    2.050016442857281, 
                    2.050016442857281
                ], 
                "abc": [
                    0.5637135096035956, 
                    0.5000000000000001, 
                    0.5000000000000001
                ], 
                "properties": {}, 
                "species": [
                    {
                        "occu": 1, 
                        "element": "Sn"
                    }
                ]
            }, 
            {
                "label": "N", 
                "xyz": [
                    1.6719883620327023, 
                    0.0, 
                    2.050016442857281
                ], 
                "abc": [
                    0.4077987686045853, 
                    0.0, 
                    0.5000000000000001
                ], 
                "properties": {}, 
                "species": [
                    {
                        "occu": 1, 
                        "element": "N"
                    }
                ]
            }, 
            {
                "label": "N", 
                "xyz": [
                    1.671988362032703, 
                    2.050016442857281, 
                    2.461095768890129e-18
                ], 
                "abc": [
                    0.40779876860458547, 
                    0.5000000000000001, 
                    6.002624460562601e-19
                ], 
                "properties": {}, 
                "species": [
                    {
                        "occu": 1, 
                        "element": "N"
                    }
                ]
            }, 
            {
                "label": "N", 
                "xyz": [
                    0.19575220973140756, 
                    2.050016442857281, 
                    2.050016442857281
                ], 
                "abc": [
                    0.04774405844729987, 
                    0.5000000000000001, 
                    0.5000000000000001
                ], 
                "properties": {}, 
                "species": [
                    {
                        "occu": 1, 
                        "element": "N"
                    }
                ]
            }
        ], 
        "@class": "Structure", 
        "@module": "pymatgen.core.structure"
    }
}