{
    "A": "Ir", 
    "gllbsc_ind-gap": 0.0, 
    "B": "Zn", 
    "anion": "OFN", 
    "CB_ind": 6.704035060986574, 
    "anion_idx": 5, 
    "heat_of_formation_all": 2.16, 
    "CB_dir": 6.704035060986574, 
    "filename": "/Users/ajain/Documents/papers_proposals/2012Paper_UNCOptimization/data/rawdata/abofn/2179f5020125e1cde54484ea6b8fd98244aee309.json", 
    "sum_magnetic_moments": 0.0, 
    "VB_dir": 6.704035060986574, 
    "VB_ind": 6.704035060986574, 
    "is_direct": true, 
    "gllbsc_dir-gap": 0.0, 
    "FermiLevel": 0.22393232268, 
    "XCFunctional": "RPBE", 
    "FermiWidth": 0.0036749309468, 
    "structure": {
        "lattice": {
            "a": 3.9071922457233943, 
            "c": 3.9071922457233943, 
            "b": 3.9071922457233943, 
            "matrix": [
                [
                    3.9071922457233943, 
                    0.0, 
                    0.0
                ], 
                [
                    0.0, 
                    3.9071922457233943, 
                    0.0
                ], 
                [
                    0.0, 
                    0.0, 
                    3.9071922457233943
                ]
            ], 
            "volume": 59.64778776666482, 
            "beta": 90.0, 
            "alpha": 90.0, 
            "gamma": 90.0
        }, 
        "sites": [
            {
                "label": "Ir", 
                "xyz": [
                    0.0017788358882028941, 
                    0.0, 
                    0.0
                ], 
                "abc": [
                    0.0004552721689468732, 
                    0.0, 
                    0.0
                ], 
                "properties": {}, 
                "species": [
                    {
                        "occu": 1, 
                        "element": "Ir"
                    }
                ]
            }, 
            {
                "label": "Zn", 
                "xyz": [
                    1.9758887999365609, 
                    1.953596122861697, 
                    1.953596122861697
                ], 
                "abc": [
                    0.5057055490676877, 
                    0.49999999999999994, 
                    0.49999999999999994
                ], 
                "properties": {}, 
                "species": [
                    {
                        "occu": 1, 
                        "element": "Zn"
                    }
                ]
            }, 
            {
                "label": "F", 
                "xyz": [
                    1.951386020615772, 
                    0.0, 
                    1.953596122861697
                ], 
                "abc": [
                    0.4994343502681896, 
                    0.0, 
                    0.49999999999999994
                ], 
                "properties": {}, 
                "species": [
                    {
                        "occu": 1, 
                        "element": "F"
                    }
                ]
            }, 
            {
                "label": "N", 
                "xyz": [
                    1.9535863810391012, 
                    1.953596122861697, 
                    0.0
                ], 
                "abc": [
                    0.4999975066948378, 
                    0.49999999999999994, 
                    0.0
                ], 
                "properties": {}, 
                "species": [
                    {
                        "occu": 1, 
                        "element": "N"
                    }
                ]
            }, 
            {
                "label": "O", 
                "xyz": [
                    0.01787972775057943, 
                    1.953596122861697, 
                    1.953596122861697
                ], 
                "abc": [
                    0.004576106479057853, 
                    0.49999999999999994, 
                    0.49999999999999994
                ], 
                "properties": {}, 
                "species": [
                    {
                        "occu": 1, 
                        "element": "O"
                    }
                ]
            }
        ], 
        "@class": "Structure", 
        "@module": "pymatgen.core.structure"
    }
}