{
    "A": "K", 
    "gllbsc_ind-gap": 0.0, 
    "B": "In", 
    "anion": "OFN", 
    "CB_ind": 5.323428621692857, 
    "anion_idx": 5, 
    "heat_of_formation_all": 1.14, 
    "CB_dir": 5.323428621692857, 
    "filename": "/Users/ajain/Documents/papers_proposals/2012Paper_UNCOptimization/data/rawdata/abofn/e1b32b352f7bc6ebf5fa3433b39d767ebf502242.json", 
    "sum_magnetic_moments": 1.9978798099255286, 
    "VB_dir": 5.323428621692857, 
    "VB_ind": 5.323428621692857, 
    "is_direct": true, 
    "gllbsc_dir-gap": 0.0, 
    "FermiLevel": 0.118438895653, 
    "XCFunctional": "RPBE", 
    "FermiWidth": 0.0036749309468, 
    "structure": {
        "lattice": {
            "a": 4.4193067423576835, 
            "c": 4.4193067423576835, 
            "b": 4.4193067423576835, 
            "matrix": [
                [
                    4.4193067423576835, 
                    0.0, 
                    0.0
                ], 
                [
                    0.0, 
                    4.4193067423576835, 
                    0.0
                ], 
                [
                    0.0, 
                    0.0, 
                    4.4193067423576835
                ]
            ], 
            "volume": 86.31026309669443, 
            "beta": 90.0, 
            "alpha": 90.0, 
            "gamma": 90.0
        }, 
        "sites": [
            {
                "label": "K", 
                "xyz": [
                    0.002140323750987042, 
                    0.0, 
                    0.0
                ], 
                "abc": [
                    0.00048431210498983994, 
                    0.0, 
                    0.0
                ], 
                "properties": {}, 
                "species": [
                    {
                        "occu": 1, 
                        "element": "K"
                    }
                ]
            }, 
            {
                "label": "In", 
                "xyz": [
                    2.2313046748864234, 
                    2.209653371178842, 
                    2.209653371178842
                ], 
                "abc": [
                    0.5048992534281589, 
                    0.5000000000000001, 
                    0.5000000000000001
                ], 
                "properties": {}, 
                "species": [
                    {
                        "occu": 1, 
                        "element": "In"
                    }
                ]
            }, 
            {
                "label": "F", 
                "xyz": [
                    2.208977987482885, 
                    0.0, 
                    2.209653371178842
                ], 
                "abc": [
                    0.49984717428878983, 
                    0.0, 
                    0.5000000000000001
                ], 
                "properties": {}, 
                "species": [
                    {
                        "occu": 1, 
                        "element": "F"
                    }
                ]
            }, 
            {
                "label": "N", 
                "xyz": [
                    2.2082373147029735, 
                    2.209653371178842, 
                    0.0
                ], 
                "abc": [
                    0.49967957497444204, 
                    0.5000000000000001, 
                    0.0
                ], 
                "properties": {}, 
                "species": [
                    {
                        "occu": 1, 
                        "element": "N"
                    }
                ]
            }, 
            {
                "label": "O", 
                "xyz": [
                    0.016967639548862747, 
                    2.209653371178842, 
                    2.209653371178842
                ], 
                "abc": [
                    0.003839434675632082, 
                    0.5000000000000001, 
                    0.5000000000000001
                ], 
                "properties": {}, 
                "species": [
                    {
                        "occu": 1, 
                        "element": "O"
                    }
                ]
            }
        ], 
        "@class": "Structure", 
        "@module": "pymatgen.core.structure"
    }
}