{
    "A": "K", 
    "gllbsc_ind-gap": 0.0, 
    "B": "Na", 
    "anion": "O2N", 
    "CB_ind": 4.906331833866335, 
    "anion_idx": 1, 
    "heat_of_formation_all": 1.94, 
    "CB_dir": 4.906331833866335, 
    "filename": "/Users/ajain/Documents/papers_proposals/2012Paper_UNCOptimization/data/rawdata/abo2n/23318eee9c0e192b37ffae4e8f01bc61ec2c28af.json", 
    "sum_magnetic_moments": 0.0, 
    "VB_dir": 4.906331833866335, 
    "VB_ind": 4.906331833866335, 
    "is_direct": true, 
    "gllbsc_dir-gap": 0.0, 
    "FermiLevel": 0.0265996744905, 
    "XCFunctional": "RPBE", 
    "FermiWidth": 0.0018374654734, 
    "structure": {
        "lattice": {
            "a": 4.299038212476882, 
            "c": 4.299038212476882, 
            "b": 4.299038212476882, 
            "matrix": [
                [
                    4.299038212476882, 
                    0.0, 
                    0.0
                ], 
                [
                    0.0, 
                    4.299038212476882, 
                    0.0
                ], 
                [
                    0.0, 
                    0.0, 
                    4.299038212476882
                ]
            ], 
            "volume": 79.45366157815754, 
            "beta": 90.0, 
            "alpha": 90.0, 
            "gamma": 90.0
        }, 
        "sites": [
            {
                "label": "K", 
                "xyz": [
                    3.955145269712037, 
                    5.741933011970656e-17, 
                    4.299038212476881
                ], 
                "abc": [
                    0.9200070048768626, 
                    1.3356320014337471e-17, 
                    0.9999999999999999
                ], 
                "properties": {}, 
                "species": [
                    {
                        "occu": 1, 
                        "element": "K"
                    }
                ]
            }, 
            {
                "label": "Na", 
                "xyz": [
                    2.7024862676824455, 
                    2.149519106238441, 
                    2.149519106238441
                ], 
                "abc": [
                    0.6286257842135843, 
                    0.5, 
                    0.5
                ], 
                "properties": {}, 
                "species": [
                    {
                        "occu": 1, 
                        "element": "Na"
                    }
                ]
            }, 
            {
                "label": "N", 
                "xyz": [
                    1.0232269200454698, 
                    2.4278215568135517e-17, 
                    2.149519106238441
                ], 
                "abc": [
                    0.23801298557333356, 
                    5.647359797285373e-18, 
                    0.5
                ], 
                "properties": {}, 
                "species": [
                    {
                        "occu": 1, 
                        "element": "N"
                    }
                ]
            }, 
            {
                "label": "O", 
                "xyz": [
                    2.1540949057606156, 
                    2.149519106238441, 
                    0.0
                ], 
                "abc": [
                    0.5010643774946905, 
                    0.5, 
                    0.0
                ], 
                "properties": {}, 
                "species": [
                    {
                        "occu": 1, 
                        "element": "O"
                    }
                ]
            }, 
            {
                "label": "O", 
                "xyz": [
                    0.6050042065749835, 
                    2.149519106238441, 
                    2.149519106238441
                ], 
                "abc": [
                    0.14073013001352497, 
                    0.5, 
                    0.5
                ], 
                "properties": {}, 
                "species": [
                    {
                        "occu": 1, 
                        "element": "O"
                    }
                ]
            }
        ], 
        "@class": "Structure", 
        "@module": "pymatgen.core.structure"
    }
}