{
    "A": "K", 
    "gllbsc_ind-gap": 0.0, 
    "B": "Pb", 
    "anion": "O3", 
    "CB_ind": 5.258113775618372, 
    "anion_idx": 0, 
    "heat_of_formation_all": 0.82, 
    "CB_dir": 5.258113775618372, 
    "filename": "/Users/ajain/Documents/papers_proposals/2012Paper_UNCOptimization/data/rawdata/abo3/effee9e6216bf47dd2fc9362c59b993a1ed8ceec.json", 
    "sum_magnetic_moments": 1.0734079477641105, 
    "VB_dir": 5.258113775618372, 
    "VB_ind": 5.258113775618372, 
    "is_direct": true, 
    "gllbsc_dir-gap": 0.0, 
    "FermiLevel": 0.0941008910233, 
    "XCFunctional": "RPBE", 
    "FermiWidth": 0.0018374654734, 
    "structure": {
        "lattice": {
            "a": 4.392973217876829, 
            "c": 4.392973217876829, 
            "b": 4.392973217876829, 
            "matrix": [
                [
                    4.392973217876829, 
                    0.0, 
                    0.0
                ], 
                [
                    0.0, 
                    4.392973217876829, 
                    0.0
                ], 
                [
                    0.0, 
                    0.0, 
                    4.392973217876829
                ]
            ], 
            "volume": 84.77653590613866, 
            "beta": 90.0, 
            "alpha": 90.0, 
            "gamma": 90.0
        }, 
        "sites": [
            {
                "label": "K", 
                "xyz": [
                    0.0026481424353558955, 
                    0.0, 
                    4.300476260126905e-19
                ], 
                "abc": [
                    0.0006028132437911313, 
                    0.0, 
                    9.789443383416235e-20
                ], 
                "properties": {}, 
                "species": [
                    {
                        "occu": 1, 
                        "element": "K"
                    }
                ]
            }, 
            {
                "label": "Pb", 
                "xyz": [
                    2.223982753109058, 
                    2.1964866089384145, 
                    2.1964866089384145
                ], 
                "abc": [
                    0.5062591194634992, 
                    0.5, 
                    0.5
                ], 
                "properties": {}, 
                "species": [
                    {
                        "occu": 1, 
                        "element": "Pb"
                    }
                ]
            }, 
            {
                "label": "O", 
                "xyz": [
                    2.1956238052829713, 
                    0.0, 
                    2.1964866089384145
                ], 
                "abc": [
                    0.4998035946015031, 
                    0.0, 
                    0.5
                ], 
                "properties": {}, 
                "species": [
                    {
                        "occu": 1, 
                        "element": "O"
                    }
                ]
            }, 
            {
                "label": "O", 
                "xyz": [
                    2.1956238052829713, 
                    2.1964866089384145, 
                    2.2635800618492054e-20
                ], 
                "abc": [
                    0.4998035946015031, 
                    0.5, 
                    5.152729027888811e-21
                ], 
                "properties": {}, 
                "species": [
                    {
                        "occu": 1, 
                        "element": "O"
                    }
                ]
            }, 
            {
                "label": "O", 
                "xyz": [
                    0.02012886908046981, 
                    2.1964866089384145, 
                    2.1964866089384145
                ], 
                "abc": [
                    0.004582060504843758, 
                    0.5, 
                    0.5
                ], 
                "properties": {}, 
                "species": [
                    {
                        "occu": 1, 
                        "element": "O"
                    }
                ]
            }
        ], 
        "@class": "Structure", 
        "@module": "pymatgen.core.structure"
    }
}