{
    "A": "La", 
    "gllbsc_ind-gap": 0.0, 
    "B": "Au", 
    "anion": "O2F", 
    "CB_ind": 6.3451908253505485, 
    "anion_idx": 4, 
    "heat_of_formation_all": 1.3, 
    "CB_dir": 6.3451908253505485, 
    "filename": "/Users/ajain/Documents/papers_proposals/2012Paper_UNCOptimization/data/rawdata/abo2f/116b91b39b03d3ad9954382bce2d3f4dae2cd71e.json", 
    "sum_magnetic_moments": 7.868971829157919e-15, 
    "VB_dir": 6.3451908253505485, 
    "VB_ind": 6.3451908253505485, 
    "is_direct": true, 
    "gllbsc_dir-gap": 0.0, 
    "FermiLevel": 0.315190973339, 
    "XCFunctional": "RPBE", 
    "FermiWidth": 0.0036749309468, 
    "structure": {
        "lattice": {
            "a": 4.372169385722067, 
            "c": 4.372169385722067, 
            "b": 4.372169385722067, 
            "matrix": [
                [
                    4.372169385722067, 
                    0.0, 
                    0.0
                ], 
                [
                    0.0, 
                    4.372169385722067, 
                    0.0
                ], 
                [
                    0.0, 
                    0.0, 
                    4.372169385722067
                ]
            ], 
            "volume": 83.57780033553, 
            "beta": 90.0, 
            "alpha": 90.0, 
            "gamma": 90.0
        }, 
        "sites": [
            {
                "label": "La", 
                "xyz": [
                    0.001521079196089296, 
                    0.0, 
                    0.0
                ], 
                "abc": [
                    0.0003479003354848496, 
                    0.0, 
                    0.0
                ], 
                "properties": {}, 
                "species": [
                    {
                        "occu": 1, 
                        "element": "La"
                    }
                ]
            }, 
            {
                "label": "Au", 
                "xyz": [
                    2.206836160147869, 
                    2.186084692861033, 
                    2.186084692861033
                ], 
                "abc": [
                    0.5047462633434565, 
                    0.49999999999999994, 
                    0.49999999999999994
                ], 
                "properties": {}, 
                "species": [
                    {
                        "occu": 1, 
                        "element": "Au"
                    }
                ]
            }, 
            {
                "label": "F", 
                "xyz": [
                    2.1828307015204667, 
                    0.0, 
                    2.186084692861033
                ], 
                "abc": [
                    0.4992557490221689, 
                    0.0, 
                    0.49999999999999994
                ], 
                "properties": {}, 
                "species": [
                    {
                        "occu": 1, 
                        "element": "F"
                    }
                ]
            }, 
            {
                "label": "O", 
                "xyz": [
                    2.1879204825574936, 
                    2.186084692861033, 
                    0.0
                ], 
                "abc": [
                    0.5004198807352833, 
                    0.49999999999999994, 
                    0.0
                ], 
                "properties": {}, 
                "species": [
                    {
                        "occu": 1, 
                        "element": "O"
                    }
                ]
            }, 
            {
                "label": "O", 
                "xyz": [
                    0.021573676467447123, 
                    2.186084692861033, 
                    2.186084692861033
                ], 
                "abc": [
                    0.004934318541705862, 
                    0.49999999999999994, 
                    0.49999999999999994
                ], 
                "properties": {}, 
                "species": [
                    {
                        "occu": 1, 
                        "element": "O"
                    }
                ]
            }
        ], 
        "@class": "Structure", 
        "@module": "pymatgen.core.structure"
    }
}