{
    "A": "La", 
    "gllbsc_ind-gap": 0.0, 
    "B": "Bi", 
    "anion": "ON2", 
    "CB_ind": 5.479519951105172, 
    "anion_idx": 2, 
    "heat_of_formation_all": 1.02, 
    "CB_dir": 5.479519951105172, 
    "filename": "/Users/ajain/Documents/papers_proposals/2012Paper_UNCOptimization/data/rawdata/abon2/9fdcfef8980f2caa3aff15446647ceb0f864f9c2.json", 
    "sum_magnetic_moments": -0.0007308757293975195, 
    "VB_dir": 5.479519951105172, 
    "VB_ind": 5.479519951105172, 
    "is_direct": true, 
    "gllbsc_dir-gap": 0.0, 
    "FermiLevel": 0.319535655783, 
    "XCFunctional": "RPBE", 
    "FermiWidth": 0.0018374654734, 
    "structure": {
        "lattice": {
            "a": 4.353093322097142, 
            "c": 4.353093322097142, 
            "b": 4.353093322097142, 
            "matrix": [
                [
                    4.353093322097142, 
                    0.0, 
                    0.0
                ], 
                [
                    0.0, 
                    4.353093322097142, 
                    0.0
                ], 
                [
                    0.0, 
                    0.0, 
                    4.353093322097142
                ]
            ], 
            "volume": 82.48860006252124, 
            "beta": 90.0, 
            "alpha": 90.0, 
            "gamma": 90.0
        }, 
        "sites": [
            {
                "label": "La", 
                "xyz": [
                    0.5315952108467238, 
                    1.5992873420678305e-16, 
                    0.0
                ], 
                "abc": [
                    0.12211895576606269, 
                    3.673910076656384e-17, 
                    0.0
                ], 
                "properties": {}, 
                "species": [
                    {
                        "occu": 1, 
                        "element": "La"
                    }
                ]
            }, 
            {
                "label": "Bi", 
                "xyz": [
                    2.407104266813113, 
                    2.176546661048571, 
                    2.176546661048571
                ], 
                "abc": [
                    0.5529640852389235, 
                    0.5, 
                    0.5
                ], 
                "properties": {}, 
                "species": [
                    {
                        "occu": 1, 
                        "element": "Bi"
                    }
                ]
            }, 
            {
                "label": "N", 
                "xyz": [
                    2.0489821975745435, 
                    9.50094897159911e-18, 
                    2.176546661048571
                ], 
                "abc": [
                    0.47069567453872724, 
                    2.1825741532740544e-18, 
                    0.5
                ], 
                "properties": {}, 
                "species": [
                    {
                        "occu": 1, 
                        "element": "N"
                    }
                ]
            }, 
            {
                "label": "N", 
                "xyz": [
                    2.0489821975745435, 
                    2.176546661048571, 
                    1.781868300061892e-18
                ], 
                "abc": [
                    0.47069567453872724, 
                    0.5, 
                    4.093338157987068e-19
                ], 
                "properties": {}, 
                "species": [
                    {
                        "occu": 1, 
                        "element": "N"
                    }
                ]
            }, 
            {
                "label": "O", 
                "xyz": [
                    0.16699775387718513, 
                    2.176546661048571, 
                    2.176546661048571
                ], 
                "abc": [
                    0.038363007985487536, 
                    0.5, 
                    0.5
                ], 
                "properties": {}, 
                "species": [
                    {
                        "occu": 1, 
                        "element": "O"
                    }
                ]
            }
        ], 
        "@class": "Structure", 
        "@module": "pymatgen.core.structure"
    }
}