{
    "A": "La", 
    "gllbsc_ind-gap": 0.0, 
    "B": "Cr", 
    "anion": "ON2", 
    "CB_ind": 5.371341144482365, 
    "anion_idx": 2, 
    "heat_of_formation_all": 0.36, 
    "CB_dir": 5.371341144482365, 
    "filename": "/Users/ajain/Documents/papers_proposals/2012Paper_UNCOptimization/data/rawdata/abon2/7c905eef1120e2354754836b150cc19722c251d0.json", 
    "sum_magnetic_moments": 0.4772091475632329, 
    "VB_dir": 5.371341144482365, 
    "VB_ind": 5.371341144482365, 
    "is_direct": true, 
    "gllbsc_dir-gap": 0.0, 
    "FermiLevel": 0.42044283777, 
    "XCFunctional": "RPBE", 
    "FermiWidth": 0.0018374654734, 
    "structure": {
        "lattice": {
            "a": 3.8707582584899094, 
            "c": 3.8707582584899094, 
            "b": 3.8707582584899094, 
            "matrix": [
                [
                    3.8707582584899094, 
                    0.0, 
                    0.0
                ], 
                [
                    0.0, 
                    3.8707582584899094, 
                    0.0
                ], 
                [
                    0.0, 
                    0.0, 
                    3.8707582584899094
                ]
            ], 
            "volume": 57.99467876040698, 
            "beta": 90.0, 
            "alpha": 90.0, 
            "gamma": 90.0
        }, 
        "sites": [
            {
                "label": "La", 
                "xyz": [
                    0.00909064123272811, 
                    0.0, 
                    9.05973797904236e-19
                ], 
                "abc": [
                    0.0023485427468349887, 
                    0.0, 
                    2.3405589742452206e-19
                ], 
                "properties": {}, 
                "species": [
                    {
                        "occu": 1, 
                        "element": "La"
                    }
                ]
            }, 
            {
                "label": "Cr", 
                "xyz": [
                    1.9430818638352934, 
                    1.9353791292449556, 
                    1.9353791292449556
                ], 
                "abc": [
                    0.5019899807934127, 
                    0.5000000000000002, 
                    0.5000000000000002
                ], 
                "properties": {}, 
                "species": [
                    {
                        "occu": 1, 
                        "element": "Cr"
                    }
                ]
            }, 
            {
                "label": "N", 
                "xyz": [
                    1.9409506685930729, 
                    0.0, 
                    1.9353791292449556
                ], 
                "abc": [
                    0.5014393922265483, 
                    0.0, 
                    0.5000000000000002
                ], 
                "properties": {}, 
                "species": [
                    {
                        "occu": 1, 
                        "element": "N"
                    }
                ]
            }, 
            {
                "label": "N", 
                "xyz": [
                    1.9409506685930729, 
                    1.9353791292449556, 
                    0.0
                ], 
                "abc": [
                    0.5014393922265483, 
                    0.5000000000000002, 
                    0.0
                ], 
                "properties": {}, 
                "species": [
                    {
                        "occu": 1, 
                        "element": "N"
                    }
                ]
            }, 
            {
                "label": "O", 
                "xyz": [
                    0.007855718531434066, 
                    1.9353791292449556, 
                    1.9353791292449556
                ], 
                "abc": [
                    0.0020295037837105333, 
                    0.5000000000000002, 
                    0.5000000000000002
                ], 
                "properties": {}, 
                "species": [
                    {
                        "occu": 1, 
                        "element": "O"
                    }
                ]
            }
        ], 
        "@class": "Structure", 
        "@module": "pymatgen.core.structure"
    }
}