{
    "A": "La", 
    "gllbsc_ind-gap": 0.0, 
    "B": "Hg", 
    "anion": "N3", 
    "CB_ind": 5.707634254316921, 
    "anion_idx": 3, 
    "heat_of_formation_all": 1.66, 
    "CB_dir": 5.707634254316921, 
    "filename": "/Users/ajain/Documents/papers_proposals/2012Paper_UNCOptimization/data/rawdata/abn3/03c4056796579d86518bd3354c81af039069884e.json", 
    "sum_magnetic_moments": 0.7893920974347459, 
    "VB_dir": 5.707634254316921, 
    "VB_ind": 5.707634254316921, 
    "is_direct": true, 
    "gllbsc_dir-gap": 0.0, 
    "FermiLevel": 0.310922286073, 
    "XCFunctional": "RPBE", 
    "FermiWidth": 0.0018374654734, 
    "structure": {
        "lattice": {
            "a": 4.247357190247977, 
            "c": 4.247357190247977, 
            "b": 4.247357190247977, 
            "matrix": [
                [
                    4.247357190247977, 
                    0.0, 
                    0.0
                ], 
                [
                    0.0, 
                    4.247357190247977, 
                    0.0
                ], 
                [
                    0.0, 
                    0.0, 
                    4.247357190247977
                ]
            ], 
            "volume": 76.62250677975689, 
            "beta": 90.0, 
            "alpha": 90.0, 
            "gamma": 90.0
        }, 
        "sites": [
            {
                "label": "La", 
                "xyz": [
                    0.0, 
                    0.0, 
                    0.0
                ], 
                "abc": [
                    0.0, 
                    0.0, 
                    0.0
                ], 
                "properties": {}, 
                "species": [
                    {
                        "occu": 1, 
                        "element": "La"
                    }
                ]
            }, 
            {
                "label": "Hg", 
                "xyz": [
                    2.1236785951239874, 
                    2.1236785951239874, 
                    2.1236785951239874
                ], 
                "abc": [
                    0.4999999999999997, 
                    0.4999999999999997, 
                    0.4999999999999997
                ], 
                "properties": {}, 
                "species": [
                    {
                        "occu": 1, 
                        "element": "Hg"
                    }
                ]
            }, 
            {
                "label": "N", 
                "xyz": [
                    2.1236785951239874, 
                    0.0, 
                    2.1236785951239874
                ], 
                "abc": [
                    0.4999999999999997, 
                    0.0, 
                    0.4999999999999997
                ], 
                "properties": {}, 
                "species": [
                    {
                        "occu": 1, 
                        "element": "N"
                    }
                ]
            }, 
            {
                "label": "N", 
                "xyz": [
                    2.1236785951239874, 
                    2.1236785951239874, 
                    0.0
                ], 
                "abc": [
                    0.4999999999999997, 
                    0.4999999999999997, 
                    0.0
                ], 
                "properties": {}, 
                "species": [
                    {
                        "occu": 1, 
                        "element": "N"
                    }
                ]
            }, 
            {
                "label": "N", 
                "xyz": [
                    0.0, 
                    2.1236785951239874, 
                    2.1236785951239874
                ], 
                "abc": [
                    0.0, 
                    0.4999999999999997, 
                    0.4999999999999997
                ], 
                "properties": {}, 
                "species": [
                    {
                        "occu": 1, 
                        "element": "N"
                    }
                ]
            }
        ], 
        "@class": "Structure", 
        "@module": "pymatgen.core.structure"
    }
}