{
    "A": "La", 
    "gllbsc_ind-gap": 0.0, 
    "B": "Re", 
    "anion": "O2S", 
    "CB_ind": 5.322385539966041, 
    "anion_idx": 6, 
    "heat_of_formation_all": 0.66, 
    "CB_dir": 5.322385539966041, 
    "filename": "/Users/ajain/Documents/papers_proposals/2012Paper_UNCOptimization/data/rawdata/abo2s/06e78d38053a46ce78b9b028cd0f9dd38e1b3ce2.json", 
    "sum_magnetic_moments": 0.2095778272111808, 
    "VB_dir": 5.322385539966041, 
    "VB_ind": 5.322385539966041, 
    "is_direct": true, 
    "gllbsc_dir-gap": 0.0, 
    "FermiLevel": 0.388845381895, 
    "XCFunctional": "RPBE", 
    "FermiWidth": 0.0018374654734, 
    "structure": {
        "lattice": {
            "a": 4.327420101006955, 
            "c": 4.327420101006955, 
            "b": 4.327420101006955, 
            "matrix": [
                [
                    4.327420101006955, 
                    0.0, 
                    0.0
                ], 
                [
                    0.0, 
                    4.327420101006955, 
                    0.0
                ], 
                [
                    0.0, 
                    0.0, 
                    4.327420101006955
                ]
            ], 
            "volume": 81.03771263800219, 
            "beta": 90.0, 
            "alpha": 90.0, 
            "gamma": 90.0
        }, 
        "sites": [
            {
                "label": "La", 
                "xyz": [
                    3.9431554046146107, 
                    0.0, 
                    0.0
                ], 
                "abc": [
                    0.9112023590446121, 
                    0.0, 
                    0.0
                ], 
                "properties": {}, 
                "species": [
                    {
                        "occu": 1, 
                        "element": "La"
                    }
                ]
            }, 
            {
                "label": "Re", 
                "xyz": [
                    2.4577636004989385, 
                    2.1637100505034774, 
                    2.1637100505034774
                ], 
                "abc": [
                    0.5679512372572835, 
                    0.5, 
                    0.5
                ], 
                "properties": {}, 
                "species": [
                    {
                        "occu": 1, 
                        "element": "Re"
                    }
                ]
            }, 
            {
                "label": "S", 
                "xyz": [
                    1.704270597728804, 
                    0.0, 
                    2.1637100505034774
                ], 
                "abc": [
                    0.39383063302133164, 
                    0.0, 
                    0.5
                ], 
                "properties": {}, 
                "species": [
                    {
                        "occu": 1, 
                        "element": "S"
                    }
                ]
            }, 
            {
                "label": "O", 
                "xyz": [
                    2.712576484978462, 
                    2.1637100505034774, 
                    0.0
                ], 
                "abc": [
                    0.6268345623174575, 
                    0.5, 
                    0.0
                ], 
                "properties": {}, 
                "species": [
                    {
                        "occu": 1, 
                        "element": "O"
                    }
                ]
            }, 
            {
                "label": "O", 
                "xyz": [
                    0.11861421997698993, 
                    2.1637100505034774, 
                    2.1637100505034774
                ], 
                "abc": [
                    0.027409915656071704, 
                    0.5, 
                    0.5
                ], 
                "properties": {}, 
                "species": [
                    {
                        "occu": 1, 
                        "element": "O"
                    }
                ]
            }
        ], 
        "@class": "Structure", 
        "@module": "pymatgen.core.structure"
    }
}