{
    "A": "La", 
    "gllbsc_ind-gap": 0.0, 
    "B": "Sc", 
    "anion": "O2N", 
    "CB_ind": 5.2938978209837275, 
    "anion_idx": 1, 
    "heat_of_formation_all": 0.46, 
    "CB_dir": 5.2938978209837275, 
    "filename": "/Users/ajain/Documents/papers_proposals/2012Paper_UNCOptimization/data/rawdata/abo2n/a89ca85be5c4d0bfc33e12f30e1d231a902f7ff1.json", 
    "sum_magnetic_moments": 0.9836246344655917, 
    "VB_dir": 5.2938978209837275, 
    "VB_ind": 5.2938978209837275, 
    "is_direct": true, 
    "gllbsc_dir-gap": 0.0, 
    "FermiLevel": 0.305982262445, 
    "XCFunctional": "RPBE", 
    "FermiWidth": 0.0018374654734, 
    "structure": {
        "lattice": {
            "a": 4.153282742788133, 
            "c": 4.153282742788133, 
            "b": 4.153282742788133, 
            "matrix": [
                [
                    4.153282742788133, 
                    0.0, 
                    0.0
                ], 
                [
                    0.0, 
                    4.153282742788133, 
                    0.0
                ], 
                [
                    0.0, 
                    0.0, 
                    4.153282742788133
                ]
            ], 
            "volume": 71.64312031456467, 
            "beta": 90.0, 
            "alpha": 90.0, 
            "gamma": 90.0
        }, 
        "sites": [
            {
                "label": "La", 
                "xyz": [
                    0.46477537363471444, 
                    1.5542495947885156e-17, 
                    0.0
                ], 
                "abc": [
                    0.11190554614702367, 
                    3.742219567130012e-18, 
                    0.0
                ], 
                "properties": {}, 
                "species": [
                    {
                        "occu": 1, 
                        "element": "La"
                    }
                ]
            }, 
            {
                "label": "Sc", 
                "xyz": [
                    2.2838646447664965, 
                    2.076641371394067, 
                    2.076641371394067
                ], 
                "abc": [
                    0.5498938517326464, 
                    0.5000000000000001, 
                    0.5000000000000001
                ], 
                "properties": {}, 
                "species": [
                    {
                        "occu": 1, 
                        "element": "Sc"
                    }
                ]
            }, 
            {
                "label": "N", 
                "xyz": [
                    2.0935136167764328, 
                    3.665936373575102e-18, 
                    2.076641371394067
                ], 
                "abc": [
                    0.5040623878573313, 
                    8.826599585450155e-19, 
                    0.5000000000000001
                ], 
                "properties": {}, 
                "species": [
                    {
                        "occu": 1, 
                        "element": "N"
                    }
                ]
            }, 
            {
                "label": "O", 
                "xyz": [
                    1.9863921694855287, 
                    2.076641371394067, 
                    1.0431520223716064e-17
                ], 
                "abc": [
                    0.4782703929643969, 
                    0.5000000000000001, 
                    2.5116325734937318e-18
                ], 
                "properties": {}, 
                "species": [
                    {
                        "occu": 1, 
                        "element": "O"
                    }
                ]
            }, 
            {
                "label": "O", 
                "xyz": [
                    0.14242777934353168, 
                    2.076641371394067, 
                    2.076641371394067
                ], 
                "abc": [
                    0.03429282044205802, 
                    0.5000000000000001, 
                    0.5000000000000001
                ], 
                "properties": {}, 
                "species": [
                    {
                        "occu": 1, 
                        "element": "O"
                    }
                ]
            }
        ], 
        "@class": "Structure", 
        "@module": "pymatgen.core.structure"
    }
}