{
    "A": "La", 
    "gllbsc_ind-gap": 0.0, 
    "B": "Tl", 
    "anion": "N3", 
    "CB_ind": 5.765493727599883, 
    "anion_idx": 3, 
    "heat_of_formation_all": 1.66, 
    "CB_dir": 5.765493727599883, 
    "filename": "/Users/ajain/Documents/papers_proposals/2012Paper_UNCOptimization/data/rawdata/abn3/f4e76a86e33b1a4a24324f4bf78d083642a7116b.json", 
    "sum_magnetic_moments": 0.002207661180158027, 
    "VB_dir": 5.765493727599883, 
    "VB_ind": 5.765493727599883, 
    "is_direct": true, 
    "gllbsc_dir-gap": 0.0, 
    "FermiLevel": 0.317055505995, 
    "XCFunctional": "RPBE", 
    "FermiWidth": 0.0018374654734, 
    "structure": {
        "lattice": {
            "a": 4.28938019821201, 
            "c": 4.28938019821201, 
            "b": 4.28938019821201, 
            "matrix": [
                [
                    4.28938019821201, 
                    0.0, 
                    0.0
                ], 
                [
                    0.0, 
                    4.28938019821201, 
                    0.0
                ], 
                [
                    0.0, 
                    0.0, 
                    4.28938019821201
                ]
            ], 
            "volume": 78.91937326156813, 
            "beta": 90.0, 
            "alpha": 90.0, 
            "gamma": 90.0
        }, 
        "sites": [
            {
                "label": "La", 
                "xyz": [
                    0.0, 
                    0.0, 
                    0.0
                ], 
                "abc": [
                    0.0, 
                    0.0, 
                    0.0
                ], 
                "properties": {}, 
                "species": [
                    {
                        "occu": 1, 
                        "element": "La"
                    }
                ]
            }, 
            {
                "label": "Tl", 
                "xyz": [
                    2.144690099106005, 
                    2.144690099106005, 
                    2.144690099106005
                ], 
                "abc": [
                    0.5, 
                    0.5, 
                    0.5
                ], 
                "properties": {}, 
                "species": [
                    {
                        "occu": 1, 
                        "element": "Tl"
                    }
                ]
            }, 
            {
                "label": "N", 
                "xyz": [
                    2.144690099106005, 
                    0.0, 
                    2.144690099106005
                ], 
                "abc": [
                    0.5, 
                    0.0, 
                    0.5
                ], 
                "properties": {}, 
                "species": [
                    {
                        "occu": 1, 
                        "element": "N"
                    }
                ]
            }, 
            {
                "label": "N", 
                "xyz": [
                    2.144690099106005, 
                    2.144690099106005, 
                    0.0
                ], 
                "abc": [
                    0.5, 
                    0.5, 
                    0.0
                ], 
                "properties": {}, 
                "species": [
                    {
                        "occu": 1, 
                        "element": "N"
                    }
                ]
            }, 
            {
                "label": "N", 
                "xyz": [
                    0.0, 
                    2.144690099106005, 
                    2.144690099106005
                ], 
                "abc": [
                    0.0, 
                    0.5, 
                    0.5
                ], 
                "properties": {}, 
                "species": [
                    {
                        "occu": 1, 
                        "element": "N"
                    }
                ]
            }
        ], 
        "@class": "Structure", 
        "@module": "pymatgen.core.structure"
    }
}