{
    "A": "La", 
    "gllbsc_ind-gap": 0.0, 
    "B": "Y", 
    "anion": "O2F", 
    "CB_ind": 5.635956878285645, 
    "anion_idx": 4, 
    "heat_of_formation_all": 0.5, 
    "CB_dir": 5.635956878285645, 
    "filename": "/Users/ajain/Documents/papers_proposals/2012Paper_UNCOptimization/data/rawdata/abo2f/f2a7fcc0ba518e26afdcfdf0ca8f4f118e5d878e.json", 
    "sum_magnetic_moments": 0.4586587008725899, 
    "VB_dir": 5.635956878285645, 
    "VB_ind": 5.635956878285645, 
    "is_direct": true, 
    "gllbsc_dir-gap": 0.0, 
    "FermiLevel": 0.364153171592, 
    "XCFunctional": "RPBE", 
    "FermiWidth": 0.0036749309468, 
    "structure": {
        "lattice": {
            "a": 4.417505212758809, 
            "c": 4.417505212758809, 
            "b": 4.417505212758809, 
            "matrix": [
                [
                    4.417505212758809, 
                    0.0, 
                    0.0
                ], 
                [
                    0.0, 
                    4.417505212758809, 
                    0.0
                ], 
                [
                    0.0, 
                    0.0, 
                    4.417505212758809
                ]
            ], 
            "volume": 86.20475302985054, 
            "beta": 90.0, 
            "alpha": 90.0, 
            "gamma": 90.0
        }, 
        "sites": [
            {
                "label": "La", 
                "xyz": [
                    0.005869326984160395, 
                    0.0, 
                    0.0
                ], 
                "abc": [
                    0.0013286519656407825, 
                    0.0, 
                    0.0
                ], 
                "properties": {}, 
                "species": [
                    {
                        "occu": 1, 
                        "element": "La"
                    }
                ]
            }, 
            {
                "label": "Y", 
                "xyz": [
                    2.2276402702492435, 
                    2.2087526063794045, 
                    2.2087526063794045
                ], 
                "abc": [
                    0.504275640426023, 
                    0.5, 
                    0.5
                ], 
                "properties": {}, 
                "species": [
                    {
                        "occu": 1, 
                        "element": "Y"
                    }
                ]
            }, 
            {
                "label": "F", 
                "xyz": [
                    2.2074377246600014, 
                    0.0, 
                    2.2087526063794045
                ], 
                "abc": [
                    0.49970234744361924, 
                    0.0, 
                    0.5
                ], 
                "properties": {}, 
                "species": [
                    {
                        "occu": 1, 
                        "element": "F"
                    }
                ]
            }, 
            {
                "label": "O", 
                "xyz": [
                    2.209784818701765, 
                    2.2087526063794045, 
                    0.0
                ], 
                "abc": [
                    0.5002336640870008, 
                    0.5, 
                    0.0
                ], 
                "properties": {}, 
                "species": [
                    {
                        "occu": 1, 
                        "element": "O"
                    }
                ]
            }, 
            {
                "label": "O", 
                "xyz": [
                    0.018563718913868616, 
                    2.2087526063794045, 
                    2.2087526063794045
                ], 
                "abc": [
                    0.004202308321052382, 
                    0.5, 
                    0.5
                ], 
                "properties": {}, 
                "species": [
                    {
                        "occu": 1, 
                        "element": "O"
                    }
                ]
            }
        ], 
        "@class": "Structure", 
        "@module": "pymatgen.core.structure"
    }
}