{
    "A": "Li", 
    "gllbsc_ind-gap": 0.0, 
    "B": "Al", 
    "anion": "O2S", 
    "CB_ind": 5.08733542451341, 
    "anion_idx": 6, 
    "heat_of_formation_all": 1.32, 
    "CB_dir": 5.08733542451341, 
    "filename": "/Users/ajain/Documents/papers_proposals/2012Paper_UNCOptimization/data/rawdata/abo2s/5a4d16bee537ecf2d7305176285213812c74fee3.json", 
    "sum_magnetic_moments": 1.880784003441295, 
    "VB_dir": 5.08733542451341, 
    "VB_ind": 5.08733542451341, 
    "is_direct": true, 
    "gllbsc_dir-gap": 0.0, 
    "FermiLevel": 0.0900577724774, 
    "XCFunctional": "RPBE", 
    "FermiWidth": 0.0018374654734, 
    "structure": {
        "lattice": {
            "a": 4.128954736683029, 
            "c": 4.128954736683029, 
            "b": 4.128954736683029, 
            "matrix": [
                [
                    4.128954736683029, 
                    0.0, 
                    0.0
                ], 
                [
                    0.0, 
                    4.128954736683029, 
                    0.0
                ], 
                [
                    0.0, 
                    0.0, 
                    4.128954736683029
                ]
            ], 
            "volume": 70.39152368025346, 
            "beta": 90.0, 
            "alpha": 90.0, 
            "gamma": 90.0
        }, 
        "sites": [
            {
                "label": "Li", 
                "xyz": [
                    3.0197239138797345, 
                    3.619549853373776e-16, 
                    2.5405721360433228e-15
                ], 
                "abc": [
                    0.7313531163351071, 
                    8.766261885160601e-17, 
                    6.153063663963234e-16
                ], 
                "properties": {}, 
                "species": [
                    {
                        "occu": 1, 
                        "element": "Li"
                    }
                ]
            }, 
            {
                "label": "Al", 
                "xyz": [
                    2.5087914811671563, 
                    2.064477368341514, 
                    2.064477368341514
                ], 
                "abc": [
                    0.6076093445341518, 
                    0.4999999999999999, 
                    0.4999999999999999
                ], 
                "properties": {}, 
                "species": [
                    {
                        "occu": 1, 
                        "element": "Al"
                    }
                ]
            }, 
            {
                "label": "S", 
                "xyz": [
                    1.529622649113752, 
                    0.0, 
                    2.064477368341514
                ], 
                "abc": [
                    0.37046244065697004, 
                    0.0, 
                    0.4999999999999999
                ], 
                "properties": {}, 
                "species": [
                    {
                        "occu": 1, 
                        "element": "S"
                    }
                ]
            }, 
            {
                "label": "O", 
                "xyz": [
                    2.668269004158285, 
                    2.064477368341514, 
                    0.0
                ], 
                "abc": [
                    0.6462335322914736, 
                    0.4999999999999999, 
                    0.0
                ], 
                "properties": {}, 
                "species": [
                    {
                        "occu": 1, 
                        "element": "O"
                    }
                ]
            }, 
            {
                "label": "O", 
                "xyz": [
                    0.2391244457198925, 
                    2.064477368341514, 
                    2.064477368341514
                ], 
                "abc": [
                    0.05791403901704956, 
                    0.4999999999999999, 
                    0.4999999999999999
                ], 
                "properties": {}, 
                "species": [
                    {
                        "occu": 1, 
                        "element": "O"
                    }
                ]
            }
        ], 
        "@class": "Structure", 
        "@module": "pymatgen.core.structure"
    }
}