{
    "A": "Li", 
    "gllbsc_ind-gap": 0.0, 
    "B": "Ba", 
    "anion": "N3", 
    "CB_ind": 4.991842846909786, 
    "anion_idx": 3, 
    "heat_of_formation_all": 3.42, 
    "CB_dir": 4.991842846909786, 
    "filename": "/Users/ajain/Documents/papers_proposals/2012Paper_UNCOptimization/data/rawdata/abn3/c62b392988200a4b4880456e3fa01034b52ca5ec.json", 
    "sum_magnetic_moments": 0.0, 
    "VB_dir": 4.991842846909786, 
    "VB_ind": 4.991842846909786, 
    "is_direct": true, 
    "gllbsc_dir-gap": 0.0, 
    "FermiLevel": 0.0826521013376, 
    "XCFunctional": "RPBE", 
    "FermiWidth": 0.0018374654734, 
    "structure": {
        "lattice": {
            "a": 4.677001302165606, 
            "c": 4.677001302165606, 
            "b": 4.677001302165606, 
            "matrix": [
                [
                    4.677001302165606, 
                    0.0, 
                    0.0
                ], 
                [
                    0.0, 
                    4.677001302165606, 
                    0.0
                ], 
                [
                    0.0, 
                    0.0, 
                    4.677001302165606
                ]
            ], 
            "volume": 102.30632218502043, 
            "beta": 90.0, 
            "alpha": 90.0, 
            "gamma": 90.0
        }, 
        "sites": [
            {
                "label": "Li", 
                "xyz": [
                    0.001463744233637018, 
                    0.0, 
                    0.0
                ], 
                "abc": [
                    0.00031296639429184166, 
                    0.0, 
                    0.0
                ], 
                "properties": {}, 
                "species": [
                    {
                        "occu": 1, 
                        "element": "Li"
                    }
                ]
            }, 
            {
                "label": "Ba", 
                "xyz": [
                    2.357159234333397, 
                    2.3385006510828026, 
                    2.3385006510828026
                ], 
                "abc": [
                    0.50398943298176, 
                    0.49999999999999994, 
                    0.49999999999999994
                ], 
                "properties": {}, 
                "species": [
                    {
                        "occu": 1, 
                        "element": "Ba"
                    }
                ]
            }, 
            {
                "label": "N", 
                "xyz": [
                    2.340408850458349, 
                    0.0, 
                    2.3385006510828026
                ], 
                "abc": [
                    0.5004079963318938, 
                    0.0, 
                    0.49999999999999994
                ], 
                "properties": {}, 
                "species": [
                    {
                        "occu": 1, 
                        "element": "N"
                    }
                ]
            }, 
            {
                "label": "N", 
                "xyz": [
                    2.340408850458349, 
                    2.3385006510828026, 
                    0.0
                ], 
                "abc": [
                    0.5004079963318938, 
                    0.49999999999999994, 
                    0.0
                ], 
                "properties": {}, 
                "species": [
                    {
                        "occu": 1, 
                        "element": "N"
                    }
                ]
            }, 
            {
                "label": "N", 
                "xyz": [
                    0.02362040961217783, 
                    2.3385006510828026, 
                    2.3385006510828026
                ], 
                "abc": [
                    0.005050332058116127, 
                    0.49999999999999994, 
                    0.49999999999999994
                ], 
                "properties": {}, 
                "species": [
                    {
                        "occu": 1, 
                        "element": "N"
                    }
                ]
            }
        ], 
        "@class": "Structure", 
        "@module": "pymatgen.core.structure"
    }
}