{
    "A": "Li", 
    "gllbsc_ind-gap": 0.0, 
    "B": "Mg", 
    "anion": "ON2", 
    "CB_ind": 5.376409158782064, 
    "anion_idx": 2, 
    "heat_of_formation_all": 2.56, 
    "CB_dir": 5.376409158782064, 
    "filename": "/Users/ajain/Documents/papers_proposals/2012Paper_UNCOptimization/data/rawdata/abon2/b12df110594e2fd937c471bd9466a71a7de97d3a.json", 
    "sum_magnetic_moments": 0.7476079621020624, 
    "VB_dir": 5.376409158782064, 
    "VB_ind": 5.376409158782064, 
    "is_direct": true, 
    "gllbsc_dir-gap": 0.0, 
    "FermiLevel": 0.0616668882002, 
    "XCFunctional": "RPBE", 
    "FermiWidth": 0.0018374654734, 
    "structure": {
        "lattice": {
            "a": 3.9973265277008205, 
            "c": 3.9973265277008205, 
            "b": 3.9973265277008205, 
            "matrix": [
                [
                    3.9973265277008205, 
                    0.0, 
                    0.0
                ], 
                [
                    0.0, 
                    3.9973265277008205, 
                    0.0
                ], 
                [
                    0.0, 
                    0.0, 
                    3.9973265277008205
                ]
            ], 
            "volume": 63.87175907998048, 
            "beta": 90.0, 
            "alpha": 90.0, 
            "gamma": 90.0
        }, 
        "sites": [
            {
                "label": "Li", 
                "xyz": [
                    0.0010347852502804356, 
                    0.0, 
                    0.0
                ], 
                "abc": [
                    0.0002588693325675405, 
                    0.0, 
                    0.0
                ], 
                "properties": {}, 
                "species": [
                    {
                        "occu": 1, 
                        "element": "Li"
                    }
                ]
            }, 
            {
                "label": "Mg", 
                "xyz": [
                    2.019191172158224, 
                    1.99866326385041, 
                    1.99866326385041
                ], 
                "abc": [
                    0.5051354094206612, 
                    0.49999999999999994, 
                    0.49999999999999994
                ], 
                "properties": {}, 
                "species": [
                    {
                        "occu": 1, 
                        "element": "Mg"
                    }
                ]
            }, 
            {
                "label": "N", 
                "xyz": [
                    1.998075433745005, 
                    0.0, 
                    1.99866326385041
                ], 
                "abc": [
                    0.49985294418623755, 
                    0.0, 
                    0.49999999999999994
                ], 
                "properties": {}, 
                "species": [
                    {
                        "occu": 1, 
                        "element": "N"
                    }
                ]
            }, 
            {
                "label": "N", 
                "xyz": [
                    1.998075433745005, 
                    1.99866326385041, 
                    0.0
                ], 
                "abc": [
                    0.49985294418623755, 
                    0.49999999999999994, 
                    0.0
                ], 
                "properties": {}, 
                "species": [
                    {
                        "occu": 1, 
                        "element": "N"
                    }
                ]
            }, 
            {
                "label": "O", 
                "xyz": [
                    0.01924043739695536, 
                    1.99866326385041, 
                    1.99866326385041
                ], 
                "abc": [
                    0.004813326422953509, 
                    0.49999999999999994, 
                    0.49999999999999994
                ], 
                "properties": {}, 
                "species": [
                    {
                        "occu": 1, 
                        "element": "O"
                    }
                ]
            }
        ], 
        "@class": "Structure", 
        "@module": "pymatgen.core.structure"
    }
}