{
    "A": "Li", 
    "gllbsc_ind-gap": 0.0, 
    "B": "Na", 
    "anion": "O2F", 
    "CB_ind": 5.506687197946201, 
    "anion_idx": 4, 
    "heat_of_formation_all": 2.04, 
    "CB_dir": 5.506687197946201, 
    "filename": "/Users/ajain/Documents/papers_proposals/2012Paper_UNCOptimization/data/rawdata/abo2f/176278df72233b89d05f13b25aba945a84b846a5.json", 
    "sum_magnetic_moments": 0.0, 
    "VB_dir": 5.506687197946201, 
    "VB_ind": 5.506687197946201, 
    "is_direct": true, 
    "gllbsc_dir-gap": 0.0, 
    "FermiLevel": -0.0961530970053, 
    "XCFunctional": "RPBE", 
    "FermiWidth": 0.0036749309468, 
    "structure": {
        "lattice": {
            "a": 4.4172146968176484, 
            "c": 4.4172146968176484, 
            "b": 4.4172146968176484, 
            "matrix": [
                [
                    4.4172146968176484, 
                    0.0, 
                    0.0
                ], 
                [
                    0.0, 
                    4.4172146968176484, 
                    0.0
                ], 
                [
                    0.0, 
                    0.0, 
                    4.4172146968176484
                ]
            ], 
            "volume": 86.187746457054, 
            "beta": 90.0, 
            "alpha": 90.0, 
            "gamma": 90.0
        }, 
        "sites": [
            {
                "label": "Li", 
                "xyz": [
                    0.000737836709791269, 
                    0.0, 
                    0.0
                ], 
                "abc": [
                    0.0001670366419641858, 
                    0.0, 
                    0.0
                ], 
                "properties": {}, 
                "species": [
                    {
                        "occu": 1, 
                        "element": "Li"
                    }
                ]
            }, 
            {
                "label": "Na", 
                "xyz": [
                    2.235527469200891, 
                    2.2086073484088242, 
                    2.2086073484088242
                ], 
                "abc": [
                    0.5060943654858934, 
                    0.5, 
                    0.5
                ], 
                "properties": {}, 
                "species": [
                    {
                        "occu": 1, 
                        "element": "Na"
                    }
                ]
            }, 
            {
                "label": "F", 
                "xyz": [
                    2.208877907284419, 
                    0.0, 
                    2.2086073484088242
                ], 
                "abc": [
                    0.5000612510131757, 
                    0.0, 
                    0.5
                ], 
                "properties": {}, 
                "species": [
                    {
                        "occu": 1, 
                        "element": "F"
                    }
                ]
            }, 
            {
                "label": "O", 
                "xyz": [
                    2.208091322526212, 
                    2.2086073484088242, 
                    0.0
                ], 
                "abc": [
                    0.4998831784465935, 
                    0.5, 
                    0.0
                ], 
                "properties": {}, 
                "species": [
                    {
                        "occu": 1, 
                        "element": "O"
                    }
                ]
            }, 
            {
                "label": "O", 
                "xyz": [
                    0.016787259671874877, 
                    2.2086073484088242, 
                    2.2086073484088242
                ], 
                "abc": [
                    0.00380041741778346, 
                    0.5, 
                    0.5
                ], 
                "properties": {}, 
                "species": [
                    {
                        "occu": 1, 
                        "element": "O"
                    }
                ]
            }
        ], 
        "@class": "Structure", 
        "@module": "pymatgen.core.structure"
    }
}