{
    "A": "Li", 
    "gllbsc_ind-gap": 0.0, 
    "B": "Os", 
    "anion": "O2S", 
    "CB_ind": 5.534152702652641, 
    "anion_idx": 6, 
    "heat_of_formation_all": 1.18, 
    "CB_dir": 5.534152702652641, 
    "filename": "/Users/ajain/Documents/papers_proposals/2012Paper_UNCOptimization/data/rawdata/abo2s/9a3ad4847bd2e0d2c9fdf406c984cb79837a851a.json", 
    "sum_magnetic_moments": 0.901946582869229, 
    "VB_dir": 5.534152702652641, 
    "VB_ind": 5.534152702652641, 
    "is_direct": true, 
    "gllbsc_dir-gap": 0.0, 
    "FermiLevel": 0.184183088454, 
    "XCFunctional": "RPBE", 
    "FermiWidth": 0.0018374654734, 
    "structure": {
        "lattice": {
            "a": 4.186145188922336, 
            "c": 4.186145188922336, 
            "b": 4.186145188922336, 
            "matrix": [
                [
                    4.186145188922336, 
                    0.0, 
                    0.0
                ], 
                [
                    0.0, 
                    4.186145188922336, 
                    0.0
                ], 
                [
                    0.0, 
                    0.0, 
                    4.186145188922336
                ]
            ], 
            "volume": 73.3572193812128, 
            "beta": 90.0, 
            "alpha": 90.0, 
            "gamma": 90.0
        }, 
        "sites": [
            {
                "label": "Li", 
                "xyz": [
                    0.10932633490029618, 
                    5.228958272647728e-16, 
                    2.3349056063821034e-16
                ], 
                "abc": [
                    0.026116231035082826, 
                    1.249110586628709e-16, 
                    5.577698577108339e-17
                ], 
                "properties": {}, 
                "species": [
                    {
                        "occu": 1, 
                        "element": "Li"
                    }
                ]
            }, 
            {
                "label": "Os", 
                "xyz": [
                    2.377828718924409, 
                    2.093072594461168, 
                    2.093072594461168
                ], 
                "abc": [
                    0.5680234706662306, 
                    0.5, 
                    0.5
                ], 
                "properties": {}, 
                "species": [
                    {
                        "occu": 1, 
                        "element": "Os"
                    }
                ]
            }, 
            {
                "label": "S", 
                "xyz": [
                    1.4556587130262761, 
                    0.0, 
                    2.093072594461168
                ], 
                "abc": [
                    0.3477324954897264, 
                    0.0, 
                    0.5
                ], 
                "properties": {}, 
                "species": [
                    {
                        "occu": 1, 
                        "element": "S"
                    }
                ]
            }, 
            {
                "label": "O", 
                "xyz": [
                    2.4441050284919545, 
                    2.093072594461168, 
                    7.667474223017074e-18
                ], 
                "abc": [
                    0.5838557714050895, 
                    0.5, 
                    1.831631220844243e-18
                ], 
                "properties": {}, 
                "species": [
                    {
                        "occu": 1, 
                        "element": "O"
                    }
                ]
            }, 
            {
                "label": "O", 
                "xyz": [
                    0.04024106427299955, 
                    2.093072594461168, 
                    2.093072594461168
                ], 
                "abc": [
                    0.009612916527474537, 
                    0.5, 
                    0.5
                ], 
                "properties": {}, 
                "species": [
                    {
                        "occu": 1, 
                        "element": "O"
                    }
                ]
            }
        ], 
        "@class": "Structure", 
        "@module": "pymatgen.core.structure"
    }
}