{
    "A": "Li", 
    "gllbsc_ind-gap": 0.0, 
    "B": "Rb", 
    "anion": "O2N", 
    "CB_ind": 4.926986170413548, 
    "anion_idx": 1, 
    "heat_of_formation_all": 2.7, 
    "CB_dir": 4.926986170413548, 
    "filename": "/Users/ajain/Documents/papers_proposals/2012Paper_UNCOptimization/data/rawdata/abo2n/f7c6e84d36aaa260a5bc06272abb64e78fb8b54e.json", 
    "sum_magnetic_moments": 1.6673077373554896, 
    "VB_dir": 4.926986170413548, 
    "VB_ind": 4.926986170413548, 
    "is_direct": true, 
    "gllbsc_dir-gap": 0.0, 
    "FermiLevel": 0.0206713913756, 
    "XCFunctional": "RPBE", 
    "FermiWidth": 0.0018374654734, 
    "structure": {
        "lattice": {
            "a": 4.561343640252824, 
            "c": 4.561343640252824, 
            "b": 4.561343640252824, 
            "matrix": [
                [
                    4.561343640252824, 
                    0.0, 
                    0.0
                ], 
                [
                    0.0, 
                    4.561343640252824, 
                    0.0
                ], 
                [
                    0.0, 
                    0.0, 
                    4.561343640252824
                ]
            ], 
            "volume": 94.90265805375881, 
            "beta": 90.0, 
            "alpha": 90.0, 
            "gamma": 90.0
        }, 
        "sites": [
            {
                "label": "Li", 
                "xyz": [
                    0.008111827386665393, 
                    0.0, 
                    1.1573558561706069e-17
                ], 
                "abc": [
                    0.0017783854991937802, 
                    0.0, 
                    2.537313448513731e-18
                ], 
                "properties": {}, 
                "species": [
                    {
                        "occu": 1, 
                        "element": "Li"
                    }
                ]
            }, 
            {
                "label": "Rb", 
                "xyz": [
                    2.2905224133481643, 
                    2.280671820126412, 
                    2.280671820126412
                ], 
                "abc": [
                    0.5021595814739375, 
                    0.5, 
                    0.5
                ], 
                "properties": {}, 
                "species": [
                    {
                        "occu": 1, 
                        "element": "Rb"
                    }
                ]
            }, 
            {
                "label": "N", 
                "xyz": [
                    2.288326676731273, 
                    0.0, 
                    2.280671820126412
                ], 
                "abc": [
                    0.5016782021282739, 
                    0.0, 
                    0.5
                ], 
                "properties": {}, 
                "species": [
                    {
                        "occu": 1, 
                        "element": "N"
                    }
                ]
            }, 
            {
                "label": "O", 
                "xyz": [
                    2.312246497035074, 
                    2.280671820126412, 
                    9.709064376519658e-20
                ], 
                "abc": [
                    0.506922231561337, 
                    0.5, 
                    2.128553589087076e-20
                ], 
                "properties": {}, 
                "species": [
                    {
                        "occu": 1, 
                        "element": "O"
                    }
                ]
            }, 
            {
                "label": "O", 
                "xyz": [
                    0.0139582523100429, 
                    2.280671820126412, 
                    2.280671820126412
                ], 
                "abc": [
                    0.0030601185551696842, 
                    0.5, 
                    0.5
                ], 
                "properties": {}, 
                "species": [
                    {
                        "occu": 1, 
                        "element": "O"
                    }
                ]
            }
        ], 
        "@class": "Structure", 
        "@module": "pymatgen.core.structure"
    }
}