{
    "A": "Mg", 
    "gllbsc_ind-gap": 0.0, 
    "B": "Au", 
    "anion": "O2S", 
    "CB_ind": 5.9774710798792645, 
    "anion_idx": 6, 
    "heat_of_formation_all": 1.48, 
    "CB_dir": 5.9774710798792645, 
    "filename": "/Users/ajain/Documents/papers_proposals/2012Paper_UNCOptimization/data/rawdata/abo2s/c2b48b16ed8d2341fb52f164dc84a00b5a23a812.json", 
    "sum_magnetic_moments": -2.079705080149096e-06, 
    "VB_dir": 5.9774710798792645, 
    "VB_ind": 5.9774710798792645, 
    "is_direct": true, 
    "gllbsc_dir-gap": 0.0, 
    "FermiLevel": 0.15519620268, 
    "XCFunctional": "RPBE", 
    "FermiWidth": 0.0018374654734, 
    "structure": {
        "lattice": {
            "a": 4.369532228625686, 
            "c": 4.369532228625686, 
            "b": 4.369532228625686, 
            "matrix": [
                [
                    4.369532228625686, 
                    0.0, 
                    0.0
                ], 
                [
                    0.0, 
                    4.369532228625686, 
                    0.0
                ], 
                [
                    0.0, 
                    0.0, 
                    4.369532228625686
                ]
            ], 
            "volume": 83.4266569190231, 
            "beta": 90.0, 
            "alpha": 90.0, 
            "gamma": 90.0
        }, 
        "sites": [
            {
                "label": "Mg", 
                "xyz": [
                    0.36867945172992594, 
                    4.369532228625685, 
                    4.76595280165145e-16
                ], 
                "abc": [
                    0.08437503889195108, 
                    0.9999999999999998, 
                    1.0907238011494075e-16
                ], 
                "properties": {}, 
                "species": [
                    {
                        "occu": 1, 
                        "element": "Mg"
                    }
                ]
            }, 
            {
                "label": "Au", 
                "xyz": [
                    2.4760105549039935, 
                    2.184766114312844, 
                    2.184766114312844
                ], 
                "abc": [
                    0.5666534597646745, 
                    0.5000000000000002, 
                    0.5000000000000002
                ], 
                "properties": {}, 
                "species": [
                    {
                        "occu": 1, 
                        "element": "Au"
                    }
                ]
            }, 
            {
                "label": "S", 
                "xyz": [
                    1.262250306315513, 
                    9.537865199107367e-18, 
                    2.184766114312844
                ], 
                "abc": [
                    0.2888753853435974, 
                    2.182811500192833e-18, 
                    0.5000000000000002
                ], 
                "properties": {}, 
                "species": [
                    {
                        "occu": 1, 
                        "element": "S"
                    }
                ]
            }, 
            {
                "label": "O", 
                "xyz": [
                    2.2545693946746446, 
                    2.184766114312844, 
                    8.96108446189551e-19
                ], 
                "abc": [
                    0.5159750006887479, 
                    0.5000000000000002, 
                    2.0508109319321732e-19
                ], 
                "properties": {}, 
                "species": [
                    {
                        "occu": 1, 
                        "element": "O"
                    }
                ]
            }, 
            {
                "label": "O", 
                "xyz": [
                    0.20082666268734842, 
                    2.184766114312844, 
                    2.184766114312844
                ], 
                "abc": [
                    0.04596067775211554, 
                    0.5000000000000002, 
                    0.5000000000000002
                ], 
                "properties": {}, 
                "species": [
                    {
                        "occu": 1, 
                        "element": "O"
                    }
                ]
            }
        ], 
        "@class": "Structure", 
        "@module": "pymatgen.core.structure"
    }
}