{
    "A": "Mg", 
    "gllbsc_ind-gap": 0.0, 
    "B": "Au", 
    "anion": "N3", 
    "CB_ind": 6.080818806472103, 
    "anion_idx": 3, 
    "heat_of_formation_all": 2.26, 
    "CB_dir": 6.080818806472103, 
    "filename": "/Users/ajain/Documents/papers_proposals/2012Paper_UNCOptimization/data/rawdata/abn3/82298c3f53f4b8cb12f4f44acfe48af11d647836.json", 
    "sum_magnetic_moments": 1.4632871581944578, 
    "VB_dir": 6.080818806472103, 
    "VB_ind": 6.080818806472103, 
    "is_direct": true, 
    "gllbsc_dir-gap": 0.0, 
    "FermiLevel": 0.166430736266, 
    "XCFunctional": "RPBE", 
    "FermiWidth": 0.0018374654734, 
    "structure": {
        "lattice": {
            "a": 4.131822128180218, 
            "c": 4.131822128180218, 
            "b": 4.131822128180218, 
            "matrix": [
                [
                    4.131822128180218, 
                    0.0, 
                    0.0
                ], 
                [
                    0.0, 
                    4.131822128180218, 
                    0.0
                ], 
                [
                    0.0, 
                    0.0, 
                    4.131822128180218
                ]
            ], 
            "volume": 70.53827771719342, 
            "beta": 90.0, 
            "alpha": 90.0, 
            "gamma": 90.0
        }, 
        "sites": [
            {
                "label": "Mg", 
                "xyz": [
                    2.1306707154581366, 
                    1.599551897897365e-13, 
                    2.5965333837111203e-13
                ], 
                "abc": [
                    0.5156733880014699, 
                    3.8712990256476917e-14, 
                    6.284233210335977e-14
                ], 
                "properties": {}, 
                "species": [
                    {
                        "occu": 1, 
                        "element": "Mg"
                    }
                ]
            }, 
            {
                "label": "Au", 
                "xyz": [
                    3.3528722494001224, 
                    2.065911064090109, 
                    2.065911064090109
                ], 
                "abc": [
                    0.8114754569255456, 
                    0.5, 
                    0.5
                ], 
                "properties": {}, 
                "species": [
                    {
                        "occu": 1, 
                        "element": "Au"
                    }
                ]
            }, 
            {
                "label": "N", 
                "xyz": [
                    2.629238303363655, 
                    4.131822128180216, 
                    2.065911064090109
                ], 
                "abc": [
                    0.6363386955676267, 
                    0.9999999999999997, 
                    0.5
                ], 
                "properties": {}, 
                "species": [
                    {
                        "occu": 1, 
                        "element": "N"
                    }
                ]
            }, 
            {
                "label": "N", 
                "xyz": [
                    2.629238303363258, 
                    2.065911064090109, 
                    4.375200305985156e-17
                ], 
                "abc": [
                    0.6363386955675305, 
                    0.5, 
                    1.0589033531102485e-17
                ], 
                "properties": {}, 
                "species": [
                    {
                        "occu": 1, 
                        "element": "N"
                    }
                ]
            }, 
            {
                "label": "N", 
                "xyz": [
                    1.1940871396459274, 
                    2.065911064090109, 
                    2.065911064090109
                ], 
                "abc": [
                    0.28899771156698856, 
                    0.5, 
                    0.5
                ], 
                "properties": {}, 
                "species": [
                    {
                        "occu": 1, 
                        "element": "N"
                    }
                ]
            }
        ], 
        "@class": "Structure", 
        "@module": "pymatgen.core.structure"
    }
}