{
    "A": "Mg", 
    "gllbsc_ind-gap": 0.0, 
    "B": "Ge", 
    "anion": "ON2", 
    "CB_ind": 5.852353884171754, 
    "anion_idx": 2, 
    "heat_of_formation_all": 1.38, 
    "CB_dir": 5.852353884171754, 
    "filename": "/Users/ajain/Documents/papers_proposals/2012Paper_UNCOptimization/data/rawdata/abon2/b2580310e81854bcfcca8895f36a45d58a8c2c90.json", 
    "sum_magnetic_moments": 1.049862826244544, 
    "VB_dir": 5.852353884171754, 
    "VB_ind": 5.852353884171754, 
    "is_direct": true, 
    "gllbsc_dir-gap": 0.0, 
    "FermiLevel": 0.229916216324, 
    "XCFunctional": "RPBE", 
    "FermiWidth": 0.0018374654734, 
    "structure": {
        "lattice": {
            "a": 3.8089883920906775, 
            "c": 3.8089883920906775, 
            "b": 3.8089883920906775, 
            "matrix": [
                [
                    3.8089883920906775, 
                    0.0, 
                    0.0
                ], 
                [
                    0.0, 
                    3.8089883920906775, 
                    0.0
                ], 
                [
                    0.0, 
                    0.0, 
                    3.8089883920906775
                ]
            ], 
            "volume": 55.262298891144155, 
            "beta": 90.0, 
            "alpha": 90.0, 
            "gamma": 90.0
        }, 
        "sites": [
            {
                "label": "Mg", 
                "xyz": [
                    0.014192790267082997, 
                    3.2462218628015288e-18, 
                    1.8892028810685373e-18
                ], 
                "abc": [
                    0.0037261311419468143, 
                    8.522530206556347e-19, 
                    4.959854655875157e-19
                ], 
                "properties": {}, 
                "species": [
                    {
                        "occu": 1, 
                        "element": "Mg"
                    }
                ]
            }, 
            {
                "label": "Ge", 
                "xyz": [
                    1.9151496729960389, 
                    1.9044941960453383, 
                    1.9044941960453383
                ], 
                "abc": [
                    0.5027974558738026, 
                    0.4999999999999999, 
                    0.4999999999999999
                ], 
                "properties": {}, 
                "species": [
                    {
                        "occu": 1, 
                        "element": "Ge"
                    }
                ]
            }, 
            {
                "label": "N", 
                "xyz": [
                    1.9107598418023441, 
                    0.0, 
                    1.9044941960453383
                ], 
                "abc": [
                    0.501644963205983, 
                    0.0, 
                    0.4999999999999999
                ], 
                "properties": {}, 
                "species": [
                    {
                        "occu": 1, 
                        "element": "N"
                    }
                ]
            }, 
            {
                "label": "N", 
                "xyz": [
                    1.9107598418023441, 
                    1.9044941960453383, 
                    1.0082460347910925e-19
                ], 
                "abc": [
                    0.501644963205983, 
                    0.4999999999999999, 
                    2.647017871949162e-20
                ], 
                "properties": {}, 
                "species": [
                    {
                        "occu": 1, 
                        "element": "N"
                    }
                ]
            }, 
            {
                "label": "O", 
                "xyz": [
                    0.012211967295533935, 
                    1.9044941960453383, 
                    1.9044941960453383
                ], 
                "abc": [
                    0.00320609202193736, 
                    0.4999999999999999, 
                    0.4999999999999999
                ], 
                "properties": {}, 
                "species": [
                    {
                        "occu": 1, 
                        "element": "O"
                    }
                ]
            }
        ], 
        "@class": "Structure", 
        "@module": "pymatgen.core.structure"
    }
}