{
    "A": "Mg", 
    "gllbsc_ind-gap": 0.0, 
    "B": "Sb", 
    "anion": "OFN", 
    "CB_ind": 6.3549278555373085, 
    "anion_idx": 5, 
    "heat_of_formation_all": 1.3, 
    "CB_dir": 6.3549278555373085, 
    "filename": "/Users/ajain/Documents/papers_proposals/2012Paper_UNCOptimization/data/rawdata/abofn/dcb2d38556918beba39821c86acebf455802975d.json", 
    "sum_magnetic_moments": 6.896600226173977e-16, 
    "VB_dir": 6.3549278555373085, 
    "VB_ind": 6.3549278555373085, 
    "is_direct": true, 
    "gllbsc_dir-gap": 0.0, 
    "FermiLevel": 0.227370548448, 
    "XCFunctional": "RPBE", 
    "FermiWidth": 0.0036749309468, 
    "structure": {
        "lattice": {
            "a": 4.22907990114124, 
            "c": 4.22907990114124, 
            "b": 4.22907990114124, 
            "matrix": [
                [
                    4.22907990114124, 
                    0.0, 
                    0.0
                ], 
                [
                    0.0, 
                    4.22907990114124, 
                    0.0
                ], 
                [
                    0.0, 
                    0.0, 
                    4.22907990114124
                ]
            ], 
            "volume": 75.63758803173579, 
            "beta": 90.0, 
            "alpha": 90.0, 
            "gamma": 90.0
        }, 
        "sites": [
            {
                "label": "Mg", 
                "xyz": [
                    0.006037327956594642, 
                    0.0, 
                    0.0
                ], 
                "abc": [
                    0.0014275748147878303, 
                    0.0, 
                    0.0
                ], 
                "properties": {}, 
                "species": [
                    {
                        "occu": 1, 
                        "element": "Mg"
                    }
                ]
            }, 
            {
                "label": "Sb", 
                "xyz": [
                    2.1319999781883405, 
                    2.11453995057062, 
                    2.11453995057062
                ], 
                "abc": [
                    0.5041285641382677, 
                    0.5, 
                    0.5
                ], 
                "properties": {}, 
                "species": [
                    {
                        "occu": 1, 
                        "element": "Sb"
                    }
                ]
            }, 
            {
                "label": "F", 
                "xyz": [
                    2.112530068490381, 
                    0.0, 
                    2.11453995057062
                ], 
                "abc": [
                    0.4995247471962644, 
                    0.0, 
                    0.5
                ], 
                "properties": {}, 
                "species": [
                    {
                        "occu": 1, 
                        "element": "F"
                    }
                ]
            }, 
            {
                "label": "N", 
                "xyz": [
                    2.117537847421602, 
                    2.11453995057062, 
                    0.0
                ], 
                "abc": [
                    0.5007088768528996, 
                    0.5, 
                    0.0
                ], 
                "properties": {}, 
                "species": [
                    {
                        "occu": 1, 
                        "element": "N"
                    }
                ]
            }, 
            {
                "label": "O", 
                "xyz": [
                    0.01738152549382531, 
                    2.11453995057062, 
                    2.11453995057062
                ], 
                "abc": [
                    0.004110001678884054, 
                    0.5, 
                    0.5
                ], 
                "properties": {}, 
                "species": [
                    {
                        "occu": 1, 
                        "element": "O"
                    }
                ]
            }
        ], 
        "@class": "Structure", 
        "@module": "pymatgen.core.structure"
    }
}