{
    "A": "Mg", 
    "gllbsc_ind-gap": 5.3, 
    "B": "Zr", 
    "anion": "O3", 
    "CB_ind": 3.0387427074398516, 
    "anion_idx": 0, 
    "heat_of_formation_all": 0.14, 
    "CB_dir": 3.0237427074398515, 
    "filename": "/Users/ajain/Documents/papers_proposals/2012Paper_UNCOptimization/data/rawdata/abo3/48d959171d10303da83990ed43de6c571a1b717a.json", 
    "sum_magnetic_moments": 0.0003049556972927358, 
    "VB_dir": 8.303742707439852, 
    "VB_ind": 8.288742707439852, 
    "is_direct": true, 
    "gllbsc_dir-gap": 5.3, 
    "FermiLevel": 0.20120232378, 
    "XCFunctional": "RPBE", 
    "FermiWidth": 0.0018374654734, 
    "structure": {
        "lattice": {
            "a": 4.163950058243389, 
            "c": 4.163950058243389, 
            "b": 4.163950058243389, 
            "matrix": [
                [
                    4.163950058243389, 
                    0.0, 
                    0.0
                ], 
                [
                    0.0, 
                    4.163950058243389, 
                    0.0
                ], 
                [
                    0.0, 
                    0.0, 
                    4.163950058243389
                ]
            ], 
            "volume": 72.19656517038533, 
            "beta": 90.0, 
            "alpha": 90.0, 
            "gamma": 90.0
        }, 
        "sites": [
            {
                "label": "Mg", 
                "xyz": [
                    1.6129050538579692, 
                    4.163950058243335, 
                    4.163950058243387
                ], 
                "abc": [
                    0.3873497595546072, 
                    0.9999999999999871, 
                    0.9999999999999997
                ], 
                "properties": {}, 
                "species": [
                    {
                        "occu": 1, 
                        "element": "Mg"
                    }
                ]
            }, 
            {
                "label": "Zr", 
                "xyz": [
                    2.6715579128218914, 
                    2.0819750291216934, 
                    2.0819750291216934
                ], 
                "abc": [
                    0.6415922082285779, 
                    0.4999999999999998, 
                    0.4999999999999998
                ], 
                "properties": {}, 
                "species": [
                    {
                        "occu": 1, 
                        "element": "Zr"
                    }
                ]
            }, 
            {
                "label": "O", 
                "xyz": [
                    2.2784667047630838, 
                    0.0, 
                    2.0819750291216934
                ], 
                "abc": [
                    0.547188768571418, 
                    0.0, 
                    0.4999999999999998
                ], 
                "properties": {}, 
                "species": [
                    {
                        "occu": 1, 
                        "element": "O"
                    }
                ]
            }, 
            {
                "label": "O", 
                "xyz": [
                    2.2784667047633316, 
                    2.0819750291216934, 
                    8.612621582093477e-18
                ], 
                "abc": [
                    0.5471887685714775, 
                    0.4999999999999998, 
                    2.0683777330717585e-18
                ], 
                "properties": {}, 
                "species": [
                    {
                        "occu": 1, 
                        "element": "O"
                    }
                ]
            }, 
            {
                "label": "O", 
                "xyz": [
                    0.44552050994612946, 
                    2.0819750291216934, 
                    2.0819750291216934
                ], 
                "abc": [
                    0.10699468142374348, 
                    0.4999999999999998, 
                    0.4999999999999998
                ], 
                "properties": {}, 
                "species": [
                    {
                        "occu": 1, 
                        "element": "O"
                    }
                ]
            }
        ], 
        "@class": "Structure", 
        "@module": "pymatgen.core.structure"
    }
}