{
    "A": "Mn", 
    "gllbsc_ind-gap": 0.0, 
    "B": "Bi", 
    "anion": "O2F", 
    "CB_ind": 6.181374962772088, 
    "anion_idx": 4, 
    "heat_of_formation_all": 0.98, 
    "CB_dir": 6.181374962772088, 
    "filename": "/Users/ajain/Documents/papers_proposals/2012Paper_UNCOptimization/data/rawdata/abo2f/fffa5f3c04df344998afac50fab42981dd1a8eba.json", 
    "sum_magnetic_moments": 5.111213877954033, 
    "VB_dir": 6.181374962772088, 
    "VB_ind": 6.181374962772088, 
    "is_direct": true, 
    "gllbsc_dir-gap": 0.0, 
    "FermiLevel": 0.159309336767, 
    "XCFunctional": "RPBE", 
    "FermiWidth": 0.0036749309468, 
    "structure": {
        "lattice": {
            "a": 4.543179792381432, 
            "c": 4.543179792381432, 
            "b": 4.543179792381432, 
            "matrix": [
                [
                    4.543179792381432, 
                    0.0, 
                    0.0
                ], 
                [
                    0.0, 
                    4.543179792381432, 
                    0.0
                ], 
                [
                    0.0, 
                    0.0, 
                    4.543179792381432
                ]
            ], 
            "volume": 93.7734235710025, 
            "beta": 90.0, 
            "alpha": 90.0, 
            "gamma": 90.0
        }, 
        "sites": [
            {
                "label": "Mn", 
                "xyz": [
                    0.004976045231007579, 
                    0.0, 
                    0.0
                ], 
                "abc": [
                    0.001095278077999913, 
                    0.0, 
                    0.0
                ], 
                "properties": {}, 
                "species": [
                    {
                        "occu": 1, 
                        "element": "Mn"
                    }
                ]
            }, 
            {
                "label": "Bi", 
                "xyz": [
                    2.295464415174879, 
                    2.2715898961907164, 
                    2.2715898961907164
                ], 
                "abc": [
                    0.5052550240305697, 
                    0.5000000000000001, 
                    0.5000000000000001
                ], 
                "properties": {}, 
                "species": [
                    {
                        "occu": 1, 
                        "element": "Bi"
                    }
                ]
            }, 
            {
                "label": "F", 
                "xyz": [
                    2.270386917239921, 
                    0.0, 
                    2.2715898961907164
                ], 
                "abc": [
                    0.49973521211887495, 
                    0.0, 
                    0.5000000000000001
                ], 
                "properties": {}, 
                "species": [
                    {
                        "occu": 1, 
                        "element": "F"
                    }
                ]
            }, 
            {
                "label": "O", 
                "xyz": [
                    2.2743400362183523, 
                    2.2715898961907164, 
                    0.0
                ], 
                "abc": [
                    0.5006053337427342, 
                    0.5000000000000001, 
                    0.0
                ], 
                "properties": {}, 
                "species": [
                    {
                        "occu": 1, 
                        "element": "O"
                    }
                ]
            }, 
            {
                "label": "O", 
                "xyz": [
                    0.023620787790632695, 
                    2.2715898961907164, 
                    2.2715898961907164
                ], 
                "abc": [
                    0.005199175218696598, 
                    0.5000000000000001, 
                    0.5000000000000001
                ], 
                "properties": {}, 
                "species": [
                    {
                        "occu": 1, 
                        "element": "O"
                    }
                ]
            }
        ], 
        "@class": "Structure", 
        "@module": "pymatgen.core.structure"
    }
}