{
    "A": "Mn", 
    "gllbsc_ind-gap": 0.0, 
    "B": "Cd", 
    "anion": "O3", 
    "CB_ind": 5.881205015690261, 
    "anion_idx": 0, 
    "heat_of_formation_all": 1.06, 
    "CB_dir": 5.881205015690261, 
    "filename": "/Users/ajain/Documents/papers_proposals/2012Paper_UNCOptimization/data/rawdata/abo3/da124337d52fe1507a53cb4b67f59d9dcc5d727d.json", 
    "sum_magnetic_moments": -5.451034612861267, 
    "VB_dir": 5.881205015690261, 
    "VB_ind": 5.881205015690261, 
    "is_direct": true, 
    "gllbsc_dir-gap": 0.0, 
    "FermiLevel": 0.134258651022, 
    "XCFunctional": "RPBE", 
    "FermiWidth": 0.0018374654734, 
    "structure": {
        "lattice": {
            "a": 4.231399777505365, 
            "c": 4.231399777505365, 
            "b": 4.231399777505365, 
            "matrix": [
                [
                    4.231399777505365, 
                    0.0, 
                    0.0
                ], 
                [
                    0.0, 
                    4.231399777505365, 
                    0.0
                ], 
                [
                    0.0, 
                    0.0, 
                    4.231399777505365
                ]
            ], 
            "volume": 75.76213010401486, 
            "beta": 90.0, 
            "alpha": 90.0, 
            "gamma": 90.0
        }, 
        "sites": [
            {
                "label": "Mn", 
                "xyz": [
                    1.8610895541270505, 
                    1.8907143243235685e-16, 
                    8.254023516744342e-16
                ], 
                "abc": [
                    0.43982834333471127, 
                    4.4682951830144615e-17, 
                    1.9506602899172358e-16
                ], 
                "properties": {}, 
                "species": [
                    {
                        "occu": 1, 
                        "element": "Mn"
                    }
                ]
            }, 
            {
                "label": "Cd", 
                "xyz": [
                    3.0678171948826574, 
                    2.115699888752683, 
                    2.115699888752683
                ], 
                "abc": [
                    0.725012373255665, 
                    0.5000000000000002, 
                    0.5000000000000002
                ], 
                "properties": {}, 
                "species": [
                    {
                        "occu": 1, 
                        "element": "Cd"
                    }
                ]
            }, 
            {
                "label": "O", 
                "xyz": [
                    2.149078982806464, 
                    0.0, 
                    2.115699888752683
                ], 
                "abc": [
                    0.5078884283709681, 
                    0.0, 
                    0.5000000000000002
                ], 
                "properties": {}, 
                "species": [
                    {
                        "occu": 1, 
                        "element": "O"
                    }
                ]
            }, 
            {
                "label": "O", 
                "xyz": [
                    2.14907898280646, 
                    2.115699888752683, 
                    6.08675820974214e-18
                ], 
                "abc": [
                    0.5078884283709673, 
                    0.5000000000000002, 
                    1.438473916385799e-18
                ], 
                "properties": {}, 
                "species": [
                    {
                        "occu": 1, 
                        "element": "O"
                    }
                ]
            }, 
            {
                "label": "O", 
                "xyz": [
                    0.8542954063936375, 
                    2.115699888752683, 
                    2.115699888752683
                ], 
                "abc": [
                    0.20189427879993183, 
                    0.5000000000000002, 
                    0.5000000000000002
                ], 
                "properties": {}, 
                "species": [
                    {
                        "occu": 1, 
                        "element": "O"
                    }
                ]
            }
        ], 
        "@class": "Structure", 
        "@module": "pymatgen.core.structure"
    }
}