{
    "A": "Mn", 
    "gllbsc_ind-gap": 0.0, 
    "B": "La", 
    "anion": "ON2", 
    "CB_ind": 5.371341144482365, 
    "anion_idx": 2, 
    "heat_of_formation_all": 2.26, 
    "CB_dir": 5.371341144482365, 
    "filename": "/Users/ajain/Documents/papers_proposals/2012Paper_UNCOptimization/data/rawdata/abon2/9966f9dd67037e2d610610111d395fe2ed2bf68c.json", 
    "sum_magnetic_moments": 4.134379004286422, 
    "VB_dir": 5.371341144482365, 
    "VB_ind": 5.371341144482365, 
    "is_direct": true, 
    "gllbsc_dir-gap": 0.0, 
    "FermiLevel": 0.19384253832, 
    "XCFunctional": "RPBE", 
    "FermiWidth": 0.0018374654734, 
    "structure": {
        "lattice": {
            "a": 4.443824276337106, 
            "c": 4.443824276337106, 
            "b": 4.443824276337106, 
            "matrix": [
                [
                    4.443824276337106, 
                    0.0, 
                    0.0
                ], 
                [
                    0.0, 
                    4.443824276337106, 
                    0.0
                ], 
                [
                    0.0, 
                    0.0, 
                    4.443824276337106
                ]
            ], 
            "volume": 87.7547496241201, 
            "beta": 90.0, 
            "alpha": 90.0, 
            "gamma": 90.0
        }, 
        "sites": [
            {
                "label": "Mn", 
                "xyz": [
                    0.004587577758792904, 
                    0.0, 
                    0.0
                ], 
                "abc": [
                    0.0010323490474682517, 
                    0.0, 
                    0.0
                ], 
                "properties": {}, 
                "species": [
                    {
                        "occu": 1, 
                        "element": "Mn"
                    }
                ]
            }, 
            {
                "label": "La", 
                "xyz": [
                    2.2252398134398055, 
                    2.221912138168553, 
                    2.221912138168553
                ], 
                "abc": [
                    0.5007488314263396, 
                    0.5, 
                    0.5
                ], 
                "properties": {}, 
                "species": [
                    {
                        "occu": 1, 
                        "element": "La"
                    }
                ]
            }, 
            {
                "label": "N", 
                "xyz": [
                    2.2336863279780594, 
                    6.270945288092362e-20, 
                    2.221912138168553
                ], 
                "abc": [
                    0.5026495624213141, 
                    1.4111595999608898e-20, 
                    0.5
                ], 
                "properties": {}, 
                "species": [
                    {
                        "occu": 1, 
                        "element": "N"
                    }
                ]
            }, 
            {
                "label": "N", 
                "xyz": [
                    2.2336863279780594, 
                    2.221912138168553, 
                    0.0
                ], 
                "abc": [
                    0.5026495624213141, 
                    0.5, 
                    0.0
                ], 
                "properties": {}, 
                "species": [
                    {
                        "occu": 1, 
                        "element": "N"
                    }
                ]
            }, 
            {
                "label": "O", 
                "xyz": [
                    0.005437700629499532, 
                    2.221912138168553, 
                    2.221912138168553
                ], 
                "abc": [
                    0.001223653387568611, 
                    0.5, 
                    0.5
                ], 
                "properties": {}, 
                "species": [
                    {
                        "occu": 1, 
                        "element": "O"
                    }
                ]
            }
        ], 
        "@class": "Structure", 
        "@module": "pymatgen.core.structure"
    }
}