{
    "A": "Mn", 
    "gllbsc_ind-gap": 0.0, 
    "B": "Mo", 
    "anion": "ON2", 
    "CB_ind": 5.653198941454252, 
    "anion_idx": 2, 
    "heat_of_formation_all": 0.88, 
    "CB_dir": 5.653198941454252, 
    "filename": "/Users/ajain/Documents/papers_proposals/2012Paper_UNCOptimization/data/rawdata/abon2/e99d0826807d107285029d4432d1ee776a2b7e8b.json", 
    "sum_magnetic_moments": 4.8366104423079594, 
    "VB_dir": 5.653198941454252, 
    "VB_ind": 5.653198941454252, 
    "is_direct": true, 
    "gllbsc_dir-gap": 0.0, 
    "FermiLevel": 0.264047626564, 
    "XCFunctional": "RPBE", 
    "FermiWidth": 0.0018374654734, 
    "structure": {
        "lattice": {
            "a": 3.9323176859903333, 
            "c": 3.9323176859903333, 
            "b": 3.9323176859903333, 
            "matrix": [
                [
                    3.9323176859903333, 
                    0.0, 
                    0.0
                ], 
                [
                    0.0, 
                    3.9323176859903333, 
                    0.0
                ], 
                [
                    0.0, 
                    0.0, 
                    3.9323176859903333
                ]
            ], 
            "volume": 60.80590962947598, 
            "beta": 90.0, 
            "alpha": 90.0, 
            "gamma": 90.0
        }, 
        "sites": [
            {
                "label": "Mn", 
                "xyz": [
                    3.932144352836419, 
                    0.0, 
                    0.0
                ], 
                "abc": [
                    0.9999559208670927, 
                    0.0, 
                    0.0
                ], 
                "properties": {}, 
                "species": [
                    {
                        "occu": 1, 
                        "element": "Mn"
                    }
                ]
            }, 
            {
                "label": "Mo", 
                "xyz": [
                    1.999913019981452, 
                    1.966158842995166, 
                    1.966158842995166
                ], 
                "abc": [
                    0.5085837868864312, 
                    0.49999999999999983, 
                    0.49999999999999983
                ], 
                "properties": {}, 
                "species": [
                    {
                        "occu": 1, 
                        "element": "Mo"
                    }
                ]
            }, 
            {
                "label": "N", 
                "xyz": [
                    1.9619792050219582, 
                    0.0, 
                    1.966158842995166
                ], 
                "abc": [
                    0.4989371057206036, 
                    0.0, 
                    0.49999999999999983
                ], 
                "properties": {}, 
                "species": [
                    {
                        "occu": 1, 
                        "element": "N"
                    }
                ]
            }, 
            {
                "label": "N", 
                "xyz": [
                    1.9619792050219582, 
                    1.966158842995166, 
                    1.238670949111951e-20
                ], 
                "abc": [
                    0.4989371057206036, 
                    0.49999999999999983, 
                    3.1499768025481857e-21
                ], 
                "properties": {}, 
                "species": [
                    {
                        "occu": 1, 
                        "element": "N"
                    }
                ]
            }, 
            {
                "label": "O", 
                "xyz": [
                    0.014500063621219781, 
                    1.966158842995166, 
                    1.966158842995166
                ], 
                "abc": [
                    0.0036874089987386197, 
                    0.49999999999999983, 
                    0.49999999999999983
                ], 
                "properties": {}, 
                "species": [
                    {
                        "occu": 1, 
                        "element": "O"
                    }
                ]
            }
        ], 
        "@class": "Structure", 
        "@module": "pymatgen.core.structure"
    }
}