{
    "A": "Mn", 
    "gllbsc_ind-gap": 0.0, 
    "B": "Ni", 
    "anion": "N3", 
    "CB_ind": 5.75068752236909, 
    "anion_idx": 3, 
    "heat_of_formation_all": 1.42, 
    "CB_dir": 5.75068752236909, 
    "filename": "/Users/ajain/Documents/papers_proposals/2012Paper_UNCOptimization/data/rawdata/abn3/19c59ca003ee456f3d82449f01473f17f19e3ebe.json", 
    "sum_magnetic_moments": 2.3602728529300134, 
    "VB_dir": 5.75068752236909, 
    "VB_ind": 5.75068752236909, 
    "is_direct": true, 
    "gllbsc_dir-gap": 0.0, 
    "FermiLevel": 0.272012274902, 
    "XCFunctional": "RPBE", 
    "FermiWidth": 0.0018374654734, 
    "structure": {
        "lattice": {
            "a": 3.732836526771758, 
            "c": 3.732836526771758, 
            "b": 3.732836526771758, 
            "matrix": [
                [
                    3.732836526771758, 
                    0.0, 
                    0.0
                ], 
                [
                    0.0, 
                    3.732836526771758, 
                    0.0
                ], 
                [
                    0.0, 
                    0.0, 
                    3.732836526771758
                ]
            ], 
            "volume": 52.01359999623413, 
            "beta": 90.0, 
            "alpha": 90.0, 
            "gamma": 90.0
        }, 
        "sites": [
            {
                "label": "Mn", 
                "xyz": [
                    1.1054000527189491, 
                    3.7328365267711487, 
                    3.7328365267715906
                ], 
                "abc": [
                    0.29612870662592994, 
                    0.9999999999998368, 
                    0.9999999999999551
                ], 
                "properties": {}, 
                "species": [
                    {
                        "occu": 1, 
                        "element": "Mn"
                    }
                ]
            }, 
            {
                "label": "Ni", 
                "xyz": [
                    2.4186097803159265, 
                    1.8664182633858788, 
                    1.8664182633858788
                ], 
                "abc": [
                    0.6479281273020534, 
                    0.49999999999999994, 
                    0.49999999999999994
                ], 
                "properties": {}, 
                "species": [
                    {
                        "occu": 1, 
                        "element": "Ni"
                    }
                ]
            }, 
            {
                "label": "N", 
                "xyz": [
                    1.8821700788325448, 
                    1.5212336947239965e-14, 
                    1.8664182633858788
                ], 
                "abc": [
                    0.504219797822298, 
                    4.07527542075247e-15, 
                    0.49999999999999994
                ], 
                "properties": {}, 
                "species": [
                    {
                        "occu": 1, 
                        "element": "N"
                    }
                ]
            }, 
            {
                "label": "N", 
                "xyz": [
                    1.8821700788335174, 
                    1.8664182633858788, 
                    1.040793888726515e-15
                ], 
                "abc": [
                    0.5042197978225585, 
                    0.49999999999999994, 
                    2.7882118096037203e-16
                ], 
                "properties": {}, 
                "species": [
                    {
                        "occu": 1, 
                        "element": "N"
                    }
                ]
            }, 
            {
                "label": "N", 
                "xyz": [
                    0.42969264887245845, 
                    1.8664182633858788, 
                    1.8664182633858788
                ], 
                "abc": [
                    0.1151115634962098, 
                    0.49999999999999994, 
                    0.49999999999999994
                ], 
                "properties": {}, 
                "species": [
                    {
                        "occu": 1, 
                        "element": "N"
                    }
                ]
            }
        ], 
        "@class": "Structure", 
        "@module": "pymatgen.core.structure"
    }
}