{
    "A": "Mn", 
    "gllbsc_ind-gap": 0.0, 
    "B": "Sn", 
    "anion": "N3", 
    "CB_ind": 5.724307109023475, 
    "anion_idx": 3, 
    "heat_of_formation_all": 1.46, 
    "CB_dir": 5.724307109023475, 
    "filename": "/Users/ajain/Documents/papers_proposals/2012Paper_UNCOptimization/data/rawdata/abn3/231b053d1fe7c7f8ace89a732b681d839690858e.json", 
    "sum_magnetic_moments": 5.625966914932385, 
    "VB_dir": 5.724307109023475, 
    "VB_ind": 5.724307109023475, 
    "is_direct": true, 
    "gllbsc_dir-gap": 0.0, 
    "FermiLevel": 0.199382612761, 
    "XCFunctional": "RPBE", 
    "FermiWidth": 0.0018374654734, 
    "structure": {
        "lattice": {
            "a": 4.177329022383033, 
            "c": 4.177329022383033, 
            "b": 4.177329022383033, 
            "matrix": [
                [
                    4.177329022383033, 
                    0.0, 
                    0.0
                ], 
                [
                    0.0, 
                    4.177329022383033, 
                    0.0
                ], 
                [
                    0.0, 
                    0.0, 
                    4.177329022383033
                ]
            ], 
            "volume": 72.89471627488356, 
            "beta": 90.0, 
            "alpha": 90.0, 
            "gamma": 90.0
        }, 
        "sites": [
            {
                "label": "Mn", 
                "xyz": [
                    2.1427048450301123, 
                    3.0260950225334912e-15, 
                    4.177329022383031
                ], 
                "abc": [
                    0.5129365758715764, 
                    7.244090676887119e-16, 
                    0.9999999999999997
                ], 
                "properties": {}, 
                "species": [
                    {
                        "occu": 1, 
                        "element": "Mn"
                    }
                ]
            }, 
            {
                "label": "Sn", 
                "xyz": [
                    1.1422807527859644, 
                    2.0886645111915163, 
                    2.0886645111915163
                ], 
                "abc": [
                    0.2734476376328934, 
                    0.5, 
                    0.5
                ], 
                "properties": {}, 
                "species": [
                    {
                        "occu": 1, 
                        "element": "Sn"
                    }
                ]
            }, 
            {
                "label": "N", 
                "xyz": [
                    1.727987455022357, 
                    4.310340333436227e-17, 
                    2.0886645111915163
                ], 
                "abc": [
                    0.41365845155203873, 
                    1.0318412340374654e-17, 
                    0.5
                ], 
                "properties": {}, 
                "species": [
                    {
                        "occu": 1, 
                        "element": "N"
                    }
                ]
            }, 
            {
                "label": "N", 
                "xyz": [
                    1.7279874550223313, 
                    2.0886645111915163, 
                    1.9410708425574344e-19
                ], 
                "abc": [
                    0.41365845155203257, 
                    0.5, 
                    4.6466793306362914e-20
                ], 
                "properties": {}, 
                "species": [
                    {
                        "occu": 1, 
                        "element": "N"
                    }
                ]
            }, 
            {
                "label": "N", 
                "xyz": [
                    3.2924980281545073, 
                    2.0886645111915163, 
                    2.0886645111915163
                ], 
                "abc": [
                    0.7881825947902573, 
                    0.5, 
                    0.5
                ], 
                "properties": {}, 
                "species": [
                    {
                        "occu": 1, 
                        "element": "N"
                    }
                ]
            }
        ], 
        "@class": "Structure", 
        "@module": "pymatgen.core.structure"
    }
}