{
    "A": "Mn", 
    "gllbsc_ind-gap": 0.0, 
    "B": "Ta", 
    "anion": "O2F", 
    "CB_ind": 6.178364062676296, 
    "anion_idx": 4, 
    "heat_of_formation_all": 1.12, 
    "CB_dir": 6.178364062676296, 
    "filename": "/Users/ajain/Documents/papers_proposals/2012Paper_UNCOptimization/data/rawdata/abo2f/4d1b2ae2365e9b67f7c15da9b4382bff331a20b3.json", 
    "sum_magnetic_moments": 0.0, 
    "VB_dir": 6.178364062676296, 
    "VB_ind": 6.178364062676296, 
    "is_direct": true, 
    "gllbsc_dir-gap": 0.0, 
    "FermiLevel": 0.252085146296, 
    "XCFunctional": "RPBE", 
    "FermiWidth": 0.0036749309468, 
    "structure": {
        "lattice": {
            "a": 4.102501420699979, 
            "c": 4.102501420699979, 
            "b": 4.102501420699979, 
            "matrix": [
                [
                    4.102501420699979, 
                    0.0, 
                    0.0
                ], 
                [
                    0.0, 
                    4.102501420699979, 
                    0.0
                ], 
                [
                    0.0, 
                    0.0, 
                    4.102501420699979
                ]
            ], 
            "volume": 69.04722362394948, 
            "beta": 90.0, 
            "alpha": 90.0, 
            "gamma": 90.0
        }, 
        "sites": [
            {
                "label": "Mn", 
                "xyz": [
                    4.1014326824122, 
                    0.0, 
                    0.0
                ], 
                "abc": [
                    0.9997394910621147, 
                    0.0, 
                    0.0
                ], 
                "properties": {}, 
                "species": [
                    {
                        "occu": 1, 
                        "element": "Mn"
                    }
                ]
            }, 
            {
                "label": "Ta", 
                "xyz": [
                    2.0740550471021812, 
                    2.0512507103499904, 
                    2.0512507103499904
                ], 
                "abc": [
                    0.5055586420121948, 
                    0.5000000000000002, 
                    0.5000000000000002
                ], 
                "properties": {}, 
                "species": [
                    {
                        "occu": 1, 
                        "element": "Ta"
                    }
                ]
            }, 
            {
                "label": "F", 
                "xyz": [
                    2.049511253524111, 
                    0.0, 
                    2.0512507103499904
                ], 
                "abc": [
                    0.4995760009205355, 
                    0.0, 
                    0.5000000000000002
                ], 
                "properties": {}, 
                "species": [
                    {
                        "occu": 1, 
                        "element": "F"
                    }
                ]
            }, 
            {
                "label": "O", 
                "xyz": [
                    2.0520547929282604, 
                    2.0512507103499904, 
                    0.0
                ], 
                "abc": [
                    0.5001959981230509, 
                    0.5000000000000002, 
                    0.0
                ], 
                "properties": {}, 
                "species": [
                    {
                        "occu": 1, 
                        "element": "O"
                    }
                ]
            }, 
            {
                "label": "O", 
                "xyz": [
                    0.020149788955034414, 
                    2.0512507103499904, 
                    2.0512507103499904
                ], 
                "abc": [
                    0.004911586100461705, 
                    0.5000000000000002, 
                    0.5000000000000002
                ], 
                "properties": {}, 
                "species": [
                    {
                        "occu": 1, 
                        "element": "O"
                    }
                ]
            }
        ], 
        "@class": "Structure", 
        "@module": "pymatgen.core.structure"
    }
}