{
    "A": "Mo", 
    "gllbsc_ind-gap": 0.0, 
    "B": "Bi", 
    "anion": "O2S", 
    "CB_ind": 5.629338357660687, 
    "anion_idx": 6, 
    "heat_of_formation_all": 1.22, 
    "CB_dir": 5.629338357660687, 
    "filename": "/Users/ajain/Documents/papers_proposals/2012Paper_UNCOptimization/data/rawdata/abo2s/51f694f2b9392e497c1125b3e9b49433cc2983f6.json", 
    "sum_magnetic_moments": 3.1544151740041464, 
    "VB_dir": 5.629338357660687, 
    "VB_ind": 5.629338357660687, 
    "is_direct": true, 
    "gllbsc_dir-gap": 0.0, 
    "FermiLevel": 0.199676657457, 
    "XCFunctional": "RPBE", 
    "FermiWidth": 0.0018374654734, 
    "structure": {
        "lattice": {
            "a": 4.652794964680003, 
            "c": 4.652794964680003, 
            "b": 4.652794964680003, 
            "matrix": [
                [
                    4.652794964680003, 
                    0.0, 
                    0.0
                ], 
                [
                    0.0, 
                    4.652794964680003, 
                    0.0
                ], 
                [
                    0.0, 
                    0.0, 
                    4.652794964680003
                ]
            ], 
            "volume": 100.72603636820834, 
            "beta": 90.0, 
            "alpha": 90.0, 
            "gamma": 90.0
        }, 
        "sites": [
            {
                "label": "Mo", 
                "xyz": [
                    1.5334084786921678, 
                    4.652794964680001, 
                    0.0
                ], 
                "abc": [
                    0.32956717206162733, 
                    0.9999999999999997, 
                    0.0
                ], 
                "properties": {}, 
                "species": [
                    {
                        "occu": 1, 
                        "element": "Mo"
                    }
                ]
            }, 
            {
                "label": "Bi", 
                "xyz": [
                    2.534365761006801, 
                    2.326397482340001, 
                    2.326397482340001
                ], 
                "abc": [
                    0.5446974947844285, 
                    0.4999999999999999, 
                    0.4999999999999999
                ], 
                "properties": {}, 
                "species": [
                    {
                        "occu": 1, 
                        "element": "Bi"
                    }
                ]
            }, 
            {
                "label": "S", 
                "xyz": [
                    0.7583353594163303, 
                    1.1884668829372744e-16, 
                    2.326397482340001
                ], 
                "abc": [
                    0.16298490803333412, 
                    2.5543074473710697e-17, 
                    0.4999999999999999
                ], 
                "properties": {}, 
                "species": [
                    {
                        "occu": 1, 
                        "element": "S"
                    }
                ]
            }, 
            {
                "label": "O", 
                "xyz": [
                    1.945489566055659, 
                    2.326397482340001, 
                    0.0
                ], 
                "abc": [
                    0.4181335263694476, 
                    0.4999999999999999, 
                    0.0
                ], 
                "properties": {}, 
                "species": [
                    {
                        "occu": 1, 
                        "element": "O"
                    }
                ]
            }, 
            {
                "label": "O", 
                "xyz": [
                    0.07498014828953499, 
                    2.326397482340001, 
                    2.326397482340001
                ], 
                "abc": [
                    0.016115076821291173, 
                    0.4999999999999999, 
                    0.4999999999999999
                ], 
                "properties": {}, 
                "species": [
                    {
                        "occu": 1, 
                        "element": "O"
                    }
                ]
            }
        ], 
        "@class": "Structure", 
        "@module": "pymatgen.core.structure"
    }
}