{
    "A": "Mo", 
    "gllbsc_ind-gap": 0.0, 
    "B": "Ca", 
    "anion": "O2S", 
    "CB_ind": 4.967907775618099, 
    "anion_idx": 6, 
    "heat_of_formation_all": 1.26, 
    "CB_dir": 4.967907775618099, 
    "filename": "/Users/ajain/Documents/papers_proposals/2012Paper_UNCOptimization/data/rawdata/abo2s/5a144b14d3fce888900903f28fc48d8f2e102bc3.json", 
    "sum_magnetic_moments": 3.3504223453747897, 
    "VB_dir": 4.967907775618099, 
    "VB_ind": 4.967907775618099, 
    "is_direct": true, 
    "gllbsc_dir-gap": 0.0, 
    "FermiLevel": 0.184540696892, 
    "XCFunctional": "RPBE", 
    "FermiWidth": 0.0018374654734, 
    "structure": {
        "lattice": {
            "a": 4.480800668921087, 
            "c": 4.480800668921087, 
            "b": 4.480800668921087, 
            "matrix": [
                [
                    4.480800668921087, 
                    0.0, 
                    0.0
                ], 
                [
                    0.0, 
                    4.480800668921087, 
                    0.0
                ], 
                [
                    0.0, 
                    0.0, 
                    4.480800668921087
                ]
            ], 
            "volume": 89.96360985304513, 
            "beta": 90.0, 
            "alpha": 90.0, 
            "gamma": 90.0
        }, 
        "sites": [
            {
                "label": "Mo", 
                "xyz": [
                    4.215513720644061, 
                    4.6840742749421727e-14, 
                    6.382617875505072e-15
                ], 
                "abc": [
                    0.9407947445381669, 
                    1.0453654650230249e-14, 
                    1.4244369136469344e-15
                ], 
                "properties": {}, 
                "species": [
                    {
                        "occu": 1, 
                        "element": "Mo"
                    }
                ]
            }, 
            {
                "label": "Ca", 
                "xyz": [
                    3.1383857781670486, 
                    2.240400334460544, 
                    2.240400334460544
                ], 
                "abc": [
                    0.7004073624463922, 
                    0.5000000000000001, 
                    0.5000000000000001
                ], 
                "properties": {}, 
                "species": [
                    {
                        "occu": 1, 
                        "element": "Ca"
                    }
                ]
            }, 
            {
                "label": "S", 
                "xyz": [
                    0.6381189002353879, 
                    6.759026535159725e-17, 
                    2.240400334460544
                ], 
                "abc": [
                    0.14241180257389977, 
                    1.5084416903524526e-17, 
                    0.5000000000000001
                ], 
                "properties": {}, 
                "species": [
                    {
                        "occu": 1, 
                        "element": "S"
                    }
                ]
            }, 
            {
                "label": "O", 
                "xyz": [
                    3.6688451199991, 
                    2.240400334460544, 
                    3.2325723362701472e-18
                ], 
                "abc": [
                    0.8187923076887297, 
                    0.5000000000000001, 
                    7.21427391022173e-19
                ], 
                "properties": {}, 
                "species": [
                    {
                        "occu": 1, 
                        "element": "O"
                    }
                ]
            }, 
            {
                "label": "O", 
                "xyz": [
                    0.9345993778922168, 
                    2.240400334460544, 
                    2.240400334460544
                ], 
                "abc": [
                    0.20857865523334138, 
                    0.5000000000000001, 
                    0.5000000000000001
                ], 
                "properties": {}, 
                "species": [
                    {
                        "occu": 1, 
                        "element": "O"
                    }
                ]
            }
        ], 
        "@class": "Structure", 
        "@module": "pymatgen.core.structure"
    }
}