{
    "A": "Mo", 
    "gllbsc_ind-gap": 0.0, 
    "B": "Mn", 
    "anion": "O2S", 
    "CB_ind": 5.518201777989158, 
    "anion_idx": 6, 
    "heat_of_formation_all": 1.06, 
    "CB_dir": 5.518201777989158, 
    "filename": "/Users/ajain/Documents/papers_proposals/2012Paper_UNCOptimization/data/rawdata/abo2s/bb86067d2bd0cb9e385cfbbade2c37bfab7a79b3.json", 
    "sum_magnetic_moments": -0.0624621282031672, 
    "VB_dir": 5.518201777989158, 
    "VB_ind": 5.518201777989158, 
    "is_direct": true, 
    "gllbsc_dir-gap": 0.0, 
    "FermiLevel": 0.293152026085, 
    "XCFunctional": "RPBE", 
    "FermiWidth": 0.0018374654734, 
    "structure": {
        "lattice": {
            "a": 4.036267109639195, 
            "c": 4.036267109639195, 
            "b": 4.036267109639195, 
            "matrix": [
                [
                    4.036267109639195, 
                    0.0, 
                    0.0
                ], 
                [
                    0.0, 
                    4.036267109639195, 
                    0.0
                ], 
                [
                    0.0, 
                    0.0, 
                    4.036267109639195
                ]
            ], 
            "volume": 65.75665260382722, 
            "beta": 90.0, 
            "alpha": 90.0, 
            "gamma": 90.0
        }, 
        "sites": [
            {
                "label": "Mo", 
                "xyz": [
                    3.5088894091306932, 
                    7.690170218545877e-16, 
                    4.2954762667389634e-17
                ], 
                "abc": [
                    0.8693402378526816, 
                    1.90526791454922e-16, 
                    1.0642200206425236e-17
                ], 
                "properties": {}, 
                "species": [
                    {
                        "occu": 1, 
                        "element": "Mo"
                    }
                ]
            }, 
            {
                "label": "Mn", 
                "xyz": [
                    2.3776763746211427, 
                    2.0181335548195976, 
                    2.0181335548195976
                ], 
                "abc": [
                    0.5890780540621071, 
                    0.5, 
                    0.5
                ], 
                "properties": {}, 
                "species": [
                    {
                        "occu": 1, 
                        "element": "Mn"
                    }
                ]
            }, 
            {
                "label": "S", 
                "xyz": [
                    1.2750360423714788, 
                    2.8179435785015984e-18, 
                    2.0181335548195976
                ], 
                "abc": [
                    0.3158948621924715, 
                    6.981558707479834e-19, 
                    0.5
                ], 
                "properties": {}, 
                "species": [
                    {
                        "occu": 1, 
                        "element": "S"
                    }
                ]
            }, 
            {
                "label": "O", 
                "xyz": [
                    2.6348520238887216, 
                    2.0181335548195976, 
                    0.0
                ], 
                "abc": [
                    0.6527942656709489, 
                    0.5, 
                    0.0
                ], 
                "properties": {}, 
                "species": [
                    {
                        "occu": 1, 
                        "element": "O"
                    }
                ]
            }, 
            {
                "label": "O", 
                "xyz": [
                    0.27814831126537354, 
                    2.0181335548195976, 
                    2.0181335548195976
                ], 
                "abc": [
                    0.0689122656429538, 
                    0.5, 
                    0.5
                ], 
                "properties": {}, 
                "species": [
                    {
                        "occu": 1, 
                        "element": "O"
                    }
                ]
            }
        ], 
        "@class": "Structure", 
        "@module": "pymatgen.core.structure"
    }
}