{
    "A": "Mo", 
    "gllbsc_ind-gap": 0.0, 
    "B": "Os", 
    "anion": "O2S", 
    "CB_ind": 5.82841893791198, 
    "anion_idx": 6, 
    "heat_of_formation_all": 1.32, 
    "CB_dir": 5.82841893791198, 
    "filename": "/Users/ajain/Documents/papers_proposals/2012Paper_UNCOptimization/data/rawdata/abo2s/01aedd77183b416c577f3b68672b0c048b116bc1.json", 
    "sum_magnetic_moments": -1.7333972527541561, 
    "VB_dir": 5.82841893791198, 
    "VB_ind": 5.82841893791198, 
    "is_direct": true, 
    "gllbsc_dir-gap": 0.0, 
    "FermiLevel": 0.283491324158, 
    "XCFunctional": "RPBE", 
    "FermiWidth": 0.0018374654734, 
    "structure": {
        "lattice": {
            "a": 4.224409731903032, 
            "c": 4.224409731903032, 
            "b": 4.224409731903032, 
            "matrix": [
                [
                    4.224409731903032, 
                    0.0, 
                    0.0
                ], 
                [
                    0.0, 
                    4.224409731903032, 
                    0.0
                ], 
                [
                    0.0, 
                    0.0, 
                    4.224409731903032
                ]
            ], 
            "volume": 75.38728507762723, 
            "beta": 90.0, 
            "alpha": 90.0, 
            "gamma": 90.0
        }, 
        "sites": [
            {
                "label": "Mo", 
                "xyz": [
                    2.548717367066672, 
                    0.0, 
                    4.224409731903031
                ], 
                "abc": [
                    0.603331004523208, 
                    0.0, 
                    0.9999999999999999
                ], 
                "properties": {}, 
                "species": [
                    {
                        "occu": 1, 
                        "element": "Mo"
                    }
                ]
            }, 
            {
                "label": "Os", 
                "xyz": [
                    2.4283615304785755, 
                    2.1122048659515165, 
                    2.1122048659515165
                ], 
                "abc": [
                    0.5748404356091272, 
                    0.5000000000000001, 
                    0.5000000000000001
                ], 
                "properties": {}, 
                "species": [
                    {
                        "occu": 1, 
                        "element": "Os"
                    }
                ]
            }, 
            {
                "label": "S", 
                "xyz": [
                    1.3347372276475378, 
                    0.0, 
                    2.1122048659515165
                ], 
                "abc": [
                    0.3159582787549017, 
                    0.0, 
                    0.5000000000000001
                ], 
                "properties": {}, 
                "species": [
                    {
                        "occu": 1, 
                        "element": "S"
                    }
                ]
            }, 
            {
                "label": "O", 
                "xyz": [
                    2.8582098923185706, 
                    2.1122048659515165, 
                    5.915312048421639e-19
                ], 
                "abc": [
                    0.6765939086668543, 
                    0.5000000000000001, 
                    1.4002694870596468e-19
                ], 
                "properties": {}, 
                "species": [
                    {
                        "occu": 1, 
                        "element": "O"
                    }
                ]
            }, 
            {
                "label": "O", 
                "xyz": [
                    0.2166927327347737, 
                    2.1122048659515165, 
                    2.1122048659515165
                ], 
                "abc": [
                    0.05129538716339358, 
                    0.5000000000000001, 
                    0.5000000000000001
                ], 
                "properties": {}, 
                "species": [
                    {
                        "occu": 1, 
                        "element": "O"
                    }
                ]
            }
        ], 
        "@class": "Structure", 
        "@module": "pymatgen.core.structure"
    }
}