{
    "A": "Mo", 
    "gllbsc_ind-gap": 0.0, 
    "B": "Pt", 
    "anion": "ON2", 
    "CB_ind": 6.128535696143041, 
    "anion_idx": 2, 
    "heat_of_formation_all": 1.54, 
    "CB_dir": 6.128535696143041, 
    "filename": "/Users/ajain/Documents/papers_proposals/2012Paper_UNCOptimization/data/rawdata/abon2/351701902f8282bb02b4062481a14b43431e9b1b.json", 
    "sum_magnetic_moments": 1.8658573425563731, 
    "VB_dir": 6.128535696143041, 
    "VB_ind": 6.128535696143041, 
    "is_direct": true, 
    "gllbsc_dir-gap": 0.0, 
    "FermiLevel": 0.29546303005, 
    "XCFunctional": "RPBE", 
    "FermiWidth": 0.0018374654734, 
    "structure": {
        "lattice": {
            "a": 3.9952150848796553, 
            "c": 3.9952150848796553, 
            "b": 3.9952150848796553, 
            "matrix": [
                [
                    3.9952150848796553, 
                    0.0, 
                    0.0
                ], 
                [
                    0.0, 
                    3.9952150848796553, 
                    0.0
                ], 
                [
                    0.0, 
                    0.0, 
                    3.9952150848796553
                ]
            ], 
            "volume": 63.77059870962335, 
            "beta": 90.0, 
            "alpha": 90.0, 
            "gamma": 90.0
        }, 
        "sites": [
            {
                "label": "Mo", 
                "xyz": [
                    0.7298695383919928, 
                    8.233195244893426e-15, 
                    0.0
                ], 
                "abc": [
                    0.1826859187517255, 
                    2.060763956376939e-15, 
                    0.0
                ], 
                "properties": {}, 
                "species": [
                    {
                        "occu": 1, 
                        "element": "Mo"
                    }
                ]
            }, 
            {
                "label": "Pt", 
                "xyz": [
                    1.9906733381088924, 
                    1.997607542439828, 
                    1.997607542439828
                ], 
                "abc": [
                    0.49826437270995033, 
                    0.5000000000000001, 
                    0.5000000000000001
                ], 
                "properties": {}, 
                "species": [
                    {
                        "occu": 1, 
                        "element": "Pt"
                    }
                ]
            }, 
            {
                "label": "N", 
                "xyz": [
                    1.5471273924881388, 
                    1.846909528713584e-16, 
                    1.997607542439828
                ], 
                "abc": [
                    0.3872450818338712, 
                    4.622803752677603e-17, 
                    0.5000000000000001
                ], 
                "properties": {}, 
                "species": [
                    {
                        "occu": 1, 
                        "element": "N"
                    }
                ]
            }, 
            {
                "label": "N", 
                "xyz": [
                    1.5471273924881401, 
                    1.997607542439828, 
                    0.0
                ], 
                "abc": [
                    0.3872450818338715, 
                    0.5000000000000001, 
                    0.0
                ], 
                "properties": {}, 
                "species": [
                    {
                        "occu": 1, 
                        "element": "N"
                    }
                ]
            }, 
            {
                "label": "O", 
                "xyz": [
                    3.936424996718814, 
                    1.997607542439828, 
                    1.997607542439828
                ], 
                "abc": [
                    0.9852848753041259, 
                    0.5000000000000001, 
                    0.5000000000000001
                ], 
                "properties": {}, 
                "species": [
                    {
                        "occu": 1, 
                        "element": "O"
                    }
                ]
            }
        ], 
        "@class": "Structure", 
        "@module": "pymatgen.core.structure"
    }
}