{
    "A": "Mo", 
    "gllbsc_ind-gap": 0.0, 
    "B": "Rh", 
    "anion": "O2N", 
    "CB_ind": 5.86045701936625, 
    "anion_idx": 1, 
    "heat_of_formation_all": 1.76, 
    "CB_dir": 5.86045701936625, 
    "filename": "/Users/ajain/Documents/papers_proposals/2012Paper_UNCOptimization/data/rawdata/abo2n/f2a6ca35599a791bc1c594c9647c1c9a1cd14918.json", 
    "sum_magnetic_moments": -2.2819660711080982, 
    "VB_dir": 5.86045701936625, 
    "VB_ind": 5.86045701936625, 
    "is_direct": true, 
    "gllbsc_dir-gap": 0.0, 
    "FermiLevel": 0.292929702324, 
    "XCFunctional": "RPBE", 
    "FermiWidth": 0.0018374654734, 
    "structure": {
        "lattice": {
            "a": 3.8804406559784024, 
            "c": 3.8804406559784024, 
            "b": 3.8804406559784024, 
            "matrix": [
                [
                    3.8804406559784024, 
                    0.0, 
                    0.0
                ], 
                [
                    0.0, 
                    3.8804406559784024, 
                    0.0
                ], 
                [
                    0.0, 
                    0.0, 
                    3.8804406559784024
                ]
            ], 
            "volume": 58.430975694397674, 
            "beta": 90.0, 
            "alpha": 90.0, 
            "gamma": 90.0
        }, 
        "sites": [
            {
                "label": "Mo", 
                "xyz": [
                    0.003876482383789811, 
                    1.1339292815215498e-18, 
                    1.3961668416282308e-19
                ], 
                "abc": [
                    0.0009989799426045871, 
                    2.9221662745300877e-19, 
                    3.5979595242030716e-20
                ], 
                "properties": {}, 
                "species": [
                    {
                        "occu": 1, 
                        "element": "Mo"
                    }
                ]
            }, 
            {
                "label": "Rh", 
                "xyz": [
                    1.9634835404847144, 
                    1.940220327989201, 
                    1.940220327989201
                ], 
                "abc": [
                    0.5059949924655265, 
                    0.49999999999999994, 
                    0.49999999999999994
                ], 
                "properties": {}, 
                "species": [
                    {
                        "occu": 1, 
                        "element": "Rh"
                    }
                ]
            }, 
            {
                "label": "N", 
                "xyz": [
                    1.9388702375898121, 
                    1.8894462787363837e-20, 
                    1.940220327989201
                ], 
                "abc": [
                    0.49965207807074463, 
                    4.869153908655728e-21, 
                    0.49999999999999994
                ], 
                "properties": {}, 
                "species": [
                    {
                        "occu": 1, 
                        "element": "N"
                    }
                ]
            }, 
            {
                "label": "O", 
                "xyz": [
                    1.9366605394149585, 
                    1.940220327989201, 
                    0.0
                ], 
                "abc": [
                    0.499082632904395, 
                    0.49999999999999994, 
                    0.0
                ], 
                "properties": {}, 
                "species": [
                    {
                        "occu": 1, 
                        "element": "O"
                    }
                ]
            }, 
            {
                "label": "O", 
                "xyz": [
                    0.01989084620722297, 
                    1.940220327989201, 
                    1.940220327989201
                ], 
                "abc": [
                    0.005125924597398013, 
                    0.49999999999999994, 
                    0.49999999999999994
                ], 
                "properties": {}, 
                "species": [
                    {
                        "occu": 1, 
                        "element": "O"
                    }
                ]
            }
        ], 
        "@class": "Structure", 
        "@module": "pymatgen.core.structure"
    }
}