{
    "A": "Mo", 
    "gllbsc_ind-gap": 0.0, 
    "B": "Ta", 
    "anion": "N3", 
    "CB_ind": 5.72387761418753, 
    "anion_idx": 3, 
    "heat_of_formation_all": 0.78, 
    "CB_dir": 5.72387761418753, 
    "filename": "/Users/ajain/Documents/papers_proposals/2012Paper_UNCOptimization/data/rawdata/abn3/3991ae45276aa878ec916f3533d35895dc6f9f04.json", 
    "sum_magnetic_moments": 1.7098871157276039, 
    "VB_dir": 5.72387761418753, 
    "VB_ind": 5.72387761418753, 
    "is_direct": true, 
    "gllbsc_dir-gap": 0.0, 
    "FermiLevel": 0.272932585472, 
    "XCFunctional": "RPBE", 
    "FermiWidth": 0.0018374654734, 
    "structure": {
        "lattice": {
            "a": 4.069415500452479, 
            "c": 4.069415500452479, 
            "b": 4.069415500452479, 
            "matrix": [
                [
                    4.069415500452479, 
                    0.0, 
                    0.0
                ], 
                [
                    0.0, 
                    4.069415500452479, 
                    0.0
                ], 
                [
                    0.0, 
                    0.0, 
                    4.069415500452479
                ]
            ], 
            "volume": 67.3901006415571, 
            "beta": 90.0, 
            "alpha": 90.0, 
            "gamma": 90.0
        }, 
        "sites": [
            {
                "label": "Mo", 
                "xyz": [
                    0.8548509333243949, 
                    1.3637474487238217e-16, 
                    3.45612955844838e-17
                ], 
                "abc": [
                    0.21006725246643992, 
                    3.351212105453932e-17, 
                    8.492938502013599e-18
                ], 
                "properties": {}, 
                "species": [
                    {
                        "occu": 1, 
                        "element": "Mo"
                    }
                ]
            }, 
            {
                "label": "Ta", 
                "xyz": [
                    2.0661108336674787, 
                    2.034707750226239, 
                    2.034707750226239
                ], 
                "abc": [
                    0.5077168535475789, 
                    0.4999999999999999, 
                    0.4999999999999999
                ], 
                "properties": {}, 
                "species": [
                    {
                        "occu": 1, 
                        "element": "Ta"
                    }
                ]
            }, 
            {
                "label": "N", 
                "xyz": [
                    1.6060439583257864, 
                    6.313504073944796e-18, 
                    2.034707750226239
                ], 
                "abc": [
                    0.3946620732503747, 
                    1.5514523088740377e-18, 
                    0.4999999999999999
                ], 
                "properties": {}, 
                "species": [
                    {
                        "occu": 1, 
                        "element": "N"
                    }
                ]
            }, 
            {
                "label": "N", 
                "xyz": [
                    1.6060439583257864, 
                    2.034707750226239, 
                    0.0
                ], 
                "abc": [
                    0.3946620732503747, 
                    0.4999999999999999, 
                    0.0
                ], 
                "properties": {}, 
                "species": [
                    {
                        "occu": 1, 
                        "element": "N"
                    }
                ]
            }, 
            {
                "label": "N", 
                "xyz": [
                    3.979952506605729, 
                    2.034707750226239, 
                    2.034707750226239
                ], 
                "abc": [
                    0.9780157632375454, 
                    0.4999999999999999, 
                    0.4999999999999999
                ], 
                "properties": {}, 
                "species": [
                    {
                        "occu": 1, 
                        "element": "N"
                    }
                ]
            }
        ], 
        "@class": "Structure", 
        "@module": "pymatgen.core.structure"
    }
}