{
    "A": "Mo", 
    "gllbsc_ind-gap": 0.0, 
    "B": "Y", 
    "anion": "O3", 
    "CB_ind": 5.559657574654458, 
    "anion_idx": 0, 
    "heat_of_formation_all": 0.94, 
    "CB_dir": 5.559657574654458, 
    "filename": "/Users/ajain/Documents/papers_proposals/2012Paper_UNCOptimization/data/rawdata/abo3/d1b06c8b4eb229b4cf8f9ea141aa800bdb908e32.json", 
    "sum_magnetic_moments": 3.0011137514070256, 
    "VB_dir": 5.559657574654458, 
    "VB_ind": 5.559657574654458, 
    "is_direct": true, 
    "gllbsc_dir-gap": 0.0, 
    "FermiLevel": 0.187380769183, 
    "XCFunctional": "RPBE", 
    "FermiWidth": 0.0018374654734, 
    "structure": {
        "lattice": {
            "a": 4.291151589828387, 
            "c": 4.291151589828387, 
            "b": 4.291151589828387, 
            "matrix": [
                [
                    4.291151589828387, 
                    0.0, 
                    0.0
                ], 
                [
                    0.0, 
                    4.291151589828387, 
                    0.0
                ], 
                [
                    0.0, 
                    0.0, 
                    4.291151589828387
                ]
            ], 
            "volume": 79.01718799227709, 
            "beta": 90.0, 
            "alpha": 90.0, 
            "gamma": 90.0
        }, 
        "sites": [
            {
                "label": "Mo", 
                "xyz": [
                    0.992451258531961, 
                    1.645177040060352e-18, 
                    0.0
                ], 
                "abc": [
                    0.23127853625223513, 
                    3.8338823637925743e-19, 
                    0.0
                ], 
                "properties": {}, 
                "species": [
                    {
                        "occu": 1, 
                        "element": "Mo"
                    }
                ]
            }, 
            {
                "label": "Y", 
                "xyz": [
                    2.231489877420508, 
                    2.145575794914193, 
                    2.145575794914193
                ], 
                "abc": [
                    0.5200212182459278, 
                    0.4999999999999999, 
                    0.4999999999999999
                ], 
                "properties": {}, 
                "species": [
                    {
                        "occu": 1, 
                        "element": "Y"
                    }
                ]
            }, 
            {
                "label": "O", 
                "xyz": [
                    1.605647963073697, 
                    5.744740281000502e-19, 
                    2.145575794914193
                ], 
                "abc": [
                    0.3741764720872773, 
                    1.338740932531411e-19, 
                    0.4999999999999999
                ], 
                "properties": {}, 
                "species": [
                    {
                        "occu": 1, 
                        "element": "O"
                    }
                ]
            }, 
            {
                "label": "O", 
                "xyz": [
                    1.605647963073697, 
                    2.145575794914193, 
                    0.0
                ], 
                "abc": [
                    0.3741764720872773, 
                    0.4999999999999999, 
                    0.0
                ], 
                "properties": {}, 
                "species": [
                    {
                        "occu": 1, 
                        "element": "O"
                    }
                ]
            }, 
            {
                "label": "O", 
                "xyz": [
                    4.280774704986808, 
                    2.145575794914193, 
                    2.145575794914193
                ], 
                "abc": [
                    0.9975817948575445, 
                    0.4999999999999999, 
                    0.4999999999999999
                ], 
                "properties": {}, 
                "species": [
                    {
                        "occu": 1, 
                        "element": "O"
                    }
                ]
            }
        ], 
        "@class": "Structure", 
        "@module": "pymatgen.core.structure"
    }
}