{
    "A": "Na", 
    "gllbsc_ind-gap": 0.0, 
    "B": "Al", 
    "anion": "O3", 
    "CB_ind": 5.2281370570035115, 
    "anion_idx": 0, 
    "heat_of_formation_all": 0.64, 
    "CB_dir": 5.2281370570035115, 
    "filename": "/Users/ajain/Documents/papers_proposals/2012Paper_UNCOptimization/data/rawdata/abo3/e13b88f2b2242eea238792a37a7305c44ad2cc4a.json", 
    "sum_magnetic_moments": 1.999695752302321, 
    "VB_dir": 5.2281370570035115, 
    "VB_ind": 5.2281370570035115, 
    "is_direct": true, 
    "gllbsc_dir-gap": 0.0, 
    "FermiLevel": 0.0923512469453, 
    "XCFunctional": "RPBE", 
    "FermiWidth": 0.0018374654734, 
    "structure": {
        "lattice": {
            "a": 3.761405270989091, 
            "c": 3.761405270989091, 
            "b": 3.761405270989091, 
            "matrix": [
                [
                    3.761405270989091, 
                    0.0, 
                    0.0
                ], 
                [
                    0.0, 
                    3.761405270989091, 
                    0.0
                ], 
                [
                    0.0, 
                    0.0, 
                    3.761405270989091
                ]
            ], 
            "volume": 53.21699975577355, 
            "beta": 90.0, 
            "alpha": 90.0, 
            "gamma": 90.0
        }, 
        "sites": [
            {
                "label": "Na", 
                "xyz": [
                    0.00497618357301937, 
                    9.528080846452544e-18, 
                    0.0
                ], 
                "abc": [
                    0.0013229586323493516, 
                    2.5331173218532392e-18, 
                    0.0
                ], 
                "properties": {}, 
                "species": [
                    {
                        "occu": 1, 
                        "element": "Na"
                    }
                ]
            }, 
            {
                "label": "Al", 
                "xyz": [
                    1.8901078294621647, 
                    1.8807026354945453, 
                    1.8807026354945453
                ], 
                "abc": [
                    0.5025004468516486, 
                    0.49999999999999994, 
                    0.49999999999999994
                ], 
                "properties": {}, 
                "species": [
                    {
                        "occu": 1, 
                        "element": "Al"
                    }
                ]
            }, 
            {
                "label": "O", 
                "xyz": [
                    1.8950906764590394, 
                    0.0, 
                    1.8807026354945453
                ], 
                "abc": [
                    0.5038251770090997, 
                    0.0, 
                    0.49999999999999994
                ], 
                "properties": {}, 
                "species": [
                    {
                        "occu": 1, 
                        "element": "O"
                    }
                ]
            }, 
            {
                "label": "O", 
                "xyz": [
                    1.8950906764590394, 
                    1.8807026354945453, 
                    4.193716776997703e-25
                ], 
                "abc": [
                    0.5038251770090997, 
                    0.49999999999999994, 
                    1.114933508851848e-25
                ], 
                "properties": {}, 
                "species": [
                    {
                        "occu": 1, 
                        "element": "O"
                    }
                ]
            }, 
            {
                "label": "O", 
                "xyz": [
                    0.01108567161623188, 
                    1.8807026354945453, 
                    1.8807026354945453
                ], 
                "abc": [
                    0.002947215420187045, 
                    0.49999999999999994, 
                    0.49999999999999994
                ], 
                "properties": {}, 
                "species": [
                    {
                        "occu": 1, 
                        "element": "O"
                    }
                ]
            }
        ], 
        "@class": "Structure", 
        "@module": "pymatgen.core.structure"
    }
}