{
    "A": "Na", 
    "gllbsc_ind-gap": 0.0, 
    "B": "Al", 
    "anion": "N3", 
    "CB_ind": 5.119064774885979, 
    "anion_idx": 3, 
    "heat_of_formation_all": 2.04, 
    "CB_dir": 5.119064774885979, 
    "filename": "/Users/ajain/Documents/papers_proposals/2012Paper_UNCOptimization/data/rawdata/abn3/a8fd9066e7e942509c8f818c6b78349fbabe6c97.json", 
    "sum_magnetic_moments": 1.4653838997208695, 
    "VB_dir": 5.119064774885979, 
    "VB_ind": 5.119064774885979, 
    "is_direct": true, 
    "gllbsc_dir-gap": 0.0, 
    "FermiLevel": 0.127321035469, 
    "XCFunctional": "RPBE", 
    "FermiWidth": 0.0018374654734, 
    "structure": {
        "lattice": {
            "a": 3.850033987961638, 
            "c": 3.850033987961638, 
            "b": 3.850033987961638, 
            "matrix": [
                [
                    3.850033987961638, 
                    0.0, 
                    0.0
                ], 
                [
                    0.0, 
                    3.850033987961638, 
                    0.0
                ], 
                [
                    0.0, 
                    0.0, 
                    3.850033987961638
                ]
            ], 
            "volume": 57.06813637302653, 
            "beta": 90.0, 
            "alpha": 90.0, 
            "gamma": 90.0
        }, 
        "sites": [
            {
                "label": "Na", 
                "xyz": [
                    0.003718021922166731, 
                    0.0, 
                    0.0
                ], 
                "abc": [
                    0.0009657114544423023, 
                    0.0, 
                    0.0
                ], 
                "properties": {}, 
                "species": [
                    {
                        "occu": 1, 
                        "element": "Na"
                    }
                ]
            }, 
            {
                "label": "Al", 
                "xyz": [
                    1.931727203214413, 
                    1.9250169939808186, 
                    1.9250169939808186
                ], 
                "abc": [
                    0.5017428961028852, 
                    0.4999999999999999, 
                    0.4999999999999999
                ], 
                "properties": {}, 
                "species": [
                    {
                        "occu": 1, 
                        "element": "Al"
                    }
                ]
            }, 
            {
                "label": "N", 
                "xyz": [
                    1.9315384550513184, 
                    2.400419639742126e-20, 
                    1.9250169939808186
                ], 
                "abc": [
                    0.5016938710387728, 
                    6.2348011660359505e-21, 
                    0.4999999999999999
                ], 
                "properties": {}, 
                "species": [
                    {
                        "occu": 1, 
                        "element": "N"
                    }
                ]
            }, 
            {
                "label": "N", 
                "xyz": [
                    1.9315384550513184, 
                    1.9250169939808186, 
                    6.312820754677518e-20
                ], 
                "abc": [
                    0.5016938710387728, 
                    0.4999999999999999, 
                    1.639679227356582e-20
                ], 
                "properties": {}, 
                "species": [
                    {
                        "occu": 1, 
                        "element": "N"
                    }
                ]
            }, 
            {
                "label": "N", 
                "xyz": [
                    0.007323823188788309, 
                    1.9250169939808186, 
                    1.9250169939808186
                ], 
                "abc": [
                    0.0019022749439845422, 
                    0.4999999999999999, 
                    0.4999999999999999
                ], 
                "properties": {}, 
                "species": [
                    {
                        "occu": 1, 
                        "element": "N"
                    }
                ]
            }
        ], 
        "@class": "Structure", 
        "@module": "pymatgen.core.structure"
    }
}