{
    "A": "Na", 
    "gllbsc_ind-gap": 0.0, 
    "B": "Au", 
    "anion": "O2N", 
    "CB_ind": 5.837528411175242, 
    "anion_idx": 1, 
    "heat_of_formation_all": 1.74, 
    "CB_dir": 5.837528411175242, 
    "filename": "/Users/ajain/Documents/papers_proposals/2012Paper_UNCOptimization/data/rawdata/abo2n/80a28c3235b8d6e8fd1b1bee17bb1e7f05d816da.json", 
    "sum_magnetic_moments": 1.7445958983112195, 
    "VB_dir": 5.837528411175242, 
    "VB_ind": 5.837528411175242, 
    "is_direct": true, 
    "gllbsc_dir-gap": 0.0, 
    "FermiLevel": 0.111667333195, 
    "XCFunctional": "RPBE", 
    "FermiWidth": 0.0018374654734, 
    "structure": {
        "lattice": {
            "a": 4.107972012959234, 
            "c": 4.107972012959234, 
            "b": 4.107972012959234, 
            "matrix": [
                [
                    4.107972012959234, 
                    0.0, 
                    0.0
                ], 
                [
                    0.0, 
                    4.107972012959234, 
                    0.0
                ], 
                [
                    0.0, 
                    0.0, 
                    4.107972012959234
                ]
            ], 
            "volume": 69.32381082196407, 
            "beta": 90.0, 
            "alpha": 90.0, 
            "gamma": 90.0
        }, 
        "sites": [
            {
                "label": "Na", 
                "xyz": [
                    0.3326517707486937, 
                    0.0, 
                    1.1835474624909456e-16
                ], 
                "abc": [
                    0.08097712684003011, 
                    0.0, 
                    2.881099137864771e-17
                ], 
                "properties": {}, 
                "species": [
                    {
                        "occu": 1, 
                        "element": "Na"
                    }
                ]
            }, 
            {
                "label": "Au", 
                "xyz": [
                    2.2521424150424467, 
                    2.053986006479617, 
                    2.053986006479617
                ], 
                "abc": [
                    0.548237039575176, 
                    0.5, 
                    0.5
                ], 
                "properties": {}, 
                "species": [
                    {
                        "occu": 1, 
                        "element": "Au"
                    }
                ]
            }, 
            {
                "label": "N", 
                "xyz": [
                    1.8693288380082793, 
                    2.3715788817410174e-18, 
                    2.053986006479617
                ], 
                "abc": [
                    0.45504906852120514, 
                    5.773113532077396e-19, 
                    0.5
                ], 
                "properties": {}, 
                "species": [
                    {
                        "occu": 1, 
                        "element": "N"
                    }
                ]
            }, 
            {
                "label": "O", 
                "xyz": [
                    1.7759374506442709, 
                    2.053986006479617, 
                    0.0
                ], 
                "abc": [
                    0.432314885554673, 
                    0.5, 
                    0.0
                ], 
                "properties": {}, 
                "species": [
                    {
                        "occu": 1, 
                        "element": "O"
                    }
                ]
            }, 
            {
                "label": "O", 
                "xyz": [
                    0.10481487585003343, 
                    2.053986006479617, 
                    2.053986006479617
                ], 
                "abc": [
                    0.02551499268236947, 
                    0.5, 
                    0.5
                ], 
                "properties": {}, 
                "species": [
                    {
                        "occu": 1, 
                        "element": "O"
                    }
                ]
            }
        ], 
        "@class": "Structure", 
        "@module": "pymatgen.core.structure"
    }
}