{
    "A": "Na", 
    "gllbsc_ind-gap": 0.0, 
    "B": "Bi", 
    "anion": "O2N", 
    "CB_ind": 5.45459121928917, 
    "anion_idx": 1, 
    "heat_of_formation_all": 1.14, 
    "CB_dir": 5.45459121928917, 
    "filename": "/Users/ajain/Documents/papers_proposals/2012Paper_UNCOptimization/data/rawdata/abo2n/56f500342a6e7421dfd043a183d01d31c3443f94.json", 
    "sum_magnetic_moments": 1.3216985441647628, 
    "VB_dir": 5.45459121928917, 
    "VB_ind": 5.45459121928917, 
    "is_direct": true, 
    "gllbsc_dir-gap": 0.0, 
    "FermiLevel": 0.123594663162, 
    "XCFunctional": "RPBE", 
    "FermiWidth": 0.0018374654734, 
    "structure": {
        "lattice": {
            "a": 4.315021247209048, 
            "c": 4.315021247209048, 
            "b": 4.315021247209048, 
            "matrix": [
                [
                    4.315021247209048, 
                    0.0, 
                    0.0
                ], 
                [
                    0.0, 
                    4.315021247209048, 
                    0.0
                ], 
                [
                    0.0, 
                    0.0, 
                    4.315021247209048
                ]
            ], 
            "volume": 80.34314270054159, 
            "beta": 90.0, 
            "alpha": 90.0, 
            "gamma": 90.0
        }, 
        "sites": [
            {
                "label": "Na", 
                "xyz": [
                    0.0037874148183726143, 
                    0.0, 
                    8.611980794356539e-19
                ], 
                "abc": [
                    0.0008777279650296765, 
                    0.0, 
                    1.995814226853868e-19
                ], 
                "properties": {}, 
                "species": [
                    {
                        "occu": 1, 
                        "element": "Na"
                    }
                ]
            }, 
            {
                "label": "Bi", 
                "xyz": [
                    2.1895505869497067, 
                    2.157510623604524, 
                    2.157510623604524
                ], 
                "abc": [
                    0.5074252156616624, 
                    0.5, 
                    0.5
                ], 
                "properties": {}, 
                "species": [
                    {
                        "occu": 1, 
                        "element": "Bi"
                    }
                ]
            }, 
            {
                "label": "N", 
                "xyz": [
                    2.1560769160916817, 
                    9.297274806255819e-21, 
                    2.157510623604524
                ], 
                "abc": [
                    0.49966774033528355, 
                    2.1546301335756546e-21, 
                    0.5
                ], 
                "properties": {}, 
                "species": [
                    {
                        "occu": 1, 
                        "element": "N"
                    }
                ]
            }, 
            {
                "label": "O", 
                "xyz": [
                    2.1590108861648805, 
                    2.157510623604524, 
                    9.466700907520543e-21
                ], 
                "abc": [
                    0.5003476837017493, 
                    0.5, 
                    2.193894390124637e-21
                ], 
                "properties": {}, 
                "species": [
                    {
                        "occu": 1, 
                        "element": "O"
                    }
                ]
            }, 
            {
                "label": "O", 
                "xyz": [
                    0.020522081440360006, 
                    2.157510623604524, 
                    2.157510623604524
                ], 
                "abc": [
                    0.0047559630102942535, 
                    0.5, 
                    0.5
                ], 
                "properties": {}, 
                "species": [
                    {
                        "occu": 1, 
                        "element": "O"
                    }
                ]
            }
        ], 
        "@class": "Structure", 
        "@module": "pymatgen.core.structure"
    }
}