{
    "A": "Na", 
    "gllbsc_ind-gap": 0.0, 
    "B": "Bi", 
    "anion": "OFN", 
    "CB_ind": 5.819603008125629, 
    "anion_idx": 5, 
    "heat_of_formation_all": 1.22, 
    "CB_dir": 5.819603008125629, 
    "filename": "/Users/ajain/Documents/papers_proposals/2012Paper_UNCOptimization/data/rawdata/abofn/80765e361d831d4730e73d9c64cb4f72902473f9.json", 
    "sum_magnetic_moments": 0.9725567778182054, 
    "VB_dir": 5.819603008125629, 
    "VB_ind": 5.819603008125629, 
    "is_direct": true, 
    "gllbsc_dir-gap": 0.0, 
    "FermiLevel": 0.103962580725, 
    "XCFunctional": "RPBE", 
    "FermiWidth": 0.0036749309468, 
    "structure": {
        "lattice": {
            "a": 4.5014499201040366, 
            "c": 4.5014499201040366, 
            "b": 4.5014499201040366, 
            "matrix": [
                [
                    4.5014499201040366, 
                    0.0, 
                    0.0
                ], 
                [
                    0.0, 
                    4.5014499201040366, 
                    0.0
                ], 
                [
                    0.0, 
                    0.0, 
                    4.5014499201040366
                ]
            ], 
            "volume": 91.2131110299905, 
            "beta": 90.0, 
            "alpha": 90.0, 
            "gamma": 90.0
        }, 
        "sites": [
            {
                "label": "Na", 
                "xyz": [
                    0.0026766282623888835, 
                    0.0, 
                    0.0
                ], 
                "abc": [
                    0.0005946146930202929, 
                    0.0, 
                    0.0
                ], 
                "properties": {}, 
                "species": [
                    {
                        "occu": 1, 
                        "element": "Na"
                    }
                ]
            }, 
            {
                "label": "Bi", 
                "xyz": [
                    2.272349874274352, 
                    2.250724960052019, 
                    2.250724960052019
                ], 
                "abc": [
                    0.5048039886272542, 
                    0.5000000000000002, 
                    0.5000000000000002
                ], 
                "properties": {}, 
                "species": [
                    {
                        "occu": 1, 
                        "element": "Bi"
                    }
                ]
            }, 
            {
                "label": "F", 
                "xyz": [
                    2.2498602058826362, 
                    0.0, 
                    2.250724960052019
                ], 
                "abc": [
                    0.49980789430411743, 
                    0.0, 
                    0.5000000000000002
                ], 
                "properties": {}, 
                "species": [
                    {
                        "occu": 1, 
                        "element": "F"
                    }
                ]
            }, 
            {
                "label": "N", 
                "xyz": [
                    2.2507992648840927, 
                    2.250724960052019, 
                    0.0
                ], 
                "abc": [
                    0.5000165068663194, 
                    0.5000000000000002, 
                    0.0
                ], 
                "properties": {}, 
                "species": [
                    {
                        "occu": 1, 
                        "element": "N"
                    }
                ]
            }, 
            {
                "label": "O", 
                "xyz": [
                    0.020652657400993684, 
                    2.250724960052019, 
                    2.250724960052019
                ], 
                "abc": [
                    0.004588001147975976, 
                    0.5000000000000002, 
                    0.5000000000000002
                ], 
                "properties": {}, 
                "species": [
                    {
                        "occu": 1, 
                        "element": "O"
                    }
                ]
            }
        ], 
        "@class": "Structure", 
        "@module": "pymatgen.core.structure"
    }
}