{
    "A": "Na", 
    "gllbsc_ind-gap": 0.0, 
    "B": "Ca", 
    "anion": "N3", 
    "CB_ind": 4.746507316813738, 
    "anion_idx": 3, 
    "heat_of_formation_all": 2.84, 
    "CB_dir": 4.746507316813738, 
    "filename": "/Users/ajain/Documents/papers_proposals/2012Paper_UNCOptimization/data/rawdata/abn3/d3371f6c2c8d374fa5c8547f497d768e148e3561.json", 
    "sum_magnetic_moments": 1.641012960921394, 
    "VB_dir": 4.746507316813738, 
    "VB_ind": 4.746507316813738, 
    "is_direct": true, 
    "gllbsc_dir-gap": 0.0, 
    "FermiLevel": 0.109642883649, 
    "XCFunctional": "RPBE", 
    "FermiWidth": 0.0018374654734, 
    "structure": {
        "lattice": {
            "a": 4.3628666387704245, 
            "c": 4.3628666387704245, 
            "b": 4.3628666387704245, 
            "matrix": [
                [
                    4.3628666387704245, 
                    0.0, 
                    0.0
                ], 
                [
                    0.0, 
                    4.3628666387704245, 
                    0.0
                ], 
                [
                    0.0, 
                    0.0, 
                    4.3628666387704245
                ]
            ], 
            "volume": 83.04544447910907, 
            "beta": 90.0, 
            "alpha": 90.0, 
            "gamma": 90.0
        }, 
        "sites": [
            {
                "label": "Na", 
                "xyz": [
                    0.7026069772752733, 
                    2.6683645302176103e-17, 
                    1.7697938628018338e-16
                ], 
                "abc": [
                    0.161042506097158, 
                    6.116080896228423e-18, 
                    4.056493148506162e-17
                ], 
                "properties": {}, 
                "species": [
                    {
                        "occu": 1, 
                        "element": "Na"
                    }
                ]
            }, 
            {
                "label": "Ca", 
                "xyz": [
                    3.0579657853815077, 
                    2.1814333193852122, 
                    2.1814333193852122
                ], 
                "abc": [
                    0.7009074625859585, 
                    0.5, 
                    0.5
                ], 
                "properties": {}, 
                "species": [
                    {
                        "occu": 1, 
                        "element": "Ca"
                    }
                ]
            }, 
            {
                "label": "N", 
                "xyz": [
                    1.2837068558611382, 
                    0.0, 
                    2.1814333193852122
                ], 
                "abc": [
                    0.29423472275167273, 
                    0.0, 
                    0.5
                ], 
                "properties": {}, 
                "species": [
                    {
                        "occu": 1, 
                        "element": "N"
                    }
                ]
            }, 
            {
                "label": "N", 
                "xyz": [
                    1.2837068558611382, 
                    2.1814333193852122, 
                    4.742884849458668e-18
                ], 
                "abc": [
                    0.29423472275167273, 
                    0.5, 
                    1.0871028711515562e-18
                ], 
                "properties": {}, 
                "species": [
                    {
                        "occu": 1, 
                        "element": "N"
                    }
                ]
            }, 
            {
                "label": "N", 
                "xyz": [
                    0.921495579024942, 
                    2.1814333193852122, 
                    2.1814333193852122
                ], 
                "abc": [
                    0.21121332722758737, 
                    0.5, 
                    0.5
                ], 
                "properties": {}, 
                "species": [
                    {
                        "occu": 1, 
                        "element": "N"
                    }
                ]
            }
        ], 
        "@class": "Structure", 
        "@module": "pymatgen.core.structure"
    }
}