{
    "A": "Na", 
    "gllbsc_ind-gap": 0.0, 
    "B": "Cd", 
    "anion": "O2N", 
    "CB_ind": 5.537000846388637, 
    "anion_idx": 1, 
    "heat_of_formation_all": 1.6, 
    "CB_dir": 5.537000846388637, 
    "filename": "/Users/ajain/Documents/papers_proposals/2012Paper_UNCOptimization/data/rawdata/abo2n/919b04f19dc6b7e56839dd3899241d527eba5a76.json", 
    "sum_magnetic_moments": 3.159246057253938, 
    "VB_dir": 5.537000846388637, 
    "VB_ind": 5.537000846388637, 
    "is_direct": true, 
    "gllbsc_dir-gap": 0.0, 
    "FermiLevel": 0.0633966306879, 
    "XCFunctional": "RPBE", 
    "FermiWidth": 0.0018374654734, 
    "structure": {
        "lattice": {
            "a": 4.28978434161455, 
            "c": 4.28978434161455, 
            "b": 4.28978434161455, 
            "matrix": [
                [
                    4.28978434161455, 
                    0.0, 
                    0.0
                ], 
                [
                    0.0, 
                    4.28978434161455, 
                    0.0
                ], 
                [
                    0.0, 
                    0.0, 
                    4.28978434161455
                ]
            ], 
            "volume": 78.94168260307988, 
            "beta": 90.0, 
            "alpha": 90.0, 
            "gamma": 90.0
        }, 
        "sites": [
            {
                "label": "Na", 
                "xyz": [
                    0.002878425000240181, 
                    2.9015879961091347e-18, 
                    5.979330186381285e-19
                ], 
                "abc": [
                    0.0006709952694630858, 
                    6.763948406359891e-19, 
                    1.3938533292633632e-19
                ], 
                "properties": {}, 
                "species": [
                    {
                        "occu": 1, 
                        "element": "Na"
                    }
                ]
            }, 
            {
                "label": "Cd", 
                "xyz": [
                    2.145476111311589, 
                    2.144892170807275, 
                    2.144892170807275
                ], 
                "abc": [
                    0.5001361235106039, 
                    0.5, 
                    0.5
                ], 
                "properties": {}, 
                "species": [
                    {
                        "occu": 1, 
                        "element": "Cd"
                    }
                ]
            }, 
            {
                "label": "N", 
                "xyz": [
                    2.1137013874220187, 
                    1.0596383438128254e-18, 
                    2.144892170807275
                ], 
                "abc": [
                    0.49272905561179864, 
                    2.470143623616306e-19, 
                    0.5
                ], 
                "properties": {}, 
                "species": [
                    {
                        "occu": 1, 
                        "element": "N"
                    }
                ]
            }, 
            {
                "label": "O", 
                "xyz": [
                    2.1452912742374943, 
                    2.144892170807275, 
                    1.454400618309188e-18
                ], 
                "abc": [
                    0.5000930357795257, 
                    0.5, 
                    3.3903816660438317e-19
                ], 
                "properties": {}, 
                "species": [
                    {
                        "occu": 1, 
                        "element": "O"
                    }
                ]
            }, 
            {
                "label": "O", 
                "xyz": [
                    4.287892612407027, 
                    2.144892170807275, 
                    2.144892170807275
                ], 
                "abc": [
                    0.9995590153124548, 
                    0.5, 
                    0.5
                ], 
                "properties": {}, 
                "species": [
                    {
                        "occu": 1, 
                        "element": "O"
                    }
                ]
            }
        ], 
        "@class": "Structure", 
        "@module": "pymatgen.core.structure"
    }
}