{
    "A": "Na", 
    "gllbsc_ind-gap": 0.0, 
    "B": "Cr", 
    "anion": "O3", 
    "CB_ind": 5.384613623913114, 
    "anion_idx": 0, 
    "heat_of_formation_all": 0.06, 
    "CB_dir": 5.384613623913114, 
    "filename": "/Users/ajain/Documents/papers_proposals/2012Paper_UNCOptimization/data/rawdata/abo3/e0b39c94eb6d8b55c52bcb0c863dfbe1bacc80cc.json", 
    "sum_magnetic_moments": 0.3189902199643199, 
    "VB_dir": 5.384613623913114, 
    "VB_ind": 5.384613623913114, 
    "is_direct": true, 
    "gllbsc_dir-gap": 0.0, 
    "FermiLevel": 0.157599442552, 
    "XCFunctional": "RPBE", 
    "FermiWidth": 0.0018374654734, 
    "structure": {
        "lattice": {
            "a": 3.741980899469304, 
            "c": 3.741980899469304, 
            "b": 3.741980899469304, 
            "matrix": [
                [
                    3.741980899469304, 
                    0.0, 
                    0.0
                ], 
                [
                    0.0, 
                    3.741980899469304, 
                    0.0
                ], 
                [
                    0.0, 
                    0.0, 
                    3.741980899469304
                ]
            ], 
            "volume": 52.39679212288505, 
            "beta": 90.0, 
            "alpha": 90.0, 
            "gamma": 90.0
        }, 
        "sites": [
            {
                "label": "Na", 
                "xyz": [
                    0.03538741556341819, 
                    1.3864516945558963e-17, 
                    0.0
                ], 
                "abc": [
                    0.009456866968090862, 
                    3.705127663138329e-18, 
                    0.0
                ], 
                "properties": {}, 
                "species": [
                    {
                        "occu": 1, 
                        "element": "Na"
                    }
                ]
            }, 
            {
                "label": "Cr", 
                "xyz": [
                    1.9621102801167631, 
                    1.8709904497346517, 
                    1.8709904497346517
                ], 
                "abc": [
                    0.5243506936112459, 
                    0.49999999999999994, 
                    0.49999999999999994
                ], 
                "properties": {}, 
                "species": [
                    {
                        "occu": 1, 
                        "element": "Cr"
                    }
                ]
            }, 
            {
                "label": "O", 
                "xyz": [
                    1.844076581598337, 
                    1.9454518684992583e-20, 
                    1.8709904497346517
                ], 
                "abc": [
                    0.4928075880504543, 
                    5.19898930744186e-21, 
                    0.49999999999999994
                ], 
                "properties": {}, 
                "species": [
                    {
                        "occu": 1, 
                        "element": "O"
                    }
                ]
            }, 
            {
                "label": "O", 
                "xyz": [
                    1.844076581598337, 
                    1.8709904497346517, 
                    0.0
                ], 
                "abc": [
                    0.4928075880504543, 
                    0.49999999999999994, 
                    0.0
                ], 
                "properties": {}, 
                "species": [
                    {
                        "occu": 1, 
                        "element": "O"
                    }
                ]
            }, 
            {
                "label": "O", 
                "xyz": [
                    3.7165939906030374, 
                    1.8709904497346517, 
                    1.8709904497346517
                ], 
                "abc": [
                    0.9932156497993171, 
                    0.49999999999999994, 
                    0.49999999999999994
                ], 
                "properties": {}, 
                "species": [
                    {
                        "occu": 1, 
                        "element": "O"
                    }
                ]
            }
        ], 
        "@class": "Structure", 
        "@module": "pymatgen.core.structure"
    }
}