{
    "A": "Na", 
    "gllbsc_ind-gap": 0.0, 
    "B": "Ta", 
    "anion": "O2F", 
    "CB_ind": 5.85779109832235, 
    "anion_idx": 4, 
    "heat_of_formation_all": 0.02, 
    "CB_dir": 5.85779109832235, 
    "filename": "/Users/ajain/Documents/papers_proposals/2012Paper_UNCOptimization/data/rawdata/abo2f/5cd8bb51284768898ea79f6e1df92e0aac619d77.json", 
    "sum_magnetic_moments": 3.486510708246055e-08, 
    "VB_dir": 5.85779109832235, 
    "VB_ind": 5.85779109832235, 
    "is_direct": true, 
    "gllbsc_dir-gap": 0.0, 
    "FermiLevel": 0.224976882928, 
    "XCFunctional": "RPBE", 
    "FermiWidth": 0.0036749309468, 
    "structure": {
        "lattice": {
            "a": 4.129463266942446, 
            "c": 4.129463266942446, 
            "b": 4.129463266942446, 
            "matrix": [
                [
                    4.129463266942446, 
                    0.0, 
                    0.0
                ], 
                [
                    0.0, 
                    4.129463266942446, 
                    0.0
                ], 
                [
                    0.0, 
                    0.0, 
                    4.129463266942446
                ]
            ], 
            "volume": 70.41753556291783, 
            "beta": 90.0, 
            "alpha": 90.0, 
            "gamma": 90.0
        }, 
        "sites": [
            {
                "label": "Na", 
                "xyz": [
                    0.0016744968456594161, 
                    0.0, 
                    0.0
                ], 
                "abc": [
                    0.00040549987671866465, 
                    0.0, 
                    0.0
                ], 
                "properties": {}, 
                "species": [
                    {
                        "occu": 1, 
                        "element": "Na"
                    }
                ]
            }, 
            {
                "label": "Ta", 
                "xyz": [
                    2.0802603238175554, 
                    2.064731633471223, 
                    2.064731633471223
                ], 
                "abc": [
                    0.5037604621575505, 
                    0.5, 
                    0.5
                ], 
                "properties": {}, 
                "species": [
                    {
                        "occu": 1, 
                        "element": "Ta"
                    }
                ]
            }, 
            {
                "label": "F", 
                "xyz": [
                    2.0668601497965735, 
                    0.0, 
                    2.064731633471223
                ], 
                "abc": [
                    0.500515446242709, 
                    0.0, 
                    0.5
                ], 
                "properties": {}, 
                "species": [
                    {
                        "occu": 1, 
                        "element": "F"
                    }
                ]
            }, 
            {
                "label": "O", 
                "xyz": [
                    2.0694846896707664, 
                    2.064731633471223, 
                    0.0
                ], 
                "abc": [
                    0.5011510106501232, 
                    0.5, 
                    0.0
                ], 
                "properties": {}, 
                "species": [
                    {
                        "occu": 1, 
                        "element": "O"
                    }
                ]
            }, 
            {
                "label": "O", 
                "xyz": [
                    0.017402408621385503, 
                    2.064731633471223, 
                    2.064731633471223
                ], 
                "abc": [
                    0.004214205938262447, 
                    0.5, 
                    0.5
                ], 
                "properties": {}, 
                "species": [
                    {
                        "occu": 1, 
                        "element": "O"
                    }
                ]
            }
        ], 
        "@class": "Structure", 
        "@module": "pymatgen.core.structure"
    }
}