{
    "A": "Na", 
    "gllbsc_ind-gap": 0.0, 
    "B": "V", 
    "anion": "O2S", 
    "CB_ind": 5.148794275606145, 
    "anion_idx": 6, 
    "heat_of_formation_all": 0.62, 
    "CB_dir": 5.148794275606145, 
    "filename": "/Users/ajain/Documents/papers_proposals/2012Paper_UNCOptimization/data/rawdata/abo2s/0352947d7d671d5edea7a52198409925f889b51f.json", 
    "sum_magnetic_moments": 4.8577657892678885e-05, 
    "VB_dir": 5.148794275606145, 
    "VB_ind": 5.148794275606145, 
    "is_direct": true, 
    "gllbsc_dir-gap": 0.0, 
    "FermiLevel": 0.10940354175, 
    "XCFunctional": "RPBE", 
    "FermiWidth": 0.0018374654734, 
    "structure": {
        "lattice": {
            "a": 4.238910351695317, 
            "c": 4.238910351695317, 
            "b": 4.238910351695317, 
            "matrix": [
                [
                    4.238910351695317, 
                    0.0, 
                    0.0
                ], 
                [
                    0.0, 
                    4.238910351695317, 
                    0.0
                ], 
                [
                    0.0, 
                    0.0, 
                    4.238910351695317
                ]
            ], 
            "volume": 76.16627131750063, 
            "beta": 90.0, 
            "alpha": 90.0, 
            "gamma": 90.0
        }, 
        "sites": [
            {
                "label": "Na", 
                "xyz": [
                    3.976824839114977, 
                    0.0, 
                    0.0
                ], 
                "abc": [
                    0.9381714896434361, 
                    0.0, 
                    0.0
                ], 
                "properties": {}, 
                "species": [
                    {
                        "occu": 1, 
                        "element": "Na"
                    }
                ]
            }, 
            {
                "label": "V", 
                "xyz": [
                    2.5295820180688047, 
                    2.119455175847659, 
                    2.119455175847659
                ], 
                "abc": [
                    0.5967528935961383, 
                    0.5000000000000001, 
                    0.5000000000000001
                ], 
                "properties": {}, 
                "species": [
                    {
                        "occu": 1, 
                        "element": "V"
                    }
                ]
            }, 
            {
                "label": "S", 
                "xyz": [
                    1.6885297291467989, 
                    0.0, 
                    2.119455175847659
                ], 
                "abc": [
                    0.3983405142011285, 
                    0.0, 
                    0.5000000000000001
                ], 
                "properties": {}, 
                "species": [
                    {
                        "occu": 1, 
                        "element": "S"
                    }
                ]
            }, 
            {
                "label": "O", 
                "xyz": [
                    2.459426380295635, 
                    2.119455175847659, 
                    0.0
                ], 
                "abc": [
                    0.5802024992842814, 
                    0.5000000000000001, 
                    0.0
                ], 
                "properties": {}, 
                "species": [
                    {
                        "occu": 1, 
                        "element": "O"
                    }
                ]
            }, 
            {
                "label": "O", 
                "xyz": [
                    4.22746420585698, 
                    2.119455175847659, 
                    2.119455175847659
                ], 
                "abc": [
                    0.9972997433565068, 
                    0.5000000000000001, 
                    0.5000000000000001
                ], 
                "properties": {}, 
                "species": [
                    {
                        "occu": 1, 
                        "element": "O"
                    }
                ]
            }
        ], 
        "@class": "Structure", 
        "@module": "pymatgen.core.structure"
    }
}