{
    "A": "Na", 
    "gllbsc_ind-gap": 0.0, 
    "B": "Zn", 
    "anion": "N3", 
    "CB_ind": 5.464640804953889, 
    "anion_idx": 3, 
    "heat_of_formation_all": 2.48, 
    "CB_dir": 5.464640804953889, 
    "filename": "/Users/ajain/Documents/papers_proposals/2012Paper_UNCOptimization/data/rawdata/abn3/579ff540862c88908a1a9f3695c12d6d9e243e40.json", 
    "sum_magnetic_moments": 0.4765861202433665, 
    "VB_dir": 5.464640804953889, 
    "VB_ind": 5.464640804953889, 
    "is_direct": true, 
    "gllbsc_dir-gap": 0.0, 
    "FermiLevel": 0.171281501474, 
    "XCFunctional": "RPBE", 
    "FermiWidth": 0.0018374654734, 
    "structure": {
        "lattice": {
            "a": 3.839262519999891, 
            "c": 3.839262519999891, 
            "b": 3.839262519999891, 
            "matrix": [
                [
                    3.839262519999891, 
                    0.0, 
                    0.0
                ], 
                [
                    0.0, 
                    3.839262519999891, 
                    0.0
                ], 
                [
                    0.0, 
                    0.0, 
                    3.839262519999891
                ]
            ], 
            "volume": 56.59048650979024, 
            "beta": 90.0, 
            "alpha": 90.0, 
            "gamma": 90.0
        }, 
        "sites": [
            {
                "label": "Na", 
                "xyz": [
                    0.2655690676576729, 
                    3.83926251999989, 
                    3.83926251999989
                ], 
                "abc": [
                    0.06917189597591791, 
                    0.9999999999999998, 
                    0.9999999999999998
                ], 
                "properties": {}, 
                "species": [
                    {
                        "occu": 1, 
                        "element": "Na"
                    }
                ]
            }, 
            {
                "label": "Zn", 
                "xyz": [
                    2.837387104738094, 
                    1.9196312599999452, 
                    1.9196312599999452
                ], 
                "abc": [
                    0.7390448269575935, 
                    0.49999999999999994, 
                    0.49999999999999994
                ], 
                "properties": {}, 
                "species": [
                    {
                        "occu": 1, 
                        "element": "Zn"
                    }
                ]
            }, 
            {
                "label": "N", 
                "xyz": [
                    1.713624457844747, 
                    2.9485146282454556e-17, 
                    1.9196312599999452
                ], 
                "abc": [
                    0.4463420901587099, 
                    7.679898451553502e-18, 
                    0.49999999999999994
                ], 
                "properties": {}, 
                "species": [
                    {
                        "occu": 1, 
                        "element": "N"
                    }
                ]
            }, 
            {
                "label": "N", 
                "xyz": [
                    1.7136244578447506, 
                    1.9196312599999452, 
                    2.645524406924442e-18
                ], 
                "abc": [
                    0.44634209015871085, 
                    0.49999999999999994, 
                    6.890709851548566e-19
                ], 
                "properties": {}, 
                "species": [
                    {
                        "occu": 1, 
                        "element": "N"
                    }
                ]
            }, 
            {
                "label": "N", 
                "xyz": [
                    0.9332232088384542, 
                    1.9196312599999452, 
                    1.9196312599999452
                ], 
                "abc": [
                    0.24307356008530534, 
                    0.49999999999999994, 
                    0.49999999999999994
                ], 
                "properties": {}, 
                "species": [
                    {
                        "occu": 1, 
                        "element": "N"
                    }
                ]
            }
        ], 
        "@class": "Structure", 
        "@module": "pymatgen.core.structure"
    }
}