{
    "A": "Nb", 
    "gllbsc_ind-gap": 0.0, 
    "B": "Be", 
    "anion": "O3", 
    "CB_ind": 6.088750804906989, 
    "anion_idx": 0, 
    "heat_of_formation_all": 0.78, 
    "CB_dir": 6.088750804906989, 
    "filename": "/Users/ajain/Documents/papers_proposals/2012Paper_UNCOptimization/data/rawdata/abo3/4f23cd701218e777c52f6a69172872821f94fdd9.json", 
    "sum_magnetic_moments": -0.002743022656348864, 
    "VB_dir": 6.088750804906989, 
    "VB_ind": 6.088750804906989, 
    "is_direct": true, 
    "gllbsc_dir-gap": 0.0, 
    "FermiLevel": 0.37963825946, 
    "XCFunctional": "RPBE", 
    "FermiWidth": 0.0018374654734, 
    "structure": {
        "lattice": {
            "a": 3.442754355330695, 
            "c": 3.442754355330695, 
            "b": 3.442754355330695, 
            "matrix": [
                [
                    3.442754355330695, 
                    0.0, 
                    0.0
                ], 
                [
                    0.0, 
                    3.442754355330695, 
                    0.0
                ], 
                [
                    0.0, 
                    0.0, 
                    3.442754355330695
                ]
            ], 
            "volume": 40.8054441310241, 
            "beta": 90.0, 
            "alpha": 90.0, 
            "gamma": 90.0
        }, 
        "sites": [
            {
                "label": "Nb", 
                "xyz": [
                    0.011714939583679671, 
                    0.0, 
                    0.0
                ], 
                "abc": [
                    0.0034027811381722554, 
                    0.0, 
                    0.0
                ], 
                "properties": {}, 
                "species": [
                    {
                        "occu": 1, 
                        "element": "Nb"
                    }
                ]
            }, 
            {
                "label": "Be", 
                "xyz": [
                    1.727982178524942, 
                    1.7213771776653473, 
                    1.7213771776653473
                ], 
                "abc": [
                    0.5019185222580193, 
                    0.49999999999999994, 
                    0.49999999999999994
                ], 
                "properties": {}, 
                "species": [
                    {
                        "occu": 1, 
                        "element": "Be"
                    }
                ]
            }, 
            {
                "label": "O", 
                "xyz": [
                    1.7284000937821615, 
                    6.04776613655162e-20, 
                    1.7213771776653473
                ], 
                "abc": [
                    0.5020399120564439, 
                    1.7566650165404262e-20, 
                    0.49999999999999994
                ], 
                "properties": {}, 
                "species": [
                    {
                        "occu": 1, 
                        "element": "O"
                    }
                ]
            }, 
            {
                "label": "O", 
                "xyz": [
                    1.7284000937821615, 
                    1.7213771776653473, 
                    7.336543947999175e-37
                ], 
                "abc": [
                    0.5020399120564439, 
                    0.49999999999999994, 
                    2.131009996876312e-37
                ], 
                "properties": {}, 
                "species": [
                    {
                        "occu": 1, 
                        "element": "O"
                    }
                ]
            }, 
            {
                "label": "O", 
                "xyz": [
                    0.007682329190188765, 
                    1.7213771776653473, 
                    1.7213771776653473
                ], 
                "abc": [
                    0.0022314485430229994, 
                    0.49999999999999994, 
                    0.49999999999999994
                ], 
                "properties": {}, 
                "species": [
                    {
                        "occu": 1, 
                        "element": "O"
                    }
                ]
            }
        ], 
        "@class": "Structure", 
        "@module": "pymatgen.core.structure"
    }
}