{
    "A": "Nb", 
    "gllbsc_ind-gap": 0.0, 
    "B": "B", 
    "anion": "O2F", 
    "CB_ind": 6.325743721083167, 
    "anion_idx": 4, 
    "heat_of_formation_all": 1.4, 
    "CB_dir": 6.325743721083167, 
    "filename": "/Users/ajain/Documents/papers_proposals/2012Paper_UNCOptimization/data/rawdata/abo2f/526d3350662079c5822ec3227f29d2e97559a3f7.json", 
    "sum_magnetic_moments": 2.7129864569673434, 
    "VB_dir": 6.325743721083167, 
    "VB_ind": 6.325743721083167, 
    "is_direct": true, 
    "gllbsc_dir-gap": 0.0, 
    "FermiLevel": 0.342245657065, 
    "XCFunctional": "RPBE", 
    "FermiWidth": 0.0036749309468, 
    "structure": {
        "lattice": {
            "a": 3.6620511686224857, 
            "c": 3.6620511686224857, 
            "b": 3.6620511686224857, 
            "matrix": [
                [
                    3.6620511686224857, 
                    0.0, 
                    0.0
                ], 
                [
                    0.0, 
                    3.6620511686224857, 
                    0.0
                ], 
                [
                    0.0, 
                    0.0, 
                    3.6620511686224857
                ]
            ], 
            "volume": 49.110372107902016, 
            "beta": 90.0, 
            "alpha": 90.0, 
            "gamma": 90.0
        }, 
        "sites": [
            {
                "label": "Nb", 
                "xyz": [
                    0.043338561888934306, 
                    0.0, 
                    0.0
                ], 
                "abc": [
                    0.011834504733377745, 
                    0.0, 
                    0.0
                ], 
                "properties": {}, 
                "species": [
                    {
                        "occu": 1, 
                        "element": "Nb"
                    }
                ]
            }, 
            {
                "label": "B", 
                "xyz": [
                    2.144509117146999, 
                    1.8310255843112428, 
                    1.8310255843112428
                ], 
                "abc": [
                    0.5856032639635879, 
                    0.5, 
                    0.5
                ], 
                "properties": {}, 
                "species": [
                    {
                        "occu": 1, 
                        "element": "B"
                    }
                ]
            }, 
            {
                "label": "F", 
                "xyz": [
                    1.7384460740746268, 
                    0.0, 
                    1.8310255843112428
                ], 
                "abc": [
                    0.47471921991973676, 
                    0.0, 
                    0.5
                ], 
                "properties": {}, 
                "species": [
                    {
                        "occu": 1, 
                        "element": "F"
                    }
                ]
            }, 
            {
                "label": "O", 
                "xyz": [
                    1.7365398714612945, 
                    1.8310255843112428, 
                    0.0
                ], 
                "abc": [
                    0.4741986912527249, 
                    0.5, 
                    0.0
                ], 
                "properties": {}, 
                "species": [
                    {
                        "occu": 1, 
                        "element": "O"
                    }
                ]
            }, 
            {
                "label": "O", 
                "xyz": [
                    3.523174301123296, 
                    1.8310255843112428, 
                    1.8310255843112428
                ], 
                "abc": [
                    0.9620767539544158, 
                    0.5, 
                    0.5
                ], 
                "properties": {}, 
                "species": [
                    {
                        "occu": 1, 
                        "element": "O"
                    }
                ]
            }
        ], 
        "@class": "Structure", 
        "@module": "pymatgen.core.structure"
    }
}