{
    "A": "Nb", 
    "gllbsc_ind-gap": 0.0, 
    "B": "Ca", 
    "anion": "OFN", 
    "CB_ind": 5.496073825920371, 
    "anion_idx": 5, 
    "heat_of_formation_all": 2.18, 
    "CB_dir": 5.496073825920371, 
    "filename": "/Users/ajain/Documents/papers_proposals/2012Paper_UNCOptimization/data/rawdata/abofn/ccc99fe34af931f430f4bb6d3cc5906791738fe8.json", 
    "sum_magnetic_moments": 1.0010617007436495, 
    "VB_dir": 5.496073825920371, 
    "VB_ind": 5.496073825920371, 
    "is_direct": true, 
    "gllbsc_dir-gap": 0.0, 
    "FermiLevel": 0.159887793492, 
    "XCFunctional": "RPBE", 
    "FermiWidth": 0.0036749309468, 
    "structure": {
        "lattice": {
            "a": 4.330669703408717, 
            "c": 4.330669703408717, 
            "b": 4.330669703408717, 
            "matrix": [
                [
                    4.330669703408717, 
                    0.0, 
                    0.0
                ], 
                [
                    0.0, 
                    4.330669703408717, 
                    0.0
                ], 
                [
                    0.0, 
                    0.0, 
                    4.330669703408717
                ]
            ], 
            "volume": 81.22041143306896, 
            "beta": 90.0, 
            "alpha": 90.0, 
            "gamma": 90.0
        }, 
        "sites": [
            {
                "label": "Nb", 
                "xyz": [
                    0.0015947167926214888, 
                    0.0, 
                    0.0
                ], 
                "abc": [
                    0.0003682379174210099, 
                    0.0, 
                    0.0
                ], 
                "properties": {}, 
                "species": [
                    {
                        "occu": 1, 
                        "element": "Nb"
                    }
                ]
            }, 
            {
                "label": "Ca", 
                "xyz": [
                    2.1886871783605732, 
                    2.1653348517043582, 
                    2.1653348517043582
                ], 
                "abc": [
                    0.5053923130267436, 
                    0.4999999999999999, 
                    0.4999999999999999
                ], 
                "properties": {}, 
                "species": [
                    {
                        "occu": 1, 
                        "element": "Ca"
                    }
                ]
            }, 
            {
                "label": "F", 
                "xyz": [
                    2.1644392126434133, 
                    0.0, 
                    2.1653348517043582
                ], 
                "abc": [
                    0.4997931869382141, 
                    0.0, 
                    0.4999999999999999
                ], 
                "properties": {}, 
                "species": [
                    {
                        "occu": 1, 
                        "element": "F"
                    }
                ]
            }, 
            {
                "label": "N", 
                "xyz": [
                    2.1641312212672306, 
                    2.1653348517043582, 
                    0.0
                ], 
                "abc": [
                    0.49972206828976573, 
                    0.4999999999999999, 
                    0.0
                ], 
                "properties": {}, 
                "species": [
                    {
                        "occu": 1, 
                        "element": "N"
                    }
                ]
            }, 
            {
                "label": "O", 
                "xyz": [
                    0.020732097619350225, 
                    2.1653348517043582, 
                    2.1653348517043582
                ], 
                "abc": [
                    0.0047872728790726675, 
                    0.4999999999999999, 
                    0.4999999999999999
                ], 
                "properties": {}, 
                "species": [
                    {
                        "occu": 1, 
                        "element": "O"
                    }
                ]
            }
        ], 
        "@class": "Structure", 
        "@module": "pymatgen.core.structure"
    }
}