{
    "A": "Nb", 
    "gllbsc_ind-gap": 0.0, 
    "B": "Fe", 
    "anion": "O3", 
    "CB_ind": 5.8640030929643165, 
    "anion_idx": 0, 
    "heat_of_formation_all": 1.02, 
    "CB_dir": 5.8640030929643165, 
    "filename": "/Users/ajain/Documents/papers_proposals/2012Paper_UNCOptimization/data/rawdata/abo3/541b5b0cfe4b3ec15b06cfc616b2e035894a448d.json", 
    "sum_magnetic_moments": 0.6328601543605628, 
    "VB_dir": 5.8640030929643165, 
    "VB_ind": 5.8640030929643165, 
    "is_direct": true, 
    "gllbsc_dir-gap": 0.0, 
    "FermiLevel": 0.365793166068, 
    "XCFunctional": "RPBE", 
    "FermiWidth": 0.0018374654734, 
    "structure": {
        "lattice": {
            "a": 3.6756794607914176, 
            "c": 3.6756794607914176, 
            "b": 3.6756794607914176, 
            "matrix": [
                [
                    3.6756794607914176, 
                    0.0, 
                    0.0
                ], 
                [
                    0.0, 
                    3.6756794607914176, 
                    0.0
                ], 
                [
                    0.0, 
                    0.0, 
                    3.6756794607914176
                ]
            ], 
            "volume": 49.66070659314527, 
            "beta": 90.0, 
            "alpha": 90.0, 
            "gamma": 90.0
        }, 
        "sites": [
            {
                "label": "Nb", 
                "xyz": [
                    0.002425765600826613, 
                    6.340418370298217e-19, 
                    0.0
                ], 
                "abc": [
                    0.0006599502559193007, 
                    1.7249649861832755e-19, 
                    0.0
                ], 
                "properties": {}, 
                "species": [
                    {
                        "occu": 1, 
                        "element": "Nb"
                    }
                ]
            }, 
            {
                "label": "Fe", 
                "xyz": [
                    1.8554686927338442, 
                    1.8378397303957077, 
                    1.8378397303957077
                ], 
                "abc": [
                    0.5047961098148476, 
                    0.4999999999999997, 
                    0.4999999999999997
                ], 
                "properties": {}, 
                "species": [
                    {
                        "occu": 1, 
                        "element": "Fe"
                    }
                ]
            }, 
            {
                "label": "O", 
                "xyz": [
                    1.8376030396512413, 
                    0.0, 
                    1.8378397303957077
                ], 
                "abc": [
                    0.4999356062608309, 
                    0.0, 
                    0.4999999999999997
                ], 
                "properties": {}, 
                "species": [
                    {
                        "occu": 1, 
                        "element": "O"
                    }
                ]
            }, 
            {
                "label": "O", 
                "xyz": [
                    1.8376030396512413, 
                    1.8378397303957077, 
                    0.0
                ], 
                "abc": [
                    0.4999356062608309, 
                    0.4999999999999997, 
                    0.0
                ], 
                "properties": {}, 
                "species": [
                    {
                        "occu": 1, 
                        "element": "O"
                    }
                ]
            }, 
            {
                "label": "O", 
                "xyz": [
                    0.015845262672140748, 
                    1.8378397303957077, 
                    1.8378397303957077
                ], 
                "abc": [
                    0.004310839081906525, 
                    0.4999999999999997, 
                    0.4999999999999997
                ], 
                "properties": {}, 
                "species": [
                    {
                        "occu": 1, 
                        "element": "O"
                    }
                ]
            }
        ], 
        "@class": "Structure", 
        "@module": "pymatgen.core.structure"
    }
}