{
    "A": "Nb", 
    "gllbsc_ind-gap": 0.0, 
    "B": "Fe", 
    "anion": "O2F", 
    "CB_ind": 6.256412014669795, 
    "anion_idx": 4, 
    "heat_of_formation_all": 1.06, 
    "CB_dir": 6.256412014669795, 
    "filename": "/Users/ajain/Documents/papers_proposals/2012Paper_UNCOptimization/data/rawdata/abo2f/e94299746137c2f8401285a87740e2f2b197df4c.json", 
    "sum_magnetic_moments": -1.4335874290784472, 
    "VB_dir": 6.256412014669795, 
    "VB_ind": 6.256412014669795, 
    "is_direct": true, 
    "gllbsc_dir-gap": 0.0, 
    "FermiLevel": 0.250617980564, 
    "XCFunctional": "RPBE", 
    "FermiWidth": 0.0036749309468, 
    "structure": {
        "lattice": {
            "a": 3.9846031774301025, 
            "c": 3.9846031774301025, 
            "b": 3.9846031774301025, 
            "matrix": [
                [
                    3.9846031774301025, 
                    0.0, 
                    0.0
                ], 
                [
                    0.0, 
                    3.9846031774301025, 
                    0.0
                ], 
                [
                    0.0, 
                    0.0, 
                    3.9846031774301025
                ]
            ], 
            "volume": 63.26379361238412, 
            "beta": 90.0, 
            "alpha": 90.0, 
            "gamma": 90.0
        }, 
        "sites": [
            {
                "label": "Nb", 
                "xyz": [
                    0.0009120714960757564, 
                    0.0, 
                    0.0
                ], 
                "abc": [
                    0.0002288989531610029, 
                    0.0, 
                    0.0
                ], 
                "properties": {}, 
                "species": [
                    {
                        "occu": 1, 
                        "element": "Nb"
                    }
                ]
            }, 
            {
                "label": "Fe", 
                "xyz": [
                    2.011192921680694, 
                    1.992301588715051, 
                    1.992301588715051
                ], 
                "abc": [
                    0.5047410826434734, 
                    0.49999999999999994, 
                    0.49999999999999994
                ], 
                "properties": {}, 
                "species": [
                    {
                        "occu": 1, 
                        "element": "Fe"
                    }
                ]
            }, 
            {
                "label": "F", 
                "xyz": [
                    1.9911275857888702, 
                    0.0, 
                    1.992301588715051
                ], 
                "abc": [
                    0.49970536515835984, 
                    0.0, 
                    0.49999999999999994
                ], 
                "properties": {}, 
                "species": [
                    {
                        "occu": 1, 
                        "element": "F"
                    }
                ]
            }, 
            {
                "label": "O", 
                "xyz": [
                    1.9936440039307814, 
                    1.992301588715051, 
                    0.0
                ], 
                "abc": [
                    0.500336900603637, 
                    0.49999999999999994, 
                    0.0
                ], 
                "properties": {}, 
                "species": [
                    {
                        "occu": 1, 
                        "element": "O"
                    }
                ]
            }, 
            {
                "label": "O", 
                "xyz": [
                    0.01872878451212878, 
                    1.992301588715051, 
                    1.992301588715051
                ], 
                "abc": [
                    0.004700288505067157, 
                    0.49999999999999994, 
                    0.49999999999999994
                ], 
                "properties": {}, 
                "species": [
                    {
                        "occu": 1, 
                        "element": "O"
                    }
                ]
            }
        ], 
        "@class": "Structure", 
        "@module": "pymatgen.core.structure"
    }
}