{
    "A": "Nb", 
    "gllbsc_ind-gap": 0.0, 
    "B": "Nb", 
    "anion": "ON2", 
    "CB_ind": 5.764966077153345, 
    "anion_idx": 2, 
    "heat_of_formation_all": 0.42, 
    "CB_dir": 5.764966077153345, 
    "filename": "/Users/ajain/Documents/papers_proposals/2012Paper_UNCOptimization/data/rawdata/abon2/e1e84a2a38e6a9b237419ba8cb163cda3b3198aa.json", 
    "sum_magnetic_moments": 0.0001741575296634323, 
    "VB_dir": 5.764966077153345, 
    "VB_ind": 5.764966077153345, 
    "is_direct": true, 
    "gllbsc_dir-gap": 0.0, 
    "FermiLevel": 0.274027887352, 
    "XCFunctional": "RPBE", 
    "FermiWidth": 0.0018374654734, 
    "structure": {
        "lattice": {
            "a": 4.116524016043233, 
            "c": 4.116524016043233, 
            "b": 4.116524016043233, 
            "matrix": [
                [
                    4.116524016043233, 
                    0.0, 
                    0.0
                ], 
                [
                    0.0, 
                    4.116524016043233, 
                    0.0
                ], 
                [
                    0.0, 
                    0.0, 
                    4.116524016043233
                ]
            ], 
            "volume": 69.75766907103511, 
            "beta": 90.0, 
            "alpha": 90.0, 
            "gamma": 90.0
        }, 
        "sites": [
            {
                "label": "Nb", 
                "xyz": [
                    0.7822877805483794, 
                    3.69011295901555e-15, 
                    0.0
                ], 
                "abc": [
                    0.19003600549871386, 
                    8.96414777281551e-16, 
                    0.0
                ], 
                "properties": {}, 
                "species": [
                    {
                        "occu": 1, 
                        "element": "Nb"
                    }
                ]
            }, 
            {
                "label": "Nb", 
                "xyz": [
                    1.8382825634985083, 
                    2.0582620080216163, 
                    2.0582620080216163
                ], 
                "abc": [
                    0.44656184594920684, 
                    0.5, 
                    0.5
                ], 
                "properties": {}, 
                "species": [
                    {
                        "occu": 1, 
                        "element": "Nb"
                    }
                ]
            }, 
            {
                "label": "N", 
                "xyz": [
                    1.2699911914880508, 
                    2.899305517371055e-17, 
                    2.0582620080216163
                ], 
                "abc": [
                    0.3085105750722075, 
                    7.04309146763546e-18, 
                    0.5
                ], 
                "properties": {}, 
                "species": [
                    {
                        "occu": 1, 
                        "element": "N"
                    }
                ]
            }, 
            {
                "label": "N", 
                "xyz": [
                    1.2699911914880553, 
                    2.0582620080216163, 
                    0.0
                ], 
                "abc": [
                    0.3085105750722086, 
                    0.5, 
                    0.0
                ], 
                "properties": {}, 
                "species": [
                    {
                        "occu": 1, 
                        "element": "N"
                    }
                ]
            }, 
            {
                "label": "O", 
                "xyz": [
                    3.693589689828861, 
                    2.0582620080216163, 
                    2.0582620080216163
                ], 
                "abc": [
                    0.8972593565430252, 
                    0.5, 
                    0.5
                ], 
                "properties": {}, 
                "species": [
                    {
                        "occu": 1, 
                        "element": "O"
                    }
                ]
            }
        ], 
        "@class": "Structure", 
        "@module": "pymatgen.core.structure"
    }
}