{
    "A": "Nb", 
    "gllbsc_ind-gap": 0.0, 
    "B": "Sc", 
    "anion": "ON2", 
    "CB_ind": 5.560758715651285, 
    "anion_idx": 2, 
    "heat_of_formation_all": 0.94, 
    "CB_dir": 5.560758715651285, 
    "filename": "/Users/ajain/Documents/papers_proposals/2012Paper_UNCOptimization/data/rawdata/abon2/f9e5e705d35e88b8950f9fa28afdd87287ae7709.json", 
    "sum_magnetic_moments": -0.0001462332399433528, 
    "VB_dir": 5.560758715651285, 
    "VB_ind": 5.560758715651285, 
    "is_direct": true, 
    "gllbsc_dir-gap": 0.0, 
    "FermiLevel": 0.240458756283, 
    "XCFunctional": "RPBE", 
    "FermiWidth": 0.0018374654734, 
    "structure": {
        "lattice": {
            "a": 4.062754211792617, 
            "c": 4.062754211792617, 
            "b": 4.062754211792617, 
            "matrix": [
                [
                    4.062754211792617, 
                    0.0, 
                    0.0
                ], 
                [
                    0.0, 
                    4.062754211792617, 
                    0.0
                ], 
                [
                    0.0, 
                    0.0, 
                    4.062754211792617
                ]
            ], 
            "volume": 67.05970639102098, 
            "beta": 90.0, 
            "alpha": 90.0, 
            "gamma": 90.0
        }, 
        "sites": [
            {
                "label": "Nb", 
                "xyz": [
                    0.9151898761233597, 
                    4.7919445637648897e-17, 
                    9.469807835515409e-18
                ], 
                "abc": [
                    0.22526341206340134, 
                    1.1794817786061762e-17, 
                    2.3308837655076914e-18
                ], 
                "properties": {}, 
                "species": [
                    {
                        "occu": 1, 
                        "element": "Nb"
                    }
                ]
            }, 
            {
                "label": "Sc", 
                "xyz": [
                    2.1262844020174185, 
                    2.0313771058963086, 
                    2.0313771058963086
                ], 
                "abc": [
                    0.5233603341904441, 
                    0.5, 
                    0.5
                ], 
                "properties": {}, 
                "species": [
                    {
                        "occu": 1, 
                        "element": "Sc"
                    }
                ]
            }, 
            {
                "label": "N", 
                "xyz": [
                    1.5690497096020464, 
                    0.0, 
                    2.0313771058963086
                ], 
                "abc": [
                    0.386203454062689, 
                    0.0, 
                    0.5
                ], 
                "properties": {}, 
                "species": [
                    {
                        "occu": 1, 
                        "element": "N"
                    }
                ]
            }, 
            {
                "label": "N", 
                "xyz": [
                    1.5690497096020428, 
                    2.0313771058963086, 
                    3.9969051802921575e-18
                ], 
                "abc": [
                    0.38620345406268813, 
                    0.5, 
                    9.837920218483005e-19
                ], 
                "properties": {}, 
                "species": [
                    {
                        "occu": 1, 
                        "element": "N"
                    }
                ]
            }, 
            {
                "label": "O", 
                "xyz": [
                    4.033066442263313, 
                    2.0313771058963086, 
                    2.0313771058963086
                ], 
                "abc": [
                    0.9926926986025558, 
                    0.5, 
                    0.5
                ], 
                "properties": {}, 
                "species": [
                    {
                        "occu": 1, 
                        "element": "O"
                    }
                ]
            }
        ], 
        "@class": "Structure", 
        "@module": "pymatgen.core.structure"
    }
}