{
    "A": "Nb", 
    "gllbsc_ind-gap": 0.0, 
    "B": "Ti", 
    "anion": "O2S", 
    "CB_ind": 5.463260193010536, 
    "anion_idx": 6, 
    "heat_of_formation_all": 0.86, 
    "CB_dir": 5.463260193010536, 
    "filename": "/Users/ajain/Documents/papers_proposals/2012Paper_UNCOptimization/data/rawdata/abo2s/89039d26afb5daccc0217bb697882b709cd71ea0.json", 
    "sum_magnetic_moments": 0.03536431486389801, 
    "VB_dir": 5.463260193010536, 
    "VB_ind": 5.463260193010536, 
    "is_direct": true, 
    "gllbsc_dir-gap": 0.0, 
    "FermiLevel": 0.266243577606, 
    "XCFunctional": "RPBE", 
    "FermiWidth": 0.0018374654734, 
    "structure": {
        "lattice": {
            "a": 4.239066856171649, 
            "c": 4.239066856171649, 
            "b": 4.239066856171649, 
            "matrix": [
                [
                    4.239066856171649, 
                    0.0, 
                    0.0
                ], 
                [
                    0.0, 
                    4.239066856171649, 
                    0.0
                ], 
                [
                    0.0, 
                    0.0, 
                    4.239066856171649
                ]
            ], 
            "volume": 76.17470801575598, 
            "beta": 90.0, 
            "alpha": 90.0, 
            "gamma": 90.0
        }, 
        "sites": [
            {
                "label": "Nb", 
                "xyz": [
                    3.2373500985993355, 
                    7.38554108089835e-16, 
                    0.0
                ], 
                "abc": [
                    0.7636940412690316, 
                    1.7422563341141352e-16, 
                    0.0
                ], 
                "properties": {}, 
                "species": [
                    {
                        "occu": 1, 
                        "element": "Nb"
                    }
                ]
            }, 
            {
                "label": "Ti", 
                "xyz": [
                    2.6590343566602437, 
                    2.119533428085825, 
                    2.119533428085825
                ], 
                "abc": [
                    0.627268794496355, 
                    0.5000000000000001, 
                    0.5000000000000001
                ], 
                "properties": {}, 
                "species": [
                    {
                        "occu": 1, 
                        "element": "Ti"
                    }
                ]
            }, 
            {
                "label": "S", 
                "xyz": [
                    1.6776010460912971, 
                    0.0, 
                    2.119533428085825
                ], 
                "abc": [
                    0.39574772066849595, 
                    0.0, 
                    0.5000000000000001
                ], 
                "properties": {}, 
                "species": [
                    {
                        "occu": 1, 
                        "element": "S"
                    }
                ]
            }, 
            {
                "label": "O", 
                "xyz": [
                    2.663331933838763, 
                    2.119533428085825, 
                    1.6681933393174606e-17
                ], 
                "abc": [
                    0.6282825971383827, 
                    0.5000000000000001, 
                    3.935284334779342e-18
                ], 
                "properties": {}, 
                "species": [
                    {
                        "occu": 1, 
                        "element": "O"
                    }
                ]
            }, 
            {
                "label": "O", 
                "xyz": [
                    0.20055993931053032, 
                    2.119533428085825, 
                    2.119533428085825
                ], 
                "abc": [
                    0.04731228501823119, 
                    0.5000000000000001, 
                    0.5000000000000001
                ], 
                "properties": {}, 
                "species": [
                    {
                        "occu": 1, 
                        "element": "O"
                    }
                ]
            }
        ], 
        "@class": "Structure", 
        "@module": "pymatgen.core.structure"
    }
}