{
    "A": "Nb", 
    "gllbsc_ind-gap": 0.0, 
    "B": "W", 
    "anion": "O2N", 
    "CB_ind": 5.917352023144467, 
    "anion_idx": 1, 
    "heat_of_formation_all": 0.98, 
    "CB_dir": 5.917352023144467, 
    "filename": "/Users/ajain/Documents/papers_proposals/2012Paper_UNCOptimization/data/rawdata/abo2n/5bce919395dc232cd3aac24497a36b66684604b7.json", 
    "sum_magnetic_moments": -2.399647575419268, 
    "VB_dir": 5.917352023144467, 
    "VB_ind": 5.917352023144467, 
    "is_direct": true, 
    "gllbsc_dir-gap": 0.0, 
    "FermiLevel": 0.333668696587, 
    "XCFunctional": "RPBE", 
    "FermiWidth": 0.0018374654734, 
    "structure": {
        "lattice": {
            "a": 3.975144549302042, 
            "c": 3.975144549302042, 
            "b": 3.975144549302042, 
            "matrix": [
                [
                    3.975144549302042, 
                    0.0, 
                    0.0
                ], 
                [
                    0.0, 
                    3.975144549302042, 
                    0.0
                ], 
                [
                    0.0, 
                    0.0, 
                    3.975144549302042
                ]
            ], 
            "volume": 62.81433653211667, 
            "beta": 90.0, 
            "alpha": 90.0, 
            "gamma": 90.0
        }, 
        "sites": [
            {
                "label": "Nb", 
                "xyz": [
                    3.9703073956920085, 
                    0.0, 
                    1.1559101722463169e-19
                ], 
                "abc": [
                    0.9987831502603137, 
                    0.0, 
                    2.9078443762485875e-20
                ], 
                "properties": {}, 
                "species": [
                    {
                        "occu": 1, 
                        "element": "Nb"
                    }
                ]
            }, 
            {
                "label": "W", 
                "xyz": [
                    1.9996779145692436, 
                    1.9875722746510207, 
                    1.9875722746510207
                ], 
                "abc": [
                    0.5030453332622453, 
                    0.49999999999999994, 
                    0.49999999999999994
                ], 
                "properties": {}, 
                "species": [
                    {
                        "occu": 1, 
                        "element": "W"
                    }
                ]
            }, 
            {
                "label": "N", 
                "xyz": [
                    1.9968296998408004, 
                    0.0, 
                    1.9875722746510207
                ], 
                "abc": [
                    0.5023288273105452, 
                    0.0, 
                    0.49999999999999994
                ], 
                "properties": {}, 
                "species": [
                    {
                        "occu": 1, 
                        "element": "N"
                    }
                ]
            }, 
            {
                "label": "O", 
                "xyz": [
                    1.9966901975416576, 
                    1.9875722746510207, 
                    4.37930863672244e-20
                ], 
                "abc": [
                    0.5022937336686882, 
                    0.49999999999999994, 
                    1.1016728026887378e-20
                ], 
                "properties": {}, 
                "species": [
                    {
                        "occu": 1, 
                        "element": "O"
                    }
                ]
            }, 
            {
                "label": "O", 
                "xyz": [
                    0.013047870665071687, 
                    1.9875722746510207, 
                    1.9875722746510207
                ], 
                "abc": [
                    0.003282363824319958, 
                    0.49999999999999994, 
                    0.49999999999999994
                ], 
                "properties": {}, 
                "species": [
                    {
                        "occu": 1, 
                        "element": "O"
                    }
                ]
            }
        ], 
        "@class": "Structure", 
        "@module": "pymatgen.core.structure"
    }
}