{
    "A": "Ni", 
    "gllbsc_ind-gap": 0.0, 
    "B": "Al", 
    "anion": "O2N", 
    "CB_ind": 5.662606908091209, 
    "anion_idx": 1, 
    "heat_of_formation_all": 1.04, 
    "CB_dir": 5.662606908091209, 
    "filename": "/Users/ajain/Documents/papers_proposals/2012Paper_UNCOptimization/data/rawdata/abo2n/d741cab62d38c0f0511113b6796eabaa1bfc601d.json", 
    "sum_magnetic_moments": -0.4820989446045785, 
    "VB_dir": 5.662606908091209, 
    "VB_ind": 5.662606908091209, 
    "is_direct": true, 
    "gllbsc_dir-gap": 0.0, 
    "FermiLevel": 0.167318371859, 
    "XCFunctional": "RPBE", 
    "FermiWidth": 0.0018374654734, 
    "structure": {
        "lattice": {
            "a": 3.7988879272237748, 
            "c": 3.7988879272237748, 
            "b": 3.7988879272237748, 
            "matrix": [
                [
                    3.7988879272237748, 
                    0.0, 
                    0.0
                ], 
                [
                    0.0, 
                    3.7988879272237748, 
                    0.0
                ], 
                [
                    0.0, 
                    0.0, 
                    3.7988879272237748
                ]
            ], 
            "volume": 54.823839104405415, 
            "beta": 90.0, 
            "alpha": 90.0, 
            "gamma": 90.0
        }, 
        "sites": [
            {
                "label": "Ni", 
                "xyz": [
                    2.4635318830793875, 
                    2.159453957215647e-13, 
                    3.7988879272237464
                ], 
                "abc": [
                    0.6484876443511549, 
                    5.684437126298102e-14, 
                    0.9999999999999926
                ], 
                "properties": {}, 
                "species": [
                    {
                        "occu": 1, 
                        "element": "Ni"
                    }
                ]
            }, 
            {
                "label": "Al", 
                "xyz": [
                    2.0514275023349984, 
                    1.8994439636118865, 
                    1.8994439636118865
                ], 
                "abc": [
                    0.5400073762729243, 
                    0.4999999999999998, 
                    0.4999999999999998
                ], 
                "properties": {}, 
                "species": [
                    {
                        "occu": 1, 
                        "element": "Al"
                    }
                ]
            }, 
            {
                "label": "N", 
                "xyz": [
                    2.26143431902422, 
                    3.798887927223774, 
                    1.8994439636118865
                ], 
                "abc": [
                    0.5952885060962761, 
                    0.9999999999999998, 
                    0.4999999999999998
                ], 
                "properties": {}, 
                "species": [
                    {
                        "occu": 1, 
                        "element": "N"
                    }
                ]
            }, 
            {
                "label": "O", 
                "xyz": [
                    2.112380730906945, 
                    1.8994439636118865, 
                    3.2270433086059075e-16
                ], 
                "abc": [
                    0.5560523951678332, 
                    0.4999999999999998, 
                    8.49470521486068e-17
                ], 
                "properties": {}, 
                "species": [
                    {
                        "occu": 1, 
                        "element": "O"
                    }
                ]
            }, 
            {
                "label": "O", 
                "xyz": [
                    0.19123534324356484, 
                    1.8994439636118865, 
                    1.8994439636118865
                ], 
                "abc": [
                    0.050339822313031364, 
                    0.4999999999999998, 
                    0.4999999999999998
                ], 
                "properties": {}, 
                "species": [
                    {
                        "occu": 1, 
                        "element": "O"
                    }
                ]
            }
        ], 
        "@class": "Structure", 
        "@module": "pymatgen.core.structure"
    }
}