{
    "A": "Ni", 
    "gllbsc_ind-gap": 0.0, 
    "B": "Al", 
    "anion": "O2F", 
    "CB_ind": 6.084146714181796, 
    "anion_idx": 4, 
    "heat_of_formation_all": 0.72, 
    "CB_dir": 6.084146714181796, 
    "filename": "/Users/ajain/Documents/papers_proposals/2012Paper_UNCOptimization/data/rawdata/abo2f/e421923d0d27cd1fa0fc142ed1948a1f3e696706.json", 
    "sum_magnetic_moments": 1.9831673210291036, 
    "VB_dir": 6.084146714181796, 
    "VB_ind": 6.084146714181796, 
    "is_direct": true, 
    "gllbsc_dir-gap": 0.0, 
    "FermiLevel": 0.190291331651, 
    "XCFunctional": "RPBE", 
    "FermiWidth": 0.0036749309468, 
    "structure": {
        "lattice": {
            "a": 3.7855198674564523, 
            "c": 3.7855198674564523, 
            "b": 3.7855198674564523, 
            "matrix": [
                [
                    3.7855198674564523, 
                    0.0, 
                    0.0
                ], 
                [
                    0.0, 
                    3.7855198674564523, 
                    0.0
                ], 
                [
                    0.0, 
                    0.0, 
                    3.7855198674564523
                ]
            ], 
            "volume": 54.24710790842141, 
            "beta": 90.0, 
            "alpha": 90.0, 
            "gamma": 90.0
        }, 
        "sites": [
            {
                "label": "Ni", 
                "xyz": [
                    0.4908109378394948, 
                    0.0, 
                    0.0
                ], 
                "abc": [
                    0.12965483078266818, 
                    0.0, 
                    0.0
                ], 
                "properties": {}, 
                "species": [
                    {
                        "occu": 1, 
                        "element": "Ni"
                    }
                ]
            }, 
            {
                "label": "Al", 
                "xyz": [
                    1.8314450342786683, 
                    1.892759933728227, 
                    1.892759933728227
                ], 
                "abc": [
                    0.4838027796454926, 
                    0.5000000000000002, 
                    0.5000000000000002
                ], 
                "properties": {}, 
                "species": [
                    {
                        "occu": 1, 
                        "element": "Al"
                    }
                ]
            }, 
            {
                "label": "F", 
                "xyz": [
                    1.800713631764105, 
                    0.0, 
                    1.892759933728227
                ], 
                "abc": [
                    0.4756846337657796, 
                    0.0, 
                    0.5000000000000002
                ], 
                "properties": {}, 
                "species": [
                    {
                        "occu": 1, 
                        "element": "F"
                    }
                ]
            }, 
            {
                "label": "O", 
                "xyz": [
                    1.60259201452532, 
                    1.892759933728227, 
                    0.0
                ], 
                "abc": [
                    0.42334793387364406, 
                    0.5000000000000002, 
                    0.0
                ], 
                "properties": {}, 
                "species": [
                    {
                        "occu": 1, 
                        "element": "O"
                    }
                ]
            }, 
            {
                "label": "O", 
                "xyz": [
                    3.6838765128951247, 
                    1.892759933728227, 
                    1.892759933728227
                ], 
                "abc": [
                    0.9731494330712301, 
                    0.5000000000000002, 
                    0.5000000000000002
                ], 
                "properties": {}, 
                "species": [
                    {
                        "occu": 1, 
                        "element": "O"
                    }
                ]
            }
        ], 
        "@class": "Structure", 
        "@module": "pymatgen.core.structure"
    }
}