{
    "A": "Ni", 
    "gllbsc_ind-gap": 0.0, 
    "B": "Ir", 
    "anion": "ON2", 
    "CB_ind": 6.225461422871621, 
    "anion_idx": 2, 
    "heat_of_formation_all": 1.82, 
    "CB_dir": 6.225461422871621, 
    "filename": "/Users/ajain/Documents/papers_proposals/2012Paper_UNCOptimization/data/rawdata/abon2/4164a8367d7f91e856630e65dc671fab3023c233.json", 
    "sum_magnetic_moments": 1.182040412859411, 
    "VB_dir": 6.225461422871621, 
    "VB_ind": 6.225461422871621, 
    "is_direct": true, 
    "gllbsc_dir-gap": 0.0, 
    "FermiLevel": 0.276931135267, 
    "XCFunctional": "RPBE", 
    "FermiWidth": 0.0018374654734, 
    "structure": {
        "lattice": {
            "a": 3.8958672976396587, 
            "c": 3.8958672976396587, 
            "b": 3.8958672976396587, 
            "matrix": [
                [
                    3.8958672976396587, 
                    0.0, 
                    0.0
                ], 
                [
                    0.0, 
                    3.8958672976396587, 
                    0.0
                ], 
                [
                    0.0, 
                    0.0, 
                    3.8958672976396587
                ]
            ], 
            "volume": 59.130624547691205, 
            "beta": 90.0, 
            "alpha": 90.0, 
            "gamma": 90.0
        }, 
        "sites": [
            {
                "label": "Ni", 
                "xyz": [
                    0.003981796167937669, 
                    0.0, 
                    2.644031516065355e-18
                ], 
                "abc": [
                    0.0010220564161284628, 
                    0.0, 
                    6.786759697044254e-19
                ], 
                "properties": {}, 
                "species": [
                    {
                        "occu": 1, 
                        "element": "Ni"
                    }
                ]
            }, 
            {
                "label": "Ir", 
                "xyz": [
                    1.9556691182988202, 
                    1.9479336488198287, 
                    1.9479336488198287
                ], 
                "abc": [
                    0.5019855577431186, 
                    0.49999999999999983, 
                    0.49999999999999983
                ], 
                "properties": {}, 
                "species": [
                    {
                        "occu": 1, 
                        "element": "Ir"
                    }
                ]
            }, 
            {
                "label": "N", 
                "xyz": [
                    1.9553832371820994, 
                    0.0, 
                    1.9479336488198287
                ], 
                "abc": [
                    0.5019121771336471, 
                    0.0, 
                    0.49999999999999983
                ], 
                "properties": {}, 
                "species": [
                    {
                        "occu": 1, 
                        "element": "N"
                    }
                ]
            }, 
            {
                "label": "N", 
                "xyz": [
                    1.9553832371820994, 
                    1.9479336488198287, 
                    0.0
                ], 
                "abc": [
                    0.5019121771336471, 
                    0.49999999999999983, 
                    0.0
                ], 
                "properties": {}, 
                "species": [
                    {
                        "occu": 1, 
                        "element": "N"
                    }
                ]
            }, 
            {
                "label": "O", 
                "xyz": [
                    0.008737304468528492, 
                    1.9479336488198287, 
                    1.9479336488198287
                ], 
                "abc": [
                    0.0022427110065638156, 
                    0.49999999999999983, 
                    0.49999999999999983
                ], 
                "properties": {}, 
                "species": [
                    {
                        "occu": 1, 
                        "element": "O"
                    }
                ]
            }
        ], 
        "@class": "Structure", 
        "@module": "pymatgen.core.structure"
    }
}