{
    "A": "Ni", 
    "gllbsc_ind-gap": 0.0, 
    "B": "Pt", 
    "anion": "OFN", 
    "CB_ind": 6.745553601795927, 
    "anion_idx": 5, 
    "heat_of_formation_all": 1.8, 
    "CB_dir": 6.745553601795927, 
    "filename": "/Users/ajain/Documents/papers_proposals/2012Paper_UNCOptimization/data/rawdata/abofn/33d5e5a6a61ebc3b0d38d3ce175b1f4eb01d20fe.json", 
    "sum_magnetic_moments": 1.9731114899261684, 
    "VB_dir": 6.745553601795927, 
    "VB_ind": 6.745553601795927, 
    "is_direct": true, 
    "gllbsc_dir-gap": 0.0, 
    "FermiLevel": 0.19149122189, 
    "XCFunctional": "RPBE", 
    "FermiWidth": 0.0036749309468, 
    "structure": {
        "lattice": {
            "a": 4.079226650180132, 
            "c": 4.079226650180132, 
            "b": 4.079226650180132, 
            "matrix": [
                [
                    4.079226650180132, 
                    0.0, 
                    0.0
                ], 
                [
                    0.0, 
                    4.079226650180132, 
                    0.0
                ], 
                [
                    0.0, 
                    0.0, 
                    4.079226650180132
                ]
            ], 
            "volume": 67.87869884858925, 
            "beta": 90.0, 
            "alpha": 90.0, 
            "gamma": 90.0
        }, 
        "sites": [
            {
                "label": "Ni", 
                "xyz": [
                    0.002157372665272464, 
                    0.0, 
                    0.0
                ], 
                "abc": [
                    0.0005288680552175736, 
                    0.0, 
                    0.0
                ], 
                "properties": {}, 
                "species": [
                    {
                        "occu": 1, 
                        "element": "Ni"
                    }
                ]
            }, 
            {
                "label": "Pt", 
                "xyz": [
                    2.066708872188094, 
                    2.0396133250900657, 
                    2.0396133250900657
                ], 
                "abc": [
                    0.5066423244947253, 
                    0.4999999999999999, 
                    0.4999999999999999
                ], 
                "properties": {}, 
                "species": [
                    {
                        "occu": 1, 
                        "element": "Pt"
                    }
                ]
            }, 
            {
                "label": "F", 
                "xyz": [
                    2.0399526037230293, 
                    0.0, 
                    2.0396133250900657
                ], 
                "abc": [
                    0.500083172292706, 
                    0.0, 
                    0.4999999999999999
                ], 
                "properties": {}, 
                "species": [
                    {
                        "occu": 1, 
                        "element": "F"
                    }
                ]
            }, 
            {
                "label": "N", 
                "xyz": [
                    2.0356067376901343, 
                    2.0396133250900657, 
                    0.0
                ], 
                "abc": [
                    0.4990178071130824, 
                    0.4999999999999999, 
                    0.0
                ], 
                "properties": {}, 
                "species": [
                    {
                        "occu": 1, 
                        "element": "N"
                    }
                ]
            }, 
            {
                "label": "O", 
                "xyz": [
                    0.02034606955785894, 
                    2.0396133250900657, 
                    2.0396133250900657
                ], 
                "abc": [
                    0.004987727160725548, 
                    0.4999999999999999, 
                    0.4999999999999999
                ], 
                "properties": {}, 
                "species": [
                    {
                        "occu": 1, 
                        "element": "O"
                    }
                ]
            }
        ], 
        "@class": "Structure", 
        "@module": "pymatgen.core.structure"
    }
}