{
    "A": "Ni", 
    "gllbsc_ind-gap": 0.0, 
    "B": "Ru", 
    "anion": "ON2", 
    "CB_ind": 6.015971880518232, 
    "anion_idx": 2, 
    "heat_of_formation_all": 1.74, 
    "CB_dir": 6.015971880518232, 
    "filename": "/Users/ajain/Documents/papers_proposals/2012Paper_UNCOptimization/data/rawdata/abon2/e724074546586d78ac8165396ca13fa615901c21.json", 
    "sum_magnetic_moments": 1.0418520461045269, 
    "VB_dir": 6.015971880518232, 
    "VB_ind": 6.015971880518232, 
    "is_direct": true, 
    "gllbsc_dir-gap": 0.0, 
    "FermiLevel": 0.23215368298, 
    "XCFunctional": "RPBE", 
    "FermiWidth": 0.0018374654734, 
    "structure": {
        "lattice": {
            "a": 3.8923422741663773, 
            "c": 3.8923422741663773, 
            "b": 3.8923422741663773, 
            "matrix": [
                [
                    3.8923422741663773, 
                    0.0, 
                    0.0
                ], 
                [
                    0.0, 
                    3.8923422741663773, 
                    0.0
                ], 
                [
                    0.0, 
                    0.0, 
                    3.8923422741663773
                ]
            ], 
            "volume": 58.970263618106735, 
            "beta": 90.0, 
            "alpha": 90.0, 
            "gamma": 90.0
        }, 
        "sites": [
            {
                "label": "Ni", 
                "xyz": [
                    0.004268704711940138, 
                    2.9023680376617864e-18, 
                    6.006492194910887e-19
                ], 
                "abc": [
                    0.001096693047852367, 
                    7.456610527098073e-19, 
                    1.5431562210693039e-19
                ], 
                "properties": {}, 
                "species": [
                    {
                        "occu": 1, 
                        "element": "Ni"
                    }
                ]
            }, 
            {
                "label": "Ru", 
                "xyz": [
                    1.95467287439341, 
                    1.9461711370831887, 
                    1.9461711370831887
                ], 
                "abc": [
                    0.5021842214048461, 
                    0.5, 
                    0.5
                ], 
                "properties": {}, 
                "species": [
                    {
                        "occu": 1, 
                        "element": "Ru"
                    }
                ]
            }, 
            {
                "label": "N", 
                "xyz": [
                    1.9544518681723264, 
                    4.965156005251138e-20, 
                    1.9461711370831887
                ], 
                "abc": [
                    0.5021274416548867, 
                    1.2756216323022429e-20, 
                    0.5
                ], 
                "properties": {}, 
                "species": [
                    {
                        "occu": 1, 
                        "element": "N"
                    }
                ]
            }, 
            {
                "label": "N", 
                "xyz": [
                    1.9544518681723264, 
                    1.9461711370831887, 
                    8.90533185430482e-20
                ], 
                "abc": [
                    0.5021274416548867, 
                    0.5, 
                    2.2879107814874977e-20
                ], 
                "properties": {}, 
                "species": [
                    {
                        "occu": 1, 
                        "element": "N"
                    }
                ]
            }, 
            {
                "label": "O", 
                "xyz": [
                    0.009725174321615244, 
                    1.9461711370831887, 
                    1.9461711370831887
                ], 
                "abc": [
                    0.0024985403740471627, 
                    0.5, 
                    0.5
                ], 
                "properties": {}, 
                "species": [
                    {
                        "occu": 1, 
                        "element": "O"
                    }
                ]
            }
        ], 
        "@class": "Structure", 
        "@module": "pymatgen.core.structure"
    }
}