{
    "A": "Ni", 
    "gllbsc_ind-gap": 0.0, 
    "B": "Zr", 
    "anion": "O2F", 
    "CB_ind": 6.239056928863857, 
    "anion_idx": 4, 
    "heat_of_formation_all": 0.78, 
    "CB_dir": 6.239056928863857, 
    "filename": "/Users/ajain/Documents/papers_proposals/2012Paper_UNCOptimization/data/rawdata/abo2f/1d5fdc0efe8e83ff0de5871a4986a2a842c7ecbb.json", 
    "sum_magnetic_moments": 0.0, 
    "VB_dir": 6.239056928863857, 
    "VB_ind": 6.239056928863857, 
    "is_direct": true, 
    "gllbsc_dir-gap": 0.0, 
    "FermiLevel": 0.206831600722, 
    "XCFunctional": "RPBE", 
    "FermiWidth": 0.0036749309468, 
    "structure": {
        "lattice": {
            "a": 4.185888343659394, 
            "c": 4.185888343659394, 
            "b": 4.185888343659394, 
            "matrix": [
                [
                    4.185888343659394, 
                    0.0, 
                    0.0
                ], 
                [
                    0.0, 
                    4.185888343659394, 
                    0.0
                ], 
                [
                    0.0, 
                    0.0, 
                    4.185888343659394
                ]
            ], 
            "volume": 73.34371748571908, 
            "beta": 90.0, 
            "alpha": 90.0, 
            "gamma": 90.0
        }, 
        "sites": [
            {
                "label": "Ni", 
                "xyz": [
                    0.0014350986133342442, 
                    0.0, 
                    0.0
                ], 
                "abc": [
                    0.00034284206732558233, 
                    0.0, 
                    0.0
                ], 
                "properties": {}, 
                "species": [
                    {
                        "occu": 1, 
                        "element": "Ni"
                    }
                ]
            }, 
            {
                "label": "Zr", 
                "xyz": [
                    2.1244009355142666, 
                    2.092944171829697, 
                    2.092944171829697
                ], 
                "abc": [
                    0.5075149552740027, 
                    0.5, 
                    0.5
                ], 
                "properties": {}, 
                "species": [
                    {
                        "occu": 1, 
                        "element": "Zr"
                    }
                ]
            }, 
            {
                "label": "F", 
                "xyz": [
                    2.089136609884911, 
                    0.0, 
                    2.092944171829697
                ], 
                "abc": [
                    0.4990903813880861, 
                    0.0, 
                    0.5
                ], 
                "properties": {}, 
                "species": [
                    {
                        "occu": 1, 
                        "element": "F"
                    }
                ]
            }, 
            {
                "label": "O", 
                "xyz": [
                    2.0908378461451997, 
                    2.092944171829697, 
                    0.0
                ], 
                "abc": [
                    0.4994968031845169, 
                    0.5, 
                    0.0
                ], 
                "properties": {}, 
                "species": [
                    {
                        "occu": 1, 
                        "element": "O"
                    }
                ]
            }, 
            {
                "label": "O", 
                "xyz": [
                    0.0162203140066481, 
                    2.092944171829697, 
                    2.092944171829697
                ], 
                "abc": [
                    0.0038749992056567734, 
                    0.5, 
                    0.5
                ], 
                "properties": {}, 
                "species": [
                    {
                        "occu": 1, 
                        "element": "O"
                    }
                ]
            }
        ], 
        "@class": "Structure", 
        "@module": "pymatgen.core.structure"
    }
}