{
    "A": "Os", 
    "gllbsc_ind-gap": 0.0, 
    "B": "Ag", 
    "anion": "O2F", 
    "CB_ind": 6.63050340211548, 
    "anion_idx": 4, 
    "heat_of_formation_all": 2.28, 
    "CB_dir": 6.63050340211548, 
    "filename": "/Users/ajain/Documents/papers_proposals/2012Paper_UNCOptimization/data/rawdata/abo2f/e71bdb1087901d447d1e81bdf50fb1068f27df2d.json", 
    "sum_magnetic_moments": 4.51916540245333, 
    "VB_dir": 6.63050340211548, 
    "VB_ind": 6.63050340211548, 
    "is_direct": true, 
    "gllbsc_dir-gap": 0.0, 
    "FermiLevel": 0.162936114133, 
    "XCFunctional": "RPBE", 
    "FermiWidth": 0.0036749309468, 
    "structure": {
        "lattice": {
            "a": 4.210441668948276, 
            "c": 4.210441668948276, 
            "b": 4.210441668948276, 
            "matrix": [
                [
                    4.210441668948276, 
                    0.0, 
                    0.0
                ], 
                [
                    0.0, 
                    4.210441668948276, 
                    0.0
                ], 
                [
                    0.0, 
                    0.0, 
                    4.210441668948276
                ]
            ], 
            "volume": 74.6419480176571, 
            "beta": 90.0, 
            "alpha": 90.0, 
            "gamma": 90.0
        }, 
        "sites": [
            {
                "label": "Os", 
                "xyz": [
                    0.0014666998154691004, 
                    0.0, 
                    0.0
                ], 
                "abc": [
                    0.00034834820923560416, 
                    0.0, 
                    0.0
                ], 
                "properties": {}, 
                "species": [
                    {
                        "occu": 1, 
                        "element": "Os"
                    }
                ]
            }, 
            {
                "label": "Ag", 
                "xyz": [
                    2.1269847043144896, 
                    2.1052208344741374, 
                    2.1052208344741374
                ], 
                "abc": [
                    0.5051690230031824, 
                    0.4999999999999999, 
                    0.4999999999999999
                ], 
                "properties": {}, 
                "species": [
                    {
                        "occu": 1, 
                        "element": "Ag"
                    }
                ]
            }, 
            {
                "label": "F", 
                "xyz": [
                    2.1049217028771694, 
                    0.0, 
                    2.1052208344741374
                ], 
                "abc": [
                    0.49992895481745425, 
                    0.0, 
                    0.4999999999999999
                ], 
                "properties": {}, 
                "species": [
                    {
                        "occu": 1, 
                        "element": "F"
                    }
                ]
            }, 
            {
                "label": "O", 
                "xyz": [
                    2.105999062328838, 
                    2.1052208344741374, 
                    0.0
                ], 
                "abc": [
                    0.5001848328313011, 
                    0.4999999999999999, 
                    0.0
                ], 
                "properties": {}, 
                "species": [
                    {
                        "occu": 1, 
                        "element": "O"
                    }
                ]
            }, 
            {
                "label": "O", 
                "xyz": [
                    0.02038286792025589, 
                    2.1052208344741374, 
                    2.1052208344741374
                ], 
                "abc": [
                    0.00484102845328037, 
                    0.4999999999999999, 
                    0.4999999999999999
                ], 
                "properties": {}, 
                "species": [
                    {
                        "occu": 1, 
                        "element": "O"
                    }
                ]
            }
        ], 
        "@class": "Structure", 
        "@module": "pymatgen.core.structure"
    }
}