{
    "A": "Os", 
    "gllbsc_ind-gap": 0.0, 
    "B": "Al", 
    "anion": "OFN", 
    "CB_ind": 6.170477906017978, 
    "anion_idx": 5, 
    "heat_of_formation_all": 1.78, 
    "CB_dir": 6.170477906017978, 
    "filename": "/Users/ajain/Documents/papers_proposals/2012Paper_UNCOptimization/data/rawdata/abofn/18911ff033fa293cbbfb9167d60e79b0facfb062.json", 
    "sum_magnetic_moments": 3.4244852249431568, 
    "VB_dir": 6.170477906017978, 
    "VB_ind": 6.170477906017978, 
    "is_direct": true, 
    "gllbsc_dir-gap": 0.0, 
    "FermiLevel": 0.293137425694, 
    "XCFunctional": "RPBE", 
    "FermiWidth": 0.0036749309468, 
    "structure": {
        "lattice": {
            "a": 3.792140339447635, 
            "c": 3.792140339447635, 
            "b": 3.792140339447635, 
            "matrix": [
                [
                    3.792140339447635, 
                    0.0, 
                    0.0
                ], 
                [
                    0.0, 
                    3.792140339447635, 
                    0.0
                ], 
                [
                    0.0, 
                    0.0, 
                    3.792140339447635
                ]
            ], 
            "volume": 54.53222324595639, 
            "beta": 90.0, 
            "alpha": 90.0, 
            "gamma": 90.0
        }, 
        "sites": [
            {
                "label": "Os", 
                "xyz": [
                    0.0021322923022592173, 
                    0.0, 
                    0.0
                ], 
                "abc": [
                    0.0005622925607678876, 
                    0.0, 
                    0.0
                ], 
                "properties": {}, 
                "species": [
                    {
                        "occu": 1, 
                        "element": "Os"
                    }
                ]
            }, 
            {
                "label": "Al", 
                "xyz": [
                    1.9159758492919767, 
                    1.8960701697238167, 
                    1.8960701697238167
                ], 
                "abc": [
                    0.5052491938025317, 
                    0.4999999999999998, 
                    0.4999999999999998
                ], 
                "properties": {}, 
                "species": [
                    {
                        "occu": 1, 
                        "element": "Al"
                    }
                ]
            }, 
            {
                "label": "F", 
                "xyz": [
                    1.8953540310482315, 
                    0.0, 
                    1.8960701697238167
                ], 
                "abc": [
                    0.49981115185318, 
                    0.0, 
                    0.4999999999999998
                ], 
                "properties": {}, 
                "species": [
                    {
                        "occu": 1, 
                        "element": "F"
                    }
                ]
            }, 
            {
                "label": "N", 
                "xyz": [
                    1.8961176057195994, 
                    1.8960701697238167, 
                    0.0
                ], 
                "abc": [
                    0.5000125090296075, 
                    0.4999999999999998, 
                    0.0
                ], 
                "properties": {}, 
                "species": [
                    {
                        "occu": 1, 
                        "element": "N"
                    }
                ]
            }, 
            {
                "label": "O", 
                "xyz": [
                    0.01643321139314298, 
                    1.8960701697238167, 
                    1.8960701697238167
                ], 
                "abc": [
                    0.004333492413821543, 
                    0.4999999999999998, 
                    0.4999999999999998
                ], 
                "properties": {}, 
                "species": [
                    {
                        "occu": 1, 
                        "element": "O"
                    }
                ]
            }
        ], 
        "@class": "Structure", 
        "@module": "pymatgen.core.structure"
    }
}