{
    "A": "Os", 
    "gllbsc_ind-gap": 0.0, 
    "B": "Fe", 
    "anion": "O3", 
    "CB_ind": 6.104413782972957, 
    "anion_idx": 0, 
    "heat_of_formation_all": 1.76, 
    "CB_dir": 6.104413782972957, 
    "filename": "/Users/ajain/Documents/papers_proposals/2012Paper_UNCOptimization/data/rawdata/abo3/492ae4d5a067eec6ad4e80cf3298ce78261c8673.json", 
    "sum_magnetic_moments": 7.654067429933692, 
    "VB_dir": 6.104413782972957, 
    "VB_ind": 6.104413782972957, 
    "is_direct": true, 
    "gllbsc_dir-gap": 0.0, 
    "FermiLevel": 0.301362156394, 
    "XCFunctional": "RPBE", 
    "FermiWidth": 0.0018374654734, 
    "structure": {
        "lattice": {
            "a": 3.7626768433001314, 
            "c": 3.7626768433001314, 
            "b": 3.7626768433001314, 
            "matrix": [
                [
                    3.7626768433001314, 
                    0.0, 
                    0.0
                ], 
                [
                    0.0, 
                    3.7626768433001314, 
                    0.0
                ], 
                [
                    0.0, 
                    0.0, 
                    3.7626768433001314
                ]
            ], 
            "volume": 53.27098926542851, 
            "beta": 90.0, 
            "alpha": 90.0, 
            "gamma": 90.0
        }, 
        "sites": [
            {
                "label": "Os", 
                "xyz": [
                    0.0070805365451112046, 
                    0.0, 
                    0.0
                ], 
                "abc": [
                    0.0018817817314603818, 
                    0.0, 
                    0.0
                ], 
                "properties": {}, 
                "species": [
                    {
                        "occu": 1, 
                        "element": "Os"
                    }
                ]
            }, 
            {
                "label": "Fe", 
                "xyz": [
                    1.8849586011153978, 
                    1.8813384216500655, 
                    1.8813384216500655
                ], 
                "abc": [
                    0.5009621287227412, 
                    0.49999999999999994, 
                    0.49999999999999994
                ], 
                "properties": {}, 
                "species": [
                    {
                        "occu": 1, 
                        "element": "Fe"
                    }
                ]
            }, 
            {
                "label": "O", 
                "xyz": [
                    1.885665487759134, 
                    2.564601150673156e-20, 
                    1.8813384216500655
                ], 
                "abc": [
                    0.5011499967414882, 
                    6.815895325264822e-21, 
                    0.49999999999999994
                ], 
                "properties": {}, 
                "species": [
                    {
                        "occu": 1, 
                        "element": "O"
                    }
                ]
            }, 
            {
                "label": "O", 
                "xyz": [
                    1.885665487759134, 
                    1.8813384216500655, 
                    6.213805255611695e-20
                ], 
                "abc": [
                    0.5011499967414882, 
                    0.49999999999999994, 
                    1.6514320826344874e-20
                ], 
                "properties": {}, 
                "species": [
                    {
                        "occu": 1, 
                        "element": "O"
                    }
                ]
            }, 
            {
                "label": "O", 
                "xyz": [
                    0.002948467122104668, 
                    1.8813384216500655, 
                    1.8813384216500655
                ], 
                "abc": [
                    0.0007836089159117517, 
                    0.49999999999999994, 
                    0.49999999999999994
                ], 
                "properties": {}, 
                "species": [
                    {
                        "occu": 1, 
                        "element": "O"
                    }
                ]
            }
        ], 
        "@class": "Structure", 
        "@module": "pymatgen.core.structure"
    }
}