{
    "A": "Os", 
    "gllbsc_ind-gap": 0.0, 
    "B": "Ga", 
    "anion": "O3", 
    "CB_ind": 5.820613378853167, 
    "anion_idx": 0, 
    "heat_of_formation_all": 1.3, 
    "CB_dir": 5.820613378853167, 
    "filename": "/Users/ajain/Documents/papers_proposals/2012Paper_UNCOptimization/data/rawdata/abo3/ed8ec51eacf6e2c548f1a262e36e23ef40a8f66a.json", 
    "sum_magnetic_moments": 1.6615491018341724, 
    "VB_dir": 5.820613378853167, 
    "VB_ind": 5.820613378853167, 
    "is_direct": true, 
    "gllbsc_dir-gap": 0.0, 
    "FermiLevel": 0.248020775694, 
    "XCFunctional": "RPBE", 
    "FermiWidth": 0.0018374654734, 
    "structure": {
        "lattice": {
            "a": 3.912070939007144, 
            "c": 3.912070939007144, 
            "b": 3.912070939007144, 
            "matrix": [
                [
                    3.912070939007144, 
                    0.0, 
                    0.0
                ], 
                [
                    0.0, 
                    3.912070939007144, 
                    0.0
                ], 
                [
                    0.0, 
                    0.0, 
                    3.912070939007144
                ]
            ], 
            "volume": 59.87150348427477, 
            "beta": 90.0, 
            "alpha": 90.0, 
            "gamma": 90.0
        }, 
        "sites": [
            {
                "label": "Os", 
                "xyz": [
                    0.8122336871711319, 
                    3.9120709390071435, 
                    2.440987007753832e-16
                ], 
                "abc": [
                    0.20762243319065965, 
                    0.9999999999999999, 
                    6.239628692350188e-17
                ], 
                "properties": {}, 
                "species": [
                    {
                        "occu": 1, 
                        "element": "Os"
                    }
                ]
            }, 
            {
                "label": "Ga", 
                "xyz": [
                    2.091791265187824, 
                    1.9560354695035715, 
                    1.9560354695035715
                ], 
                "abc": [
                    0.534701772488488, 
                    0.4999999999999999, 
                    0.4999999999999999
                ], 
                "properties": {}, 
                "species": [
                    {
                        "occu": 1, 
                        "element": "Ga"
                    }
                ]
            }, 
            {
                "label": "O", 
                "xyz": [
                    1.629557606110066, 
                    0.0, 
                    1.9560354695035715
                ], 
                "abc": [
                    0.4165460267762006, 
                    0.0, 
                    0.4999999999999999
                ], 
                "properties": {}, 
                "species": [
                    {
                        "occu": 1, 
                        "element": "O"
                    }
                ]
            }, 
            {
                "label": "O", 
                "xyz": [
                    1.629557606110066, 
                    1.9560354695035715, 
                    1.6684268312053367e-18
                ], 
                "abc": [
                    0.4165460267762006, 
                    0.4999999999999999, 
                    4.264817425904786e-19
                ], 
                "properties": {}, 
                "species": [
                    {
                        "occu": 1, 
                        "element": "O"
                    }
                ]
            }, 
            {
                "label": "O", 
                "xyz": [
                    0.035813161430980046, 
                    1.9560354695035715, 
                    1.9560354695035715
                ], 
                "abc": [
                    0.009154527611932613, 
                    0.4999999999999999, 
                    0.4999999999999999
                ], 
                "properties": {}, 
                "species": [
                    {
                        "occu": 1, 
                        "element": "O"
                    }
                ]
            }
        ], 
        "@class": "Structure", 
        "@module": "pymatgen.core.structure"
    }
}