{
    "A": "Os", 
    "gllbsc_ind-gap": 0.0, 
    "B": "K", 
    "anion": "OFN", 
    "CB_ind": 5.831507900398678, 
    "anion_idx": 5, 
    "heat_of_formation_all": 2.36, 
    "CB_dir": 5.831507900398678, 
    "filename": "/Users/ajain/Documents/papers_proposals/2012Paper_UNCOptimization/data/rawdata/abofn/1237759d520dacf07d008c23c8ef8af47151b868.json", 
    "sum_magnetic_moments": 1.719235934472532, 
    "VB_dir": 5.831507900398678, 
    "VB_ind": 5.831507900398678, 
    "is_direct": true, 
    "gllbsc_dir-gap": 0.0, 
    "FermiLevel": 0.143603824736, 
    "XCFunctional": "RPBE", 
    "FermiWidth": 0.0036749309468, 
    "structure": {
        "lattice": {
            "a": 4.305211759222105, 
            "c": 4.305211759222105, 
            "b": 4.305211759222105, 
            "matrix": [
                [
                    4.305211759222105, 
                    0.0, 
                    0.0
                ], 
                [
                    0.0, 
                    4.305211759222105, 
                    0.0
                ], 
                [
                    0.0, 
                    0.0, 
                    4.305211759222105
                ]
            ], 
            "volume": 79.79644682101525, 
            "beta": 90.0, 
            "alpha": 90.0, 
            "gamma": 90.0
        }, 
        "sites": [
            {
                "label": "Os", 
                "xyz": [
                    0.5361293782259314, 
                    0.0, 
                    0.0
                ], 
                "abc": [
                    0.12453031539679782, 
                    0.0, 
                    0.0
                ], 
                "properties": {}, 
                "species": [
                    {
                        "occu": 1, 
                        "element": "Os"
                    }
                ]
            }, 
            {
                "label": "K", 
                "xyz": [
                    2.3259550852496758, 
                    2.1526058796110514, 
                    2.1526058796110514
                ], 
                "abc": [
                    0.5402649661232797, 
                    0.49999999999999983, 
                    0.49999999999999983
                ], 
                "properties": {}, 
                "species": [
                    {
                        "occu": 1, 
                        "element": "K"
                    }
                ]
            }, 
            {
                "label": "F", 
                "xyz": [
                    0.9914712144628361, 
                    0.0, 
                    2.1526058796110514
                ], 
                "abc": [
                    0.2302955742743725, 
                    0.0, 
                    0.49999999999999983
                ], 
                "properties": {}, 
                "species": [
                    {
                        "occu": 1, 
                        "element": "F"
                    }
                ]
            }, 
            {
                "label": "N", 
                "xyz": [
                    0.48454753529260025, 
                    2.1526058796110514, 
                    0.0
                ], 
                "abc": [
                    0.11254905969599778, 
                    0.49999999999999983, 
                    0.0
                ], 
                "properties": {}, 
                "species": [
                    {
                        "occu": 1, 
                        "element": "N"
                    }
                ]
            }, 
            {
                "label": "O", 
                "xyz": [
                    0.1406390039812297, 
                    2.1526058796110514, 
                    2.1526058796110514
                ], 
                "abc": [
                    0.03266715131490799, 
                    0.49999999999999983, 
                    0.49999999999999983
                ], 
                "properties": {}, 
                "species": [
                    {
                        "occu": 1, 
                        "element": "O"
                    }
                ]
            }
        ], 
        "@class": "Structure", 
        "@module": "pymatgen.core.structure"
    }
}