{
    "A": "Os", 
    "gllbsc_ind-gap": 0.0, 
    "B": "Os", 
    "anion": "O2F", 
    "CB_ind": 6.759766274268572, 
    "anion_idx": 4, 
    "heat_of_formation_all": 2.08, 
    "CB_dir": 6.759766274268572, 
    "filename": "/Users/ajain/Documents/papers_proposals/2012Paper_UNCOptimization/data/rawdata/abo2f/670da67c7818164915c40e7e03b8e69fa1a33c56.json", 
    "sum_magnetic_moments": 3.9344214732414695, 
    "VB_dir": 6.759766274268572, 
    "VB_ind": 6.759766274268572, 
    "is_direct": true, 
    "gllbsc_dir-gap": 0.0, 
    "FermiLevel": 0.286949663311, 
    "XCFunctional": "RPBE", 
    "FermiWidth": 0.0036749309468, 
    "structure": {
        "lattice": {
            "a": 4.037484132368042, 
            "c": 4.037484132368042, 
            "b": 4.037484132368042, 
            "matrix": [
                [
                    4.037484132368042, 
                    0.0, 
                    0.0
                ], 
                [
                    0.0, 
                    4.037484132368042, 
                    0.0
                ], 
                [
                    0.0, 
                    0.0, 
                    4.037484132368042
                ]
            ], 
            "volume": 65.81615174328037, 
            "beta": 90.0, 
            "alpha": 90.0, 
            "gamma": 90.0
        }, 
        "sites": [
            {
                "label": "Os", 
                "xyz": [
                    0.0016746115692410257, 
                    0.0, 
                    0.0
                ], 
                "abc": [
                    0.0004147661054110056, 
                    0.0, 
                    0.0
                ], 
                "properties": {}, 
                "species": [
                    {
                        "occu": 1, 
                        "element": "Os"
                    }
                ]
            }, 
            {
                "label": "Os", 
                "xyz": [
                    2.0427083632259837, 
                    2.01874206618402, 
                    2.01874206618402
                ], 
                "abc": [
                    0.5059359482926082, 
                    0.4999999999999998, 
                    0.4999999999999998
                ], 
                "properties": {}, 
                "species": [
                    {
                        "occu": 1, 
                        "element": "Os"
                    }
                ]
            }, 
            {
                "label": "F", 
                "xyz": [
                    2.0156748193191163, 
                    0.0, 
                    2.01874206618402
                ], 
                "abc": [
                    0.4992403073883771, 
                    0.0, 
                    0.4999999999999998
                ], 
                "properties": {}, 
                "species": [
                    {
                        "occu": 1, 
                        "element": "F"
                    }
                ]
            }, 
            {
                "label": "O", 
                "xyz": [
                    2.018874992294015, 
                    2.01874206618402, 
                    0.0
                ], 
                "abc": [
                    0.5000329230049297, 
                    0.4999999999999998, 
                    0.0
                ], 
                "properties": {}, 
                "species": [
                    {
                        "occu": 1, 
                        "element": "O"
                    }
                ]
            }, 
            {
                "label": "O", 
                "xyz": [
                    0.02247370916624074, 
                    2.01874206618402, 
                    2.01874206618402
                ], 
                "abc": [
                    0.005566265632122643, 
                    0.4999999999999998, 
                    0.4999999999999998
                ], 
                "properties": {}, 
                "species": [
                    {
                        "occu": 1, 
                        "element": "O"
                    }
                ]
            }
        ], 
        "@class": "Structure", 
        "@module": "pymatgen.core.structure"
    }
}