{
    "A": "Os", 
    "gllbsc_ind-gap": 0.0, 
    "B": "Sb", 
    "anion": "O2F", 
    "CB_ind": 6.74867098870909, 
    "anion_idx": 4, 
    "heat_of_formation_all": 1.92, 
    "CB_dir": 6.74867098870909, 
    "filename": "/Users/ajain/Documents/papers_proposals/2012Paper_UNCOptimization/data/rawdata/abo2f/e2ca6dfe864dadc7fe701b2b8f9bb71705c3ef1c.json", 
    "sum_magnetic_moments": 3.9757987314861483, 
    "VB_dir": 6.74867098870909, 
    "VB_ind": 6.74867098870909, 
    "is_direct": true, 
    "gllbsc_dir-gap": 0.0, 
    "FermiLevel": 0.222604852298, 
    "XCFunctional": "RPBE", 
    "FermiWidth": 0.0036749309468, 
    "structure": {
        "lattice": {
            "a": 4.306516909477079, 
            "c": 4.306516909477079, 
            "b": 4.306516909477079, 
            "matrix": [
                [
                    4.306516909477079, 
                    0.0, 
                    0.0
                ], 
                [
                    0.0, 
                    4.306516909477079, 
                    0.0
                ], 
                [
                    0.0, 
                    0.0, 
                    4.306516909477079
                ]
            ], 
            "volume": 79.86904110987523, 
            "beta": 90.0, 
            "alpha": 90.0, 
            "gamma": 90.0
        }, 
        "sites": [
            {
                "label": "Os", 
                "xyz": [
                    0.005344466425737212, 
                    0.0, 
                    0.0
                ], 
                "abc": [
                    0.0012410183306086604, 
                    0.0, 
                    0.0
                ], 
                "properties": {}, 
                "species": [
                    {
                        "occu": 1, 
                        "element": "Os"
                    }
                ]
            }, 
            {
                "label": "Sb", 
                "xyz": [
                    2.178055380494666, 
                    2.15325845473854, 
                    2.15325845473854
                ], 
                "abc": [
                    0.5057580003230819, 
                    0.5000000000000001, 
                    0.5000000000000001
                ], 
                "properties": {}, 
                "species": [
                    {
                        "occu": 1, 
                        "element": "Sb"
                    }
                ]
            }, 
            {
                "label": "F", 
                "xyz": [
                    2.148926182084523, 
                    0.0, 
                    2.15325845473854
                ], 
                "abc": [
                    0.49899401935599447, 
                    0.0, 
                    0.5000000000000001
                ], 
                "properties": {}, 
                "species": [
                    {
                        "occu": 1, 
                        "element": "F"
                    }
                ]
            }, 
            {
                "label": "O", 
                "xyz": [
                    2.154386137849828, 
                    2.15325845473854, 
                    0.0
                ], 
                "abc": [
                    0.5002618550292481, 
                    0.5000000000000001, 
                    0.0
                ], 
                "properties": {}, 
                "species": [
                    {
                        "occu": 1, 
                        "element": "O"
                    }
                ]
            }, 
            {
                "label": "O", 
                "xyz": [
                    0.015732842407065677, 
                    2.15325845473854, 
                    2.15325845473854
                ], 
                "abc": [
                    0.003653263818015763, 
                    0.5000000000000001, 
                    0.5000000000000001
                ], 
                "properties": {}, 
                "species": [
                    {
                        "occu": 1, 
                        "element": "O"
                    }
                ]
            }
        ], 
        "@class": "Structure", 
        "@module": "pymatgen.core.structure"
    }
}