{
    "A": "Os", 
    "gllbsc_ind-gap": 0.0, 
    "B": "Sc", 
    "anion": "O2S", 
    "CB_ind": 5.650503296231144, 
    "anion_idx": 6, 
    "heat_of_formation_all": 1.66, 
    "CB_dir": 5.650503296231144, 
    "filename": "/Users/ajain/Documents/papers_proposals/2012Paper_UNCOptimization/data/rawdata/abo2s/25bc53883a29895f1f2affc3619a4deea30f3a73.json", 
    "sum_magnetic_moments": -3.5044968403934487, 
    "VB_dir": 5.650503296231144, 
    "VB_ind": 5.650503296231144, 
    "is_direct": true, 
    "gllbsc_dir-gap": 0.0, 
    "FermiLevel": 0.210462994675, 
    "XCFunctional": "RPBE", 
    "FermiWidth": 0.0018374654734, 
    "structure": {
        "lattice": {
            "a": 4.352605808936862, 
            "c": 4.352605808936862, 
            "b": 4.352605808936862, 
            "matrix": [
                [
                    4.352605808936862, 
                    0.0, 
                    0.0
                ], 
                [
                    0.0, 
                    4.352605808936862, 
                    0.0
                ], 
                [
                    0.0, 
                    0.0, 
                    4.352605808936862
                ]
            ], 
            "volume": 82.4608888891522, 
            "beta": 90.0, 
            "alpha": 90.0, 
            "gamma": 90.0
        }, 
        "sites": [
            {
                "label": "Os", 
                "xyz": [
                    0.34421628311272134, 
                    0.0, 
                    1.7782797307723202e-16
                ], 
                "abc": [
                    0.0790828065353332, 
                    0.0, 
                    4.0855519861714075e-17
                ], 
                "properties": {}, 
                "species": [
                    {
                        "occu": 1, 
                        "element": "Os"
                    }
                ]
            }, 
            {
                "label": "Sc", 
                "xyz": [
                    2.4424842673252587, 
                    2.176302904468431, 
                    2.176302904468431
                ], 
                "abc": [
                    0.5611544841277146, 
                    0.5, 
                    0.5
                ], 
                "properties": {}, 
                "species": [
                    {
                        "occu": 1, 
                        "element": "Sc"
                    }
                ]
            }, 
            {
                "label": "S", 
                "xyz": [
                    1.201041308980988, 
                    2.5630007473668117e-18, 
                    2.176302904468431
                ], 
                "abc": [
                    0.2759361545019732, 
                    5.888428357340342e-19, 
                    0.5
                ], 
                "properties": {}, 
                "species": [
                    {
                        "occu": 1, 
                        "element": "S"
                    }
                ]
            }, 
            {
                "label": "O", 
                "xyz": [
                    2.400340603999425, 
                    2.176302904468431, 
                    4.1329258364638136e-18
                ], 
                "abc": [
                    0.5514720857723884, 
                    0.5, 
                    9.495290908214117e-19
                ], 
                "properties": {}, 
                "species": [
                    {
                        "occu": 1, 
                        "element": "O"
                    }
                ]
            }, 
            {
                "label": "O", 
                "xyz": [
                    0.09634440411498497, 
                    2.176302904468431, 
                    2.176302904468431
                ], 
                "abc": [
                    0.022134879275575246, 
                    0.5, 
                    0.5
                ], 
                "properties": {}, 
                "species": [
                    {
                        "occu": 1, 
                        "element": "O"
                    }
                ]
            }
        ], 
        "@class": "Structure", 
        "@module": "pymatgen.core.structure"
    }
}