{
    "A": "Os", 
    "gllbsc_ind-gap": 0.0, 
    "B": "Sr", 
    "anion": "O2F", 
    "CB_ind": 5.652959933748614, 
    "anion_idx": 4, 
    "heat_of_formation_all": 2.9, 
    "CB_dir": 5.652959933748614, 
    "filename": "/Users/ajain/Documents/papers_proposals/2012Paper_UNCOptimization/data/rawdata/abo2f/ace2ff8e3cc17580fa62975fe28e9e6eab3651f2.json", 
    "sum_magnetic_moments": 0.0, 
    "VB_dir": 5.652959933748614, 
    "VB_ind": 5.652959933748614, 
    "is_direct": true, 
    "gllbsc_dir-gap": 0.0, 
    "FermiLevel": 0.0717124749463, 
    "XCFunctional": "RPBE", 
    "FermiWidth": 0.0036749309468, 
    "structure": {
        "lattice": {
            "a": 4.610719840406548, 
            "c": 4.610719840406548, 
            "b": 4.610719840406548, 
            "matrix": [
                [
                    4.610719840406548, 
                    0.0, 
                    0.0
                ], 
                [
                    0.0, 
                    4.610719840406548, 
                    0.0
                ], 
                [
                    0.0, 
                    0.0, 
                    4.610719840406548
                ]
            ], 
            "volume": 98.01808252757904, 
            "beta": 90.0, 
            "alpha": 90.0, 
            "gamma": 90.0
        }, 
        "sites": [
            {
                "label": "Os", 
                "xyz": [
                    0.0011589708452606944, 
                    0.0, 
                    0.0
                ], 
                "abc": [
                    0.00025136440412274163, 
                    0.0, 
                    0.0
                ], 
                "properties": {}, 
                "species": [
                    {
                        "occu": 1, 
                        "element": "Os"
                    }
                ]
            }, 
            {
                "label": "Sr", 
                "xyz": [
                    2.32611160375144, 
                    2.305359920203274, 
                    2.305359920203274
                ], 
                "abc": [
                    0.5045007470127129, 
                    0.5, 
                    0.5
                ], 
                "properties": {}, 
                "species": [
                    {
                        "occu": 1, 
                        "element": "Sr"
                    }
                ]
            }, 
            {
                "label": "F", 
                "xyz": [
                    2.304371952880029, 
                    0.0, 
                    2.305359920203274
                ], 
                "abc": [
                    0.4997857238441193, 
                    0.0, 
                    0.5
                ], 
                "properties": {}, 
                "species": [
                    {
                        "occu": 1, 
                        "element": "F"
                    }
                ]
            }, 
            {
                "label": "O", 
                "xyz": [
                    2.304367256580311, 
                    2.305359920203274, 
                    0.0
                ], 
                "abc": [
                    0.4997847052830528, 
                    0.5, 
                    0.0
                ], 
                "properties": {}, 
                "species": [
                    {
                        "occu": 1, 
                        "element": "O"
                    }
                ]
            }, 
            {
                "label": "O", 
                "xyz": [
                    0.02185169014966215, 
                    2.305359920203274, 
                    2.305359920203274
                ], 
                "abc": [
                    0.004739322905322174, 
                    0.5, 
                    0.5
                ], 
                "properties": {}, 
                "species": [
                    {
                        "occu": 1, 
                        "element": "O"
                    }
                ]
            }
        ], 
        "@class": "Structure", 
        "@module": "pymatgen.core.structure"
    }
}