{
    "A": "Os", 
    "gllbsc_ind-gap": 0.0, 
    "B": "Y", 
    "anion": "O2S", 
    "CB_ind": 5.598813174368653, 
    "anion_idx": 6, 
    "heat_of_formation_all": 1.18, 
    "CB_dir": 5.598813174368653, 
    "filename": "/Users/ajain/Documents/papers_proposals/2012Paper_UNCOptimization/data/rawdata/abo2s/25b2d1ecde54b176f2f104faafd40279650fcca3.json", 
    "sum_magnetic_moments": 1.2248697282167205, 
    "VB_dir": 5.598813174368653, 
    "VB_ind": 5.598813174368653, 
    "is_direct": true, 
    "gllbsc_dir-gap": 0.0, 
    "FermiLevel": 0.223910102262, 
    "XCFunctional": "RPBE", 
    "FermiWidth": 0.0018374654734, 
    "structure": {
        "lattice": {
            "a": 4.437316130100601, 
            "c": 4.437316130100601, 
            "b": 4.437316130100601, 
            "matrix": [
                [
                    4.437316130100601, 
                    0.0, 
                    0.0
                ], 
                [
                    0.0, 
                    4.437316130100601, 
                    0.0
                ], 
                [
                    0.0, 
                    0.0, 
                    4.437316130100601
                ]
            ], 
            "volume": 87.36975371378104, 
            "beta": 90.0, 
            "alpha": 90.0, 
            "gamma": 90.0
        }, 
        "sites": [
            {
                "label": "Os", 
                "xyz": [
                    4.004826406347099, 
                    0.0, 
                    0.0
                ], 
                "abc": [
                    0.9025334884707218, 
                    0.0, 
                    0.0
                ], 
                "properties": {}, 
                "species": [
                    {
                        "occu": 1, 
                        "element": "Os"
                    }
                ]
            }, 
            {
                "label": "Y", 
                "xyz": [
                    3.0321764864581255, 
                    2.2186580650503, 
                    2.2186580650503
                ], 
                "abc": [
                    0.683335691565744, 
                    0.4999999999999998, 
                    0.4999999999999998
                ], 
                "properties": {}, 
                "species": [
                    {
                        "occu": 1, 
                        "element": "Y"
                    }
                ]
            }, 
            {
                "label": "S", 
                "xyz": [
                    0.21782424516879273, 
                    0.0, 
                    2.2186580650503
                ], 
                "abc": [
                    0.049089187874440283, 
                    0.0, 
                    0.4999999999999998
                ], 
                "properties": {}, 
                "species": [
                    {
                        "occu": 1, 
                        "element": "S"
                    }
                ]
            }, 
            {
                "label": "O", 
                "xyz": [
                    3.462827125629776, 
                    2.2186580650503, 
                    0.0
                ], 
                "abc": [
                    0.7803877443258179, 
                    0.4999999999999998, 
                    0.0
                ], 
                "properties": {}, 
                "species": [
                    {
                        "occu": 1, 
                        "element": "O"
                    }
                ]
            }, 
            {
                "label": "O", 
                "xyz": [
                    0.8024796275857239, 
                    2.2186580650503, 
                    2.2186580650503
                ], 
                "abc": [
                    0.1808479729767485, 
                    0.4999999999999998, 
                    0.4999999999999998
                ], 
                "properties": {}, 
                "species": [
                    {
                        "occu": 1, 
                        "element": "O"
                    }
                ]
            }
        ], 
        "@class": "Structure", 
        "@module": "pymatgen.core.structure"
    }
}