{
    "A": "Os", 
    "gllbsc_ind-gap": 0.0, 
    "B": "Zn", 
    "anion": "O2F", 
    "CB_ind": 6.633487428257426, 
    "anion_idx": 4, 
    "heat_of_formation_all": 1.84, 
    "CB_dir": 6.633487428257426, 
    "filename": "/Users/ajain/Documents/papers_proposals/2012Paper_UNCOptimization/data/rawdata/abo2f/35413a849a9ccee003991665e9202ba4a4b0106e.json", 
    "sum_magnetic_moments": 4.800500804025071, 
    "VB_dir": 6.633487428257426, 
    "VB_ind": 6.633487428257426, 
    "is_direct": true, 
    "gllbsc_dir-gap": 0.0, 
    "FermiLevel": 0.212838896562, 
    "XCFunctional": "RPBE", 
    "FermiWidth": 0.0036749309468, 
    "structure": {
        "lattice": {
            "a": 3.9459796375306997, 
            "c": 3.9459796375306997, 
            "b": 3.9459796375306997, 
            "matrix": [
                [
                    3.9459796375306997, 
                    0.0, 
                    0.0
                ], 
                [
                    0.0, 
                    3.9459796375306997, 
                    0.0
                ], 
                [
                    0.0, 
                    0.0, 
                    3.9459796375306997
                ]
            ], 
            "volume": 61.4418833540113, 
            "beta": 90.0, 
            "alpha": 90.0, 
            "gamma": 90.0
        }, 
        "sites": [
            {
                "label": "Os", 
                "xyz": [
                    0.0018296184240998157, 
                    0.0, 
                    0.0
                ], 
                "abc": [
                    0.0004636664636325258, 
                    0.0, 
                    0.0
                ], 
                "properties": {}, 
                "species": [
                    {
                        "occu": 1, 
                        "element": "Os"
                    }
                ]
            }, 
            {
                "label": "Zn", 
                "xyz": [
                    1.9951807462507405, 
                    1.9729898187653498, 
                    1.9729898187653498
                ], 
                "abc": [
                    0.5056236801818058, 
                    0.5, 
                    0.5
                ], 
                "properties": {}, 
                "species": [
                    {
                        "occu": 1, 
                        "element": "Zn"
                    }
                ]
            }, 
            {
                "label": "F", 
                "xyz": [
                    1.9707716584083457, 
                    0.0, 
                    1.9729898187653498
                ], 
                "abc": [
                    0.49943786827080733, 
                    0.0, 
                    0.5
                ], 
                "properties": {}, 
                "species": [
                    {
                        "occu": 1, 
                        "element": "F"
                    }
                ]
            }, 
            {
                "label": "O", 
                "xyz": [
                    1.9727973532499334, 
                    1.9729898187653498, 
                    0.0
                ], 
                "abc": [
                    0.49995122490912375, 
                    0.5, 
                    0.0
                ], 
                "properties": {}, 
                "species": [
                    {
                        "occu": 1, 
                        "element": "O"
                    }
                ]
            }, 
            {
                "label": "O", 
                "xyz": [
                    0.018371190553399044, 
                    1.9729898187653498, 
                    1.9729898187653498
                ], 
                "abc": [
                    0.004655672923060317, 
                    0.5, 
                    0.5
                ], 
                "properties": {}, 
                "species": [
                    {
                        "occu": 1, 
                        "element": "O"
                    }
                ]
            }
        ], 
        "@class": "Structure", 
        "@module": "pymatgen.core.structure"
    }
}