{
    "A": "Pb", 
    "gllbsc_ind-gap": 4.2, 
    "B": "Al", 
    "anion": "O2F", 
    "CB_ind": 3.8360706764518606, 
    "anion_idx": 4, 
    "heat_of_formation_all": 0.2, 
    "CB_dir": 3.5860706764518606, 
    "filename": "/Users/ajain/Documents/papers_proposals/2012Paper_UNCOptimization/data/rawdata/abo2f/d580919e97854e82fa767cfbb0fe311ad959b386.json", 
    "sum_magnetic_moments": 1.579564810740112e-15, 
    "VB_dir": 8.28607067645186, 
    "VB_ind": 8.03607067645186, 
    "is_direct": false, 
    "gllbsc_dir-gap": 4.7, 
    "FermiLevel": 0.306519192242, 
    "XCFunctional": "RPBE", 
    "FermiWidth": 0.0036749309468, 
    "structure": {
        "lattice": {
            "a": 3.893001429413447, 
            "c": 3.893001429413447, 
            "b": 3.893001429413447, 
            "matrix": [
                [
                    3.893001429413447, 
                    0.0, 
                    0.0
                ], 
                [
                    0.0, 
                    3.893001429413447, 
                    0.0
                ], 
                [
                    0.0, 
                    0.0, 
                    3.893001429413447
                ]
            ], 
            "volume": 59.00022794723165, 
            "beta": 90.0, 
            "alpha": 90.0, 
            "gamma": 90.0
        }, 
        "sites": [
            {
                "label": "Pb", 
                "xyz": [
                    0.014586391426020862, 
                    0.0, 
                    0.0
                ], 
                "abc": [
                    0.0037468240612022, 
                    0.0, 
                    0.0
                ], 
                "properties": {}, 
                "species": [
                    {
                        "occu": 1, 
                        "element": "Pb"
                    }
                ]
            }, 
            {
                "label": "Al", 
                "xyz": [
                    1.9520444019448093, 
                    1.9465007147067233, 
                    1.9465007147067233
                ], 
                "abc": [
                    0.5014240136662167, 
                    0.49999999999999994, 
                    0.49999999999999994
                ], 
                "properties": {}, 
                "species": [
                    {
                        "occu": 1, 
                        "element": "Al"
                    }
                ]
            }, 
            {
                "label": "F", 
                "xyz": [
                    1.952446615362596, 
                    0.0, 
                    1.9465007147067233
                ], 
                "abc": [
                    0.501527330714792, 
                    0.0, 
                    0.49999999999999994
                ], 
                "properties": {}, 
                "species": [
                    {
                        "occu": 1, 
                        "element": "F"
                    }
                ]
            }, 
            {
                "label": "O", 
                "xyz": [
                    1.9556169354888138, 
                    1.9465007147067233, 
                    0.0
                ], 
                "abc": [
                    0.5023416946917134, 
                    0.49999999999999994, 
                    0.0
                ], 
                "properties": {}, 
                "species": [
                    {
                        "occu": 1, 
                        "element": "O"
                    }
                ]
            }, 
            {
                "label": "O", 
                "xyz": [
                    0.005588037547349142, 
                    1.9465007147067233, 
                    1.9465007147067233
                ], 
                "abc": [
                    0.0014354059839610908, 
                    0.49999999999999994, 
                    0.49999999999999994
                ], 
                "properties": {}, 
                "species": [
                    {
                        "occu": 1, 
                        "element": "O"
                    }
                ]
            }
        ], 
        "@class": "Structure", 
        "@module": "pymatgen.core.structure"
    }
}