{
    "A": "Pb", 
    "gllbsc_ind-gap": 0.0, 
    "B": "Bi", 
    "anion": "O2N", 
    "CB_ind": 5.804745149327518, 
    "anion_idx": 1, 
    "heat_of_formation_all": 0.94, 
    "CB_dir": 5.804745149327518, 
    "filename": "/Users/ajain/Documents/papers_proposals/2012Paper_UNCOptimization/data/rawdata/abo2n/32dc1eb51ae2c5c4d4d800584e8487cbc67bf86d.json", 
    "sum_magnetic_moments": 0.0035051904851357563, 
    "VB_dir": 5.804745149327518, 
    "VB_ind": 5.804745149327518, 
    "is_direct": true, 
    "gllbsc_dir-gap": 0.0, 
    "FermiLevel": 0.215159596537, 
    "XCFunctional": "RPBE", 
    "FermiWidth": 0.0018374654734, 
    "structure": {
        "lattice": {
            "a": 4.376413647235664, 
            "c": 4.376413647235664, 
            "b": 4.376413647235664, 
            "matrix": [
                [
                    4.376413647235664, 
                    0.0, 
                    0.0
                ], 
                [
                    0.0, 
                    4.376413647235664, 
                    0.0
                ], 
                [
                    0.0, 
                    0.0, 
                    4.376413647235664
                ]
            ], 
            "volume": 83.82143488166581, 
            "beta": 90.0, 
            "alpha": 90.0, 
            "gamma": 90.0
        }, 
        "sites": [
            {
                "label": "Pb", 
                "xyz": [
                    0.6834014630254297, 
                    0.0, 
                    2.1388858690764999e-16
                ], 
                "abc": [
                    0.15615559179537253, 
                    0.0, 
                    4.887302804266491e-17
                ], 
                "properties": {}, 
                "species": [
                    {
                        "occu": 1, 
                        "element": "Pb"
                    }
                ]
            }, 
            {
                "label": "Bi", 
                "xyz": [
                    2.5018839120611207, 
                    2.1882068236178314, 
                    2.1882068236178314
                ], 
                "abc": [
                    0.5716744608091197, 
                    0.49999999999999994, 
                    0.49999999999999994
                ], 
                "properties": {}, 
                "species": [
                    {
                        "occu": 1, 
                        "element": "Bi"
                    }
                ]
            }, 
            {
                "label": "N", 
                "xyz": [
                    2.0332266868929225, 
                    0.0, 
                    2.1882068236178314
                ], 
                "abc": [
                    0.46458741124189634, 
                    0.0, 
                    0.49999999999999994
                ], 
                "properties": {}, 
                "species": [
                    {
                        "occu": 1, 
                        "element": "N"
                    }
                ]
            }, 
            {
                "label": "O", 
                "xyz": [
                    2.1071644640393856, 
                    2.1882068236178314, 
                    7.3115059130137325e-19
                ], 
                "abc": [
                    0.48148201561576887, 
                    0.49999999999999994, 
                    1.6706615284485284e-19
                ], 
                "properties": {}, 
                "species": [
                    {
                        "occu": 1, 
                        "element": "O"
                    }
                ]
            }, 
            {
                "label": "O", 
                "xyz": [
                    0.23504854411185006, 
                    2.1882068236178314, 
                    2.1882068236178314
                ], 
                "abc": [
                    0.05370802740739946, 
                    0.49999999999999994, 
                    0.49999999999999994
                ], 
                "properties": {}, 
                "species": [
                    {
                        "occu": 1, 
                        "element": "O"
                    }
                ]
            }
        ], 
        "@class": "Structure", 
        "@module": "pymatgen.core.structure"
    }
}