{
    "A": "Pb", 
    "gllbsc_ind-gap": 0.0, 
    "B": "K", 
    "anion": "N3", 
    "CB_ind": 5.148416102644772, 
    "anion_idx": 3, 
    "heat_of_formation_all": 2.56, 
    "CB_dir": 5.148416102644772, 
    "filename": "/Users/ajain/Documents/papers_proposals/2012Paper_UNCOptimization/data/rawdata/abn3/6f03530e651ef63b9f0bb08488b33c869a9c1648.json", 
    "sum_magnetic_moments": 0.658809529570739, 
    "VB_dir": 5.148416102644772, 
    "VB_ind": 5.148416102644772, 
    "is_direct": true, 
    "gllbsc_dir-gap": 0.0, 
    "FermiLevel": 0.152097314829, 
    "XCFunctional": "RPBE", 
    "FermiWidth": 0.0018374654734, 
    "structure": {
        "lattice": {
            "a": 4.5486198797687445, 
            "c": 4.5486198797687445, 
            "b": 4.5486198797687445, 
            "matrix": [
                [
                    4.5486198797687445, 
                    0.0, 
                    0.0
                ], 
                [
                    0.0, 
                    4.5486198797687445, 
                    0.0
                ], 
                [
                    0.0, 
                    0.0, 
                    4.5486198797687445
                ]
            ], 
            "volume": 94.11068517969834, 
            "beta": 90.0, 
            "alpha": 90.0, 
            "gamma": 90.0
        }, 
        "sites": [
            {
                "label": "Pb", 
                "xyz": [
                    1.0579001600848874, 
                    1.4473784865868327e-15, 
                    1.350147260857596e-16
                ], 
                "abc": [
                    0.23257607539161348, 
                    3.182016798159926e-16, 
                    2.96825695825398e-17
                ], 
                "properties": {}, 
                "species": [
                    {
                        "occu": 1, 
                        "element": "Pb"
                    }
                ]
            }, 
            {
                "label": "K", 
                "xyz": [
                    3.303484297842313, 
                    2.274309939884373, 
                    2.274309939884373
                ], 
                "abc": [
                    0.7262607967167098, 
                    0.5000000000000002, 
                    0.5000000000000002
                ], 
                "properties": {}, 
                "species": [
                    {
                        "occu": 1, 
                        "element": "K"
                    }
                ]
            }, 
            {
                "label": "N", 
                "xyz": [
                    0.9888395947525935, 
                    0.0, 
                    2.274309939884373
                ], 
                "abc": [
                    0.2173933238850609, 
                    0.0, 
                    0.5000000000000002
                ], 
                "properties": {}, 
                "species": [
                    {
                        "occu": 1, 
                        "element": "N"
                    }
                ]
            }, 
            {
                "label": "N", 
                "xyz": [
                    0.9888395947525959, 
                    2.274309939884373, 
                    0.0
                ], 
                "abc": [
                    0.21739332388506144, 
                    0.5000000000000002, 
                    0.0
                ], 
                "properties": {}, 
                "species": [
                    {
                        "occu": 1, 
                        "element": "N"
                    }
                ]
            }, 
            {
                "label": "N", 
                "xyz": [
                    1.0262158050203087, 
                    2.274309939884373, 
                    2.274309939884373
                ], 
                "abc": [
                    0.22561036801177645, 
                    0.5000000000000002, 
                    0.5000000000000002
                ], 
                "properties": {}, 
                "species": [
                    {
                        "occu": 1, 
                        "element": "N"
                    }
                ]
            }
        ], 
        "@class": "Structure", 
        "@module": "pymatgen.core.structure"
    }
}