{
    "A": "Pb", 
    "gllbsc_ind-gap": 0.0, 
    "B": "Os", 
    "anion": "N3", 
    "CB_ind": 5.926145888059643, 
    "anion_idx": 3, 
    "heat_of_formation_all": 1.1, 
    "CB_dir": 5.926145888059643, 
    "filename": "/Users/ajain/Documents/papers_proposals/2012Paper_UNCOptimization/data/rawdata/abn3/119a265edfdd7d756132944c17d13e20a4903ca1.json", 
    "sum_magnetic_moments": 0.24395905025256326, 
    "VB_dir": 5.926145888059643, 
    "VB_ind": 5.926145888059643, 
    "is_direct": true, 
    "gllbsc_dir-gap": 0.0, 
    "FermiLevel": 0.338196312532, 
    "XCFunctional": "RPBE", 
    "FermiWidth": 0.0018374654734, 
    "structure": {
        "lattice": {
            "a": 4.002735904719534, 
            "c": 4.002735904719534, 
            "b": 4.002735904719534, 
            "matrix": [
                [
                    4.002735904719534, 
                    0.0, 
                    0.0
                ], 
                [
                    0.0, 
                    4.002735904719534, 
                    0.0
                ], 
                [
                    0.0, 
                    0.0, 
                    4.002735904719534
                ]
            ], 
            "volume": 64.13141326911199, 
            "beta": 90.0, 
            "alpha": 90.0, 
            "gamma": 90.0
        }, 
        "sites": [
            {
                "label": "Pb", 
                "xyz": [
                    0.085889414120782, 
                    6.916977857252503e-18, 
                    0.0
                ], 
                "abc": [
                    0.02145767699025853, 
                    1.7280625107184446e-18, 
                    0.0
                ], 
                "properties": {}, 
                "species": [
                    {
                        "occu": 1, 
                        "element": "Pb"
                    }
                ]
            }, 
            {
                "label": "Os", 
                "xyz": [
                    2.056354328523403, 
                    2.001367952359767, 
                    2.001367952359767
                ], 
                "abc": [
                    0.5137371981246134, 
                    0.5, 
                    0.5
                ], 
                "properties": {}, 
                "species": [
                    {
                        "occu": 1, 
                        "element": "Os"
                    }
                ]
            }, 
            {
                "label": "N", 
                "xyz": [
                    2.032942859114884, 
                    0.0, 
                    2.001367952359767
                ], 
                "abc": [
                    0.5078883312580996, 
                    0.0, 
                    0.5
                ], 
                "properties": {}, 
                "species": [
                    {
                        "occu": 1, 
                        "element": "N"
                    }
                ]
            }, 
            {
                "label": "N", 
                "xyz": [
                    2.032942859114884, 
                    2.001367952359767, 
                    0.0
                ], 
                "abc": [
                    0.5078883312580996, 
                    0.5, 
                    0.0
                ], 
                "properties": {}, 
                "species": [
                    {
                        "occu": 1, 
                        "element": "N"
                    }
                ]
            }, 
            {
                "label": "N", 
                "xyz": [
                    0.0389911595199345, 
                    2.001367952359767, 
                    2.001367952359767
                ], 
                "abc": [
                    0.009741127181026587, 
                    0.5, 
                    0.5
                ], 
                "properties": {}, 
                "species": [
                    {
                        "occu": 1, 
                        "element": "N"
                    }
                ]
            }
        ], 
        "@class": "Structure", 
        "@module": "pymatgen.core.structure"
    }
}