{
    "A": "Pb", 
    "gllbsc_ind-gap": 0.0, 
    "B": "Rb", 
    "anion": "O3", 
    "CB_ind": 5.222880358281222, 
    "anion_idx": 0, 
    "heat_of_formation_all": 1.44, 
    "CB_dir": 5.222880358281222, 
    "filename": "/Users/ajain/Documents/papers_proposals/2012Paper_UNCOptimization/data/rawdata/abo3/d56922e80d2eb0665a1e33ae219ed012eeb5bacb.json", 
    "sum_magnetic_moments": 0.3361223600006937, 
    "VB_dir": 5.222880358281222, 
    "VB_ind": 5.222880358281222, 
    "is_direct": true, 
    "gllbsc_dir-gap": 0.0, 
    "FermiLevel": 0.108139893017, 
    "XCFunctional": "RPBE", 
    "FermiWidth": 0.0018374654734, 
    "structure": {
        "lattice": {
            "a": 4.643734318538381, 
            "c": 4.643734318538381, 
            "b": 4.643734318538381, 
            "matrix": [
                [
                    4.643734318538381, 
                    0.0, 
                    0.0
                ], 
                [
                    0.0, 
                    4.643734318538381, 
                    0.0
                ], 
                [
                    0.0, 
                    0.0, 
                    4.643734318538381
                ]
            ], 
            "volume": 100.13873332156581, 
            "beta": 90.0, 
            "alpha": 90.0, 
            "gamma": 90.0
        }, 
        "sites": [
            {
                "label": "Pb", 
                "xyz": [
                    0.33902292170232623, 
                    4.64373431853838, 
                    1.0468522869484918e-15
                ], 
                "abc": [
                    0.07300652846328942, 
                    0.9999999999999999, 
                    2.25433286045096e-16
                ], 
                "properties": {}, 
                "species": [
                    {
                        "occu": 1, 
                        "element": "Pb"
                    }
                ]
            }, 
            {
                "label": "Rb", 
                "xyz": [
                    3.230061867348985, 
                    2.3218671592691904, 
                    2.3218671592691904
                ], 
                "abc": [
                    0.6955742180284012, 
                    0.5, 
                    0.5
                ], 
                "properties": {}, 
                "species": [
                    {
                        "occu": 1, 
                        "element": "Rb"
                    }
                ]
            }, 
            {
                "label": "O", 
                "xyz": [
                    1.2051628804646097, 
                    0.0, 
                    2.3218671592691904
                ], 
                "abc": [
                    0.2595245114806516, 
                    0.0, 
                    0.5
                ], 
                "properties": {}, 
                "species": [
                    {
                        "occu": 1, 
                        "element": "O"
                    }
                ]
            }, 
            {
                "label": "O", 
                "xyz": [
                    1.205162880464613, 
                    2.3218671592691904, 
                    0.0
                ], 
                "abc": [
                    0.2595245114806523, 
                    0.5, 
                    0.0
                ], 
                "properties": {}, 
                "species": [
                    {
                        "occu": 1, 
                        "element": "O"
                    }
                ]
            }, 
            {
                "label": "O", 
                "xyz": [
                    0.9344059831663456, 
                    2.3218671592691904, 
                    2.3218671592691904
                ], 
                "abc": [
                    0.2012186570269702, 
                    0.5, 
                    0.5
                ], 
                "properties": {}, 
                "species": [
                    {
                        "occu": 1, 
                        "element": "O"
                    }
                ]
            }
        ], 
        "@class": "Structure", 
        "@module": "pymatgen.core.structure"
    }
}