{
    "A": "Pb", 
    "gllbsc_ind-gap": 0.0, 
    "B": "Re", 
    "anion": "O3", 
    "CB_ind": 5.81695602334505, 
    "anion_idx": 0, 
    "heat_of_formation_all": 0.46, 
    "CB_dir": 5.81695602334505, 
    "filename": "/Users/ajain/Documents/papers_proposals/2012Paper_UNCOptimization/data/rawdata/abo3/c4a161838ce3c5ea64322641351d845dfe788cc3.json", 
    "sum_magnetic_moments": 0.35170446716478676, 
    "VB_dir": 5.81695602334505, 
    "VB_ind": 5.81695602334505, 
    "is_direct": true, 
    "gllbsc_dir-gap": 0.0, 
    "FermiLevel": 0.369368944734, 
    "XCFunctional": "RPBE", 
    "FermiWidth": 0.0018374654734, 
    "structure": {
        "lattice": {
            "a": 4.013922212156228, 
            "c": 4.013922212156228, 
            "b": 4.013922212156228, 
            "matrix": [
                [
                    4.013922212156228, 
                    0.0, 
                    0.0
                ], 
                [
                    0.0, 
                    4.013922212156228, 
                    0.0
                ], 
                [
                    0.0, 
                    0.0, 
                    4.013922212156228
                ]
            ], 
            "volume": 64.67059481790923, 
            "beta": 90.0, 
            "alpha": 90.0, 
            "gamma": 90.0
        }, 
        "sites": [
            {
                "label": "Pb", 
                "xyz": [
                    0.007254804400101938, 
                    2.0769292730346595e-20, 
                    0.0
                ], 
                "abc": [
                    0.0018074103125692487, 
                    5.174313709280778e-21, 
                    0.0
                ], 
                "properties": {}, 
                "species": [
                    {
                        "occu": 1, 
                        "element": "Pb"
                    }
                ]
            }, 
            {
                "label": "Re", 
                "xyz": [
                    2.016907143842807, 
                    2.0069611060781143, 
                    2.0069611060781143
                ], 
                "abc": [
                    0.5024778850308985, 
                    0.5000000000000001, 
                    0.5000000000000001
                ], 
                "properties": {}, 
                "species": [
                    {
                        "occu": 1, 
                        "element": "Re"
                    }
                ]
            }, 
            {
                "label": "O", 
                "xyz": [
                    2.0150104437797975, 
                    0.0, 
                    2.0069611060781143
                ], 
                "abc": [
                    0.5020053546820878, 
                    0.0, 
                    0.5000000000000001
                ], 
                "properties": {}, 
                "species": [
                    {
                        "occu": 1, 
                        "element": "O"
                    }
                ]
            }, 
            {
                "label": "O", 
                "xyz": [
                    2.0150104437797975, 
                    2.0069611060781143, 
                    0.0
                ], 
                "abc": [
                    0.5020053546820878, 
                    0.5000000000000001, 
                    0.0
                ], 
                "properties": {}, 
                "species": [
                    {
                        "occu": 1, 
                        "element": "O"
                    }
                ]
            }, 
            {
                "label": "O", 
                "xyz": [
                    0.01136605480937845, 
                    2.0069611060781143, 
                    2.0069611060781143
                ], 
                "abc": [
                    0.0028316579666033815, 
                    0.5000000000000001, 
                    0.5000000000000001
                ], 
                "properties": {}, 
                "species": [
                    {
                        "occu": 1, 
                        "element": "O"
                    }
                ]
            }
        ], 
        "@class": "Structure", 
        "@module": "pymatgen.core.structure"
    }
}