{
    "A": "Pb", 
    "gllbsc_ind-gap": 0.0, 
    "B": "Re", 
    "anion": "N3", 
    "CB_ind": 5.695599474821967, 
    "anion_idx": 3, 
    "heat_of_formation_all": 0.64, 
    "CB_dir": 5.695599474821967, 
    "filename": "/Users/ajain/Documents/papers_proposals/2012Paper_UNCOptimization/data/rawdata/abn3/449d1ea810242f620c4cf40ecd4501fd2ca3e605.json", 
    "sum_magnetic_moments": 0.0015705302807909052, 
    "VB_dir": 5.695599474821967, 
    "VB_ind": 5.695599474821967, 
    "is_direct": true, 
    "gllbsc_dir-gap": 0.0, 
    "FermiLevel": 0.341050921824, 
    "XCFunctional": "RPBE", 
    "FermiWidth": 0.0018374654734, 
    "structure": {
        "lattice": {
            "a": 3.989776382874994, 
            "c": 3.989776382874994, 
            "b": 3.989776382874994, 
            "matrix": [
                [
                    3.989776382874994, 
                    0.0, 
                    0.0
                ], 
                [
                    0.0, 
                    3.989776382874994, 
                    0.0
                ], 
                [
                    0.0, 
                    0.0, 
                    3.989776382874994
                ]
            ], 
            "volume": 63.51051957756867, 
            "beta": 90.0, 
            "alpha": 90.0, 
            "gamma": 90.0
        }, 
        "sites": [
            {
                "label": "Pb", 
                "xyz": [
                    0.0, 
                    0.0, 
                    0.0
                ], 
                "abc": [
                    0.0, 
                    0.0, 
                    0.0
                ], 
                "properties": {}, 
                "species": [
                    {
                        "occu": 1, 
                        "element": "Pb"
                    }
                ]
            }, 
            {
                "label": "Re", 
                "xyz": [
                    1.9948881914374956, 
                    1.9948881914374956, 
                    1.9948881914374956
                ], 
                "abc": [
                    0.49999999999999967, 
                    0.49999999999999967, 
                    0.49999999999999967
                ], 
                "properties": {}, 
                "species": [
                    {
                        "occu": 1, 
                        "element": "Re"
                    }
                ]
            }, 
            {
                "label": "N", 
                "xyz": [
                    1.9948881914374956, 
                    0.0, 
                    1.9948881914374956
                ], 
                "abc": [
                    0.49999999999999967, 
                    0.0, 
                    0.49999999999999967
                ], 
                "properties": {}, 
                "species": [
                    {
                        "occu": 1, 
                        "element": "N"
                    }
                ]
            }, 
            {
                "label": "N", 
                "xyz": [
                    1.9948881914374956, 
                    1.9948881914374956, 
                    0.0
                ], 
                "abc": [
                    0.49999999999999967, 
                    0.49999999999999967, 
                    0.0
                ], 
                "properties": {}, 
                "species": [
                    {
                        "occu": 1, 
                        "element": "N"
                    }
                ]
            }, 
            {
                "label": "N", 
                "xyz": [
                    0.0, 
                    1.9948881914374956, 
                    1.9948881914374956
                ], 
                "abc": [
                    0.0, 
                    0.49999999999999967, 
                    0.49999999999999967
                ], 
                "properties": {}, 
                "species": [
                    {
                        "occu": 1, 
                        "element": "N"
                    }
                ]
            }
        ], 
        "@class": "Structure", 
        "@module": "pymatgen.core.structure"
    }
}