{
    "A": "Pd", 
    "gllbsc_ind-gap": 0.0, 
    "B": "Co", 
    "anion": "O2S", 
    "CB_ind": 5.832325592992856, 
    "anion_idx": 6, 
    "heat_of_formation_all": 1.1, 
    "CB_dir": 5.832325592992856, 
    "filename": "/Users/ajain/Documents/papers_proposals/2012Paper_UNCOptimization/data/rawdata/abo2s/024699a796ece6e2c47016b775c7a047b510050b.json", 
    "sum_magnetic_moments": 2.0775198803736212, 
    "VB_dir": 5.832325592992856, 
    "VB_ind": 5.832325592992856, 
    "is_direct": true, 
    "gllbsc_dir-gap": 0.0, 
    "FermiLevel": 0.237528836948, 
    "XCFunctional": "RPBE", 
    "FermiWidth": 0.0018374654734, 
    "structure": {
        "lattice": {
            "a": 4.07302867118953, 
            "c": 4.07302867118953, 
            "b": 4.07302867118953, 
            "matrix": [
                [
                    4.07302867118953, 
                    0.0, 
                    0.0
                ], 
                [
                    0.0, 
                    4.07302867118953, 
                    0.0
                ], 
                [
                    0.0, 
                    0.0, 
                    4.07302867118953
                ]
            ], 
            "volume": 67.56976393443227, 
            "beta": 90.0, 
            "alpha": 90.0, 
            "gamma": 90.0
        }, 
        "sites": [
            {
                "label": "Pd", 
                "xyz": [
                    3.258434912263273, 
                    4.073028671189524, 
                    2.0705287186753994e-14
                ], 
                "abc": [
                    0.8000029401491167, 
                    0.9999999999999987, 
                    5.083511278281036e-15
                ], 
                "properties": {}, 
                "species": [
                    {
                        "occu": 1, 
                        "element": "Pd"
                    }
                ]
            }, 
            {
                "label": "Co", 
                "xyz": [
                    2.8005640706882913, 
                    2.036514335594765, 
                    2.036514335594765
                ], 
                "abc": [
                    0.6875876152058574, 
                    0.5, 
                    0.5
                ], 
                "properties": {}, 
                "species": [
                    {
                        "occu": 1, 
                        "element": "Co"
                    }
                ]
            }, 
            {
                "label": "S", 
                "xyz": [
                    0.43993766519969946, 
                    4.073028671189529, 
                    2.036514335594765
                ], 
                "abc": [
                    0.10801241550583426, 
                    0.9999999999999999, 
                    0.5
                ], 
                "properties": {}, 
                "species": [
                    {
                        "occu": 1, 
                        "element": "S"
                    }
                ]
            }, 
            {
                "label": "O", 
                "xyz": [
                    2.792228122062371, 
                    2.036514335594765, 
                    1.1459380273583847e-15
                ], 
                "abc": [
                    0.6855409935641086, 
                    0.5, 
                    2.813478911808674e-16
                ], 
                "properties": {}, 
                "species": [
                    {
                        "occu": 1, 
                        "element": "O"
                    }
                ]
            }, 
            {
                "label": "O", 
                "xyz": [
                    0.8021408367122647, 
                    2.036514335594765, 
                    2.036514335594765
                ], 
                "abc": [
                    0.19693964896102711, 
                    0.5, 
                    0.5
                ], 
                "properties": {}, 
                "species": [
                    {
                        "occu": 1, 
                        "element": "O"
                    }
                ]
            }
        ], 
        "@class": "Structure", 
        "@module": "pymatgen.core.structure"
    }
}