{
    "A": "Pd", 
    "gllbsc_ind-gap": 0.0, 
    "B": "Ir", 
    "anion": "OFN", 
    "CB_ind": 6.704035060986574, 
    "anion_idx": 5, 
    "heat_of_formation_all": 1.18, 
    "CB_dir": 6.704035060986574, 
    "filename": "/Users/ajain/Documents/papers_proposals/2012Paper_UNCOptimization/data/rawdata/abofn/55a474db76efa947d2a24053d64798e7f3eec207.json", 
    "sum_magnetic_moments": 0.03833074152385053, 
    "VB_dir": 6.704035060986574, 
    "VB_ind": 6.704035060986574, 
    "is_direct": true, 
    "gllbsc_dir-gap": 0.0, 
    "FermiLevel": 0.239191605672, 
    "XCFunctional": "RPBE", 
    "FermiWidth": 0.0036749309468, 
    "structure": {
        "lattice": {
            "a": 4.040852471842996, 
            "c": 4.040852471842996, 
            "b": 4.040852471842996, 
            "matrix": [
                [
                    4.040852471842996, 
                    0.0, 
                    0.0
                ], 
                [
                    0.0, 
                    4.040852471842996, 
                    0.0
                ], 
                [
                    0.0, 
                    0.0, 
                    4.040852471842996
                ]
            ], 
            "volume": 65.98101392162133, 
            "beta": 90.0, 
            "alpha": 90.0, 
            "gamma": 90.0
        }, 
        "sites": [
            {
                "label": "Pd", 
                "xyz": [
                    3.6686795672111665, 
                    0.0, 
                    0.0
                ], 
                "abc": [
                    0.9078974282715933, 
                    0.0, 
                    0.0
                ], 
                "properties": {}, 
                "species": [
                    {
                        "occu": 1, 
                        "element": "Pd"
                    }
                ]
            }, 
            {
                "label": "Ir", 
                "xyz": [
                    2.432632648576088, 
                    2.020426235921498, 
                    2.020426235921498
                ], 
                "abc": [
                    0.6020097653965046, 
                    0.5, 
                    0.5
                ], 
                "properties": {}, 
                "species": [
                    {
                        "occu": 1, 
                        "element": "Ir"
                    }
                ]
            }, 
            {
                "label": "F", 
                "xyz": [
                    1.9040002119428991, 
                    0.0, 
                    2.020426235921498
                ], 
                "abc": [
                    0.47118775684342223, 
                    0.0, 
                    0.5
                ], 
                "properties": {}, 
                "species": [
                    {
                        "occu": 1, 
                        "element": "F"
                    }
                ]
            }, 
            {
                "label": "N", 
                "xyz": [
                    2.6854229080334067, 
                    2.020426235921498, 
                    0.0
                ], 
                "abc": [
                    0.6645684114294352, 
                    0.5, 
                    0.0
                ], 
                "properties": {}, 
                "species": [
                    {
                        "occu": 1, 
                        "element": "N"
                    }
                ]
            }, 
            {
                "label": "O", 
                "xyz": [
                    0.46264415615555066, 
                    2.020426235921498, 
                    2.020426235921498
                ], 
                "abc": [
                    0.11449172158085318, 
                    0.5, 
                    0.5
                ], 
                "properties": {}, 
                "species": [
                    {
                        "occu": 1, 
                        "element": "O"
                    }
                ]
            }
        ], 
        "@class": "Structure", 
        "@module": "pymatgen.core.structure"
    }
}