{
    "A": "Pd", 
    "gllbsc_ind-gap": 0.0, 
    "B": "Ni", 
    "anion": "N3", 
    "CB_ind": 5.960506748313897, 
    "anion_idx": 3, 
    "heat_of_formation_all": 1.7, 
    "CB_dir": 5.960506748313897, 
    "filename": "/Users/ajain/Documents/papers_proposals/2012Paper_UNCOptimization/data/rawdata/abn3/e57a23ac43c561913129d0fa954d437450fe246c.json", 
    "sum_magnetic_moments": 0.27387377561515436, 
    "VB_dir": 5.960506748313897, 
    "VB_ind": 5.960506748313897, 
    "is_direct": true, 
    "gllbsc_dir-gap": 0.0, 
    "FermiLevel": 0.277742193671, 
    "XCFunctional": "RPBE", 
    "FermiWidth": 0.0018374654734, 
    "structure": {
        "lattice": {
            "a": 3.7818217237621066, 
            "c": 3.7818217237621066, 
            "b": 3.7818217237621066, 
            "matrix": [
                [
                    3.7818217237621066, 
                    0.0, 
                    0.0
                ], 
                [
                    0.0, 
                    3.7818217237621066, 
                    0.0
                ], 
                [
                    0.0, 
                    0.0, 
                    3.7818217237621066
                ]
            ], 
            "volume": 54.08827819325562, 
            "beta": 90.0, 
            "alpha": 90.0, 
            "gamma": 90.0
        }, 
        "sites": [
            {
                "label": "Pd", 
                "xyz": [
                    0.6144157592638774, 
                    3.781821723762106, 
                    0.0
                ], 
                "abc": [
                    0.16246555341394164, 
                    0.9999999999999999, 
                    0.0
                ], 
                "properties": {}, 
                "species": [
                    {
                        "occu": 1, 
                        "element": "Pd"
                    }
                ]
            }, 
            {
                "label": "Ni", 
                "xyz": [
                    2.0621484545125734, 
                    1.8909108618810537, 
                    1.8909108618810537
                ], 
                "abc": [
                    0.545279128721376, 
                    0.5000000000000001, 
                    0.5000000000000001
                ], 
                "properties": {}, 
                "species": [
                    {
                        "occu": 1, 
                        "element": "Ni"
                    }
                ]
            }, 
            {
                "label": "N", 
                "xyz": [
                    1.557704833019134, 
                    0.0, 
                    1.8909108618810537
                ], 
                "abc": [
                    0.41189271911779857, 
                    0.0, 
                    0.5000000000000001
                ], 
                "properties": {}, 
                "species": [
                    {
                        "occu": 1, 
                        "element": "N"
                    }
                ]
            }, 
            {
                "label": "N", 
                "xyz": [
                    1.5577048330191199, 
                    1.8909108618810537, 
                    0.0
                ], 
                "abc": [
                    0.4118927191177948, 
                    0.5000000000000001, 
                    0.0
                ], 
                "properties": {}, 
                "species": [
                    {
                        "occu": 1, 
                        "element": "N"
                    }
                ]
            }, 
            {
                "label": "N", 
                "xyz": [
                    0.009097217996372826, 
                    1.8909108618810537, 
                    1.8909108618810537
                ], 
                "abc": [
                    0.0024055121211062885, 
                    0.5000000000000001, 
                    0.5000000000000001
                ], 
                "properties": {}, 
                "species": [
                    {
                        "occu": 1, 
                        "element": "N"
                    }
                ]
            }
        ], 
        "@class": "Structure", 
        "@module": "pymatgen.core.structure"
    }
}