{
    "A": "Pd", 
    "gllbsc_ind-gap": 0.0, 
    "B": "Zr", 
    "anion": "O2F", 
    "CB_ind": 6.253172586621741, 
    "anion_idx": 4, 
    "heat_of_formation_all": 0.6, 
    "CB_dir": 6.253172586621741, 
    "filename": "/Users/ajain/Documents/papers_proposals/2012Paper_UNCOptimization/data/rawdata/abo2f/bfd891fcc82d43d13a344bce252f7cdec45536ce.json", 
    "sum_magnetic_moments": -0.9145696567350615, 
    "VB_dir": 6.253172586621741, 
    "VB_ind": 6.253172586621741, 
    "is_direct": true, 
    "gllbsc_dir-gap": 0.0, 
    "FermiLevel": 0.197766663735, 
    "XCFunctional": "RPBE", 
    "FermiWidth": 0.0036749309468, 
    "structure": {
        "lattice": {
            "a": 4.20563534641778, 
            "c": 4.20563534641778, 
            "b": 4.20563534641778, 
            "matrix": [
                [
                    4.20563534641778, 
                    0.0, 
                    0.0
                ], 
                [
                    0.0, 
                    4.20563534641778, 
                    0.0
                ], 
                [
                    0.0, 
                    0.0, 
                    4.20563534641778
                ]
            ], 
            "volume": 74.38662285121985, 
            "beta": 90.0, 
            "alpha": 90.0, 
            "gamma": 90.0
        }, 
        "sites": [
            {
                "label": "Pd", 
                "xyz": [
                    0.0010852357297586952, 
                    0.0, 
                    0.0
                ], 
                "abc": [
                    0.0002580432301823464, 
                    0.0, 
                    0.0
                ], 
                "properties": {}, 
                "species": [
                    {
                        "occu": 1, 
                        "element": "Pd"
                    }
                ]
            }, 
            {
                "label": "Zr", 
                "xyz": [
                    2.1355878936246335, 
                    2.1028176732088895, 
                    2.1028176732088895
                ], 
                "abc": [
                    0.507791978551744, 
                    0.4999999999999999, 
                    0.4999999999999999
                ], 
                "properties": {}, 
                "species": [
                    {
                        "occu": 1, 
                        "element": "Zr"
                    }
                ]
            }, 
            {
                "label": "F", 
                "xyz": [
                    2.0995383658625824, 
                    0.0, 
                    2.1028176732088895
                ], 
                "abc": [
                    0.49922025875374554, 
                    0.0, 
                    0.4999999999999999
                ], 
                "properties": {}, 
                "species": [
                    {
                        "occu": 1, 
                        "element": "F"
                    }
                ]
            }, 
            {
                "label": "O", 
                "xyz": [
                    2.1013606113797496, 
                    2.1028176732088895, 
                    0.0
                ], 
                "abc": [
                    0.49965354537207285, 
                    0.4999999999999999, 
                    0.0
                ], 
                "properties": {}, 
                "species": [
                    {
                        "occu": 1, 
                        "element": "O"
                    }
                ]
            }, 
            {
                "label": "O", 
                "xyz": [
                    0.014158270138411038, 
                    2.1028176732088895, 
                    2.1028176732088895
                ], 
                "abc": [
                    0.0033664997015184833, 
                    0.4999999999999999, 
                    0.4999999999999999
                ], 
                "properties": {}, 
                "species": [
                    {
                        "occu": 1, 
                        "element": "O"
                    }
                ]
            }
        ], 
        "@class": "Structure", 
        "@module": "pymatgen.core.structure"
    }
}