{
    "A": "Pt", 
    "gllbsc_ind-gap": 0.0, 
    "B": "Ba", 
    "anion": "ON2", 
    "CB_ind": 5.685527407532113, 
    "anion_idx": 2, 
    "heat_of_formation_all": 3.3, 
    "CB_dir": 5.685527407532113, 
    "filename": "/Users/ajain/Documents/papers_proposals/2012Paper_UNCOptimization/data/rawdata/abon2/6116a99cd663e414e9a56bab4bd0f4e47bf41548.json", 
    "sum_magnetic_moments": -2.4392643710895636, 
    "VB_dir": 5.685527407532113, 
    "VB_ind": 5.685527407532113, 
    "is_direct": true, 
    "gllbsc_dir-gap": 0.0, 
    "FermiLevel": 0.164349799552, 
    "XCFunctional": "RPBE", 
    "FermiWidth": 0.0018374654734, 
    "structure": {
        "lattice": {
            "a": 4.531559541945957, 
            "c": 4.531559541945957, 
            "b": 4.531559541945957, 
            "matrix": [
                [
                    4.531559541945957, 
                    0.0, 
                    0.0
                ], 
                [
                    0.0, 
                    4.531559541945957, 
                    0.0
                ], 
                [
                    0.0, 
                    0.0, 
                    4.531559541945957
                ]
            ], 
            "volume": 93.05571966995444, 
            "beta": 90.0, 
            "alpha": 90.0, 
            "gamma": 90.0
        }, 
        "sites": [
            {
                "label": "Pt", 
                "xyz": [
                    0.0007203181898580251, 
                    0.0, 
                    0.0
                ], 
                "abc": [
                    0.00015895591422565832, 
                    0.0, 
                    0.0
                ], 
                "properties": {}, 
                "species": [
                    {
                        "occu": 1, 
                        "element": "Pt"
                    }
                ]
            }, 
            {
                "label": "Ba", 
                "xyz": [
                    2.2870185291500227, 
                    2.2657797709729786, 
                    2.2657797709729786
                ], 
                "abc": [
                    0.5046868540467028, 
                    0.5, 
                    0.5
                ], 
                "properties": {}, 
                "species": [
                    {
                        "occu": 1, 
                        "element": "Ba"
                    }
                ]
            }, 
            {
                "label": "N", 
                "xyz": [
                    2.2672220989641283, 
                    0.0, 
                    2.2657797709729786
                ], 
                "abc": [
                    0.5003182851240945, 
                    0.0, 
                    0.5
                ], 
                "properties": {}, 
                "species": [
                    {
                        "occu": 1, 
                        "element": "N"
                    }
                ]
            }, 
            {
                "label": "N", 
                "xyz": [
                    2.2672220989641283, 
                    2.2657797709729786, 
                    7.271122440199366e-22
                ], 
                "abc": [
                    0.5003182851240945, 
                    0.5, 
                    1.6045518927633855e-22
                ], 
                "properties": {}, 
                "species": [
                    {
                        "occu": 1, 
                        "element": "N"
                    }
                ]
            }, 
            {
                "label": "O", 
                "xyz": [
                    0.01991545440378359, 
                    2.2657797709729786, 
                    2.2657797709729786
                ], 
                "abc": [
                    0.00439483454193596, 
                    0.5, 
                    0.5
                ], 
                "properties": {}, 
                "species": [
                    {
                        "occu": 1, 
                        "element": "O"
                    }
                ]
            }
        ], 
        "@class": "Structure", 
        "@module": "pymatgen.core.structure"
    }
}