{
    "A": "Pt", 
    "gllbsc_ind-gap": 0.0, 
    "B": "Ca", 
    "anion": "O2N", 
    "CB_ind": 5.504025633637756, 
    "anion_idx": 1, 
    "heat_of_formation_all": 1.56, 
    "CB_dir": 5.504025633637756, 
    "filename": "/Users/ajain/Documents/papers_proposals/2012Paper_UNCOptimization/data/rawdata/abo2n/ca723f15a87fd10ae3c8cac956a8da3c1c8fe749.json", 
    "sum_magnetic_moments": -0.2861883838685812, 
    "VB_dir": 5.504025633637756, 
    "VB_ind": 5.504025633637756, 
    "is_direct": true, 
    "gllbsc_dir-gap": 0.0, 
    "FermiLevel": 0.19109750524, 
    "XCFunctional": "RPBE", 
    "FermiWidth": 0.0018374654734, 
    "structure": {
        "lattice": {
            "a": 4.1850630987037984, 
            "c": 4.1850630987037984, 
            "b": 4.1850630987037984, 
            "matrix": [
                [
                    4.1850630987037984, 
                    0.0, 
                    0.0
                ], 
                [
                    0.0, 
                    4.1850630987037984, 
                    0.0
                ], 
                [
                    0.0, 
                    0.0, 
                    4.1850630987037984
                ]
            ], 
            "volume": 73.30034704967392, 
            "beta": 90.0, 
            "alpha": 90.0, 
            "gamma": 90.0
        }, 
        "sites": [
            {
                "label": "Pt", 
                "xyz": [
                    1.038948454796986, 
                    3.087868053060534e-15, 
                    2.2446141394249324e-18
                ], 
                "abc": [
                    0.24825156283038363, 
                    7.378307041575816e-16, 
                    5.363393780419073e-19
                ], 
                "properties": {}, 
                "species": [
                    {
                        "occu": 1, 
                        "element": "Pt"
                    }
                ]
            }, 
            {
                "label": "Ca", 
                "xyz": [
                    2.3884232902439204, 
                    2.092531549351899, 
                    2.092531549351899
                ], 
                "abc": [
                    0.5707018589477576, 
                    0.4999999999999999, 
                    0.4999999999999999
                ], 
                "properties": {}, 
                "species": [
                    {
                        "occu": 1, 
                        "element": "Ca"
                    }
                ]
            }, 
            {
                "label": "N", 
                "xyz": [
                    0.782449329082393, 
                    0.0, 
                    2.092531549351899
                ], 
                "abc": [
                    0.18696237323751078, 
                    0.0, 
                    0.4999999999999999
                ], 
                "properties": {}, 
                "species": [
                    {
                        "occu": 1, 
                        "element": "N"
                    }
                ]
            }, 
            {
                "label": "O", 
                "xyz": [
                    1.5853633274607213, 
                    2.092531549351899, 
                    0.0
                ], 
                "abc": [
                    0.37881467735856633, 
                    0.4999999999999999, 
                    0.0
                ], 
                "properties": {}, 
                "species": [
                    {
                        "occu": 1, 
                        "element": "O"
                    }
                ]
            }, 
            {
                "label": "O", 
                "xyz": [
                    0.2782623666177854, 
                    2.092531549351899, 
                    2.092531549351899
                ], 
                "abc": [
                    0.06648940769948465, 
                    0.4999999999999999, 
                    0.4999999999999999
                ], 
                "properties": {}, 
                "species": [
                    {
                        "occu": 1, 
                        "element": "O"
                    }
                ]
            }
        ], 
        "@class": "Structure", 
        "@module": "pymatgen.core.structure"
    }
}