{
    "A": "Pt", 
    "gllbsc_ind-gap": 0.0, 
    "B": "Cs", 
    "anion": "ON2", 
    "CB_ind": 5.4605026422186755, 
    "anion_idx": 2, 
    "heat_of_formation_all": 2.72, 
    "CB_dir": 5.4605026422186755, 
    "filename": "/Users/ajain/Documents/papers_proposals/2012Paper_UNCOptimization/data/rawdata/abon2/65797f32dae2ac7e0267acd14237a006ba6709c5.json", 
    "sum_magnetic_moments": 0.18591902569391647, 
    "VB_dir": 5.4605026422186755, 
    "VB_ind": 5.4605026422186755, 
    "is_direct": true, 
    "gllbsc_dir-gap": 0.0, 
    "FermiLevel": 0.255637343385, 
    "XCFunctional": "RPBE", 
    "FermiWidth": 0.0018374654734, 
    "structure": {
        "lattice": {
            "a": 4.30189822868706, 
            "c": 4.30189822868706, 
            "b": 4.30189822868706, 
            "matrix": [
                [
                    4.30189822868706, 
                    0.0, 
                    0.0
                ], 
                [
                    0.0, 
                    4.30189822868706, 
                    0.0
                ], 
                [
                    0.0, 
                    0.0, 
                    4.30189822868706
                ]
            ], 
            "volume": 79.61234123432176, 
            "beta": 90.0, 
            "alpha": 90.0, 
            "gamma": 90.0
        }, 
        "sites": [
            {
                "label": "Pt", 
                "xyz": [
                    0.8761274803607159, 
                    4.301898228687059, 
                    2.0074540260440913e-15
                ], 
                "abc": [
                    0.2036606711238053, 
                    0.9999999999999999, 
                    4.666437742895574e-16
                ], 
                "properties": {}, 
                "species": [
                    {
                        "occu": 1, 
                        "element": "Pt"
                    }
                ]
            }, 
            {
                "label": "Cs", 
                "xyz": [
                    3.035899029093515, 
                    2.15094911434353, 
                    2.15094911434353
                ], 
                "abc": [
                    0.7057114947184773, 
                    0.5, 
                    0.5
                ], 
                "properties": {}, 
                "species": [
                    {
                        "occu": 1, 
                        "element": "Cs"
                    }
                ]
            }, 
            {
                "label": "N", 
                "xyz": [
                    0.8799880632879384, 
                    0.0, 
                    2.15094911434353
                ], 
                "abc": [
                    0.20455808494486652, 
                    0.0, 
                    0.5
                ], 
                "properties": {}, 
                "species": [
                    {
                        "occu": 1, 
                        "element": "N"
                    }
                ]
            }, 
            {
                "label": "N", 
                "xyz": [
                    0.8799880632879469, 
                    2.15094911434353, 
                    8.375310834406458e-18
                ], 
                "abc": [
                    0.2045580849448685, 
                    0.5, 
                    1.946887255155407e-18
                ], 
                "properties": {}, 
                "species": [
                    {
                        "occu": 1, 
                        "element": "N"
                    }
                ]
            }, 
            {
                "label": "O", 
                "xyz": [
                    0.8852465965277523, 
                    2.15094911434353, 
                    2.15094911434353
                ], 
                "abc": [
                    0.20578046003611056, 
                    0.5, 
                    0.5
                ], 
                "properties": {}, 
                "species": [
                    {
                        "occu": 1, 
                        "element": "O"
                    }
                ]
            }
        ], 
        "@class": "Structure", 
        "@module": "pymatgen.core.structure"
    }
}