{
    "A": "Pt", 
    "gllbsc_ind-gap": 0.0, 
    "B": "Fe", 
    "anion": "OFN", 
    "CB_ind": 6.637923898485199, 
    "anion_idx": 5, 
    "heat_of_formation_all": 1.48, 
    "CB_dir": 6.637923898485199, 
    "filename": "/Users/ajain/Documents/papers_proposals/2012Paper_UNCOptimization/data/rawdata/abofn/d8cdafc4dff7c7ffd572527ce1460e227f1e59c9.json", 
    "sum_magnetic_moments": 2.3311422523441396, 
    "VB_dir": 6.637923898485199, 
    "VB_ind": 6.637923898485199, 
    "is_direct": true, 
    "gllbsc_dir-gap": 0.0, 
    "FermiLevel": 0.246312928567, 
    "XCFunctional": "RPBE", 
    "FermiWidth": 0.0036749309468, 
    "structure": {
        "lattice": {
            "a": 3.8478564877268524, 
            "c": 3.8478564877268524, 
            "b": 3.8478564877268524, 
            "matrix": [
                [
                    3.8478564877268524, 
                    0.0, 
                    0.0
                ], 
                [
                    0.0, 
                    3.8478564877268524, 
                    0.0
                ], 
                [
                    0.0, 
                    0.0, 
                    3.8478564877268524
                ]
            ], 
            "volume": 56.97136142629332, 
            "beta": 90.0, 
            "alpha": 90.0, 
            "gamma": 90.0
        }, 
        "sites": [
            {
                "label": "Pt", 
                "xyz": [
                    0.004485305209588125, 
                    0.0, 
                    0.0
                ], 
                "abc": [
                    0.0011656633307126924, 
                    0.0, 
                    0.0
                ], 
                "properties": {}, 
                "species": [
                    {
                        "occu": 1, 
                        "element": "Pt"
                    }
                ]
            }, 
            {
                "label": "Fe", 
                "xyz": [
                    1.939709425317355, 
                    1.9239282438634262, 
                    1.9239282438634262
                ], 
                "abc": [
                    0.5041012915903347, 
                    0.5, 
                    0.5
                ], 
                "properties": {}, 
                "species": [
                    {
                        "occu": 1, 
                        "element": "Fe"
                    }
                ]
            }, 
            {
                "label": "F", 
                "xyz": [
                    1.9230205997649148, 
                    0.0, 
                    1.9239282438634262
                ], 
                "abc": [
                    0.49976411695669876, 
                    0.0, 
                    0.5
                ], 
                "properties": {}, 
                "species": [
                    {
                        "occu": 1, 
                        "element": "F"
                    }
                ]
            }, 
            {
                "label": "N", 
                "xyz": [
                    1.9238647755728229, 
                    1.9239282438634262, 
                    0.0
                ], 
                "abc": [
                    0.4999835055463202, 
                    0.5, 
                    0.0
                ], 
                "properties": {}, 
                "species": [
                    {
                        "occu": 1, 
                        "element": "N"
                    }
                ]
            }, 
            {
                "label": "O", 
                "xyz": [
                    0.01712820494572054, 
                    1.9239282438634262, 
                    1.9239282438634262
                ], 
                "abc": [
                    0.004451362726326404, 
                    0.5, 
                    0.5
                ], 
                "properties": {}, 
                "species": [
                    {
                        "occu": 1, 
                        "element": "O"
                    }
                ]
            }
        ], 
        "@class": "Structure", 
        "@module": "pymatgen.core.structure"
    }
}