{
    "A": "Pt", 
    "gllbsc_ind-gap": 0.0, 
    "B": "Li", 
    "anion": "O2S", 
    "CB_ind": 5.680157860082649, 
    "anion_idx": 6, 
    "heat_of_formation_all": 1.36, 
    "CB_dir": 5.680157860082649, 
    "filename": "/Users/ajain/Documents/papers_proposals/2012Paper_UNCOptimization/data/rawdata/abo2s/410e6484fac0d034fa7410745fe702deffb24106.json", 
    "sum_magnetic_moments": 0.00019462608318043809, 
    "VB_dir": 5.680157860082649, 
    "VB_ind": 5.680157860082649, 
    "is_direct": true, 
    "gllbsc_dir-gap": 0.0, 
    "FermiLevel": 0.194839885302, 
    "XCFunctional": "RPBE", 
    "FermiWidth": 0.0018374654734, 
    "structure": {
        "lattice": {
            "a": 3.9967840189228805, 
            "c": 3.9967840189228805, 
            "b": 3.9967840189228805, 
            "matrix": [
                [
                    3.9967840189228805, 
                    0.0, 
                    0.0
                ], 
                [
                    0.0, 
                    3.9967840189228805, 
                    0.0
                ], 
                [
                    0.0, 
                    0.0, 
                    3.9967840189228805
                ]
            ], 
            "volume": 63.84575698544833, 
            "beta": 90.0, 
            "alpha": 90.0, 
            "gamma": 90.0
        }, 
        "sites": [
            {
                "label": "Pt", 
                "xyz": [
                    2.969644280574382, 
                    3.9967840189201436, 
                    3.7827472956677547e-13
                ], 
                "abc": [
                    0.7430084454187472, 
                    0.9999999999993152, 
                    9.46447763441366e-14
                ], 
                "properties": {}, 
                "species": [
                    {
                        "occu": 1, 
                        "element": "Pt"
                    }
                ]
            }, 
            {
                "label": "Li", 
                "xyz": [
                    3.578447853598651, 
                    1.9983920094614398, 
                    1.9983920094614398
                ], 
                "abc": [
                    0.8953318059360712, 
                    0.4999999999999999, 
                    0.4999999999999999
                ], 
                "properties": {}, 
                "species": [
                    {
                        "occu": 1, 
                        "element": "Li"
                    }
                ]
            }, 
            {
                "label": "S", 
                "xyz": [
                    1.7353166208444626, 
                    3.996784018922866, 
                    1.9983920094614398
                ], 
                "abc": [
                    0.4341782324560346, 
                    0.9999999999999963, 
                    0.4999999999999999
                ], 
                "properties": {}, 
                "species": [
                    {
                        "occu": 1, 
                        "element": "S"
                    }
                ]
            }, 
            {
                "label": "O", 
                "xyz": [
                    3.456150905333058, 
                    1.9983920094614398, 
                    3.9967840189228756
                ], 
                "abc": [
                    0.8647329675483637, 
                    0.4999999999999999, 
                    0.9999999999999988
                ], 
                "properties": {}, 
                "species": [
                    {
                        "occu": 1, 
                        "element": "O"
                    }
                ]
            }, 
            {
                "label": "O", 
                "xyz": [
                    1.4884533166979603, 
                    1.9983920094614398, 
                    1.9983920094614398
                ], 
                "abc": [
                    0.37241274726150786, 
                    0.4999999999999999, 
                    0.4999999999999999
                ], 
                "properties": {}, 
                "species": [
                    {
                        "occu": 1, 
                        "element": "O"
                    }
                ]
            }
        ], 
        "@class": "Structure", 
        "@module": "pymatgen.core.structure"
    }
}