{
    "A": "Pt", 
    "gllbsc_ind-gap": 0.0, 
    "B": "Mg", 
    "anion": "O2N", 
    "CB_ind": 6.123534446859667, 
    "anion_idx": 1, 
    "heat_of_formation_all": 2.14, 
    "CB_dir": 6.123534446859667, 
    "filename": "/Users/ajain/Documents/papers_proposals/2012Paper_UNCOptimization/data/rawdata/abo2n/3f32e331c25f7d6d958f3be392bc9d0f5379359a.json", 
    "sum_magnetic_moments": -2.166875711472219, 
    "VB_dir": 6.123534446859667, 
    "VB_ind": 6.123534446859667, 
    "is_direct": true, 
    "gllbsc_dir-gap": 0.0, 
    "FermiLevel": 0.176061344189, 
    "XCFunctional": "RPBE", 
    "FermiWidth": 0.0018374654734, 
    "structure": {
        "lattice": {
            "a": 3.9030973106588935, 
            "c": 3.9030973106588935, 
            "b": 3.9030973106588935, 
            "matrix": [
                [
                    3.9030973106588935, 
                    0.0, 
                    0.0
                ], 
                [
                    0.0, 
                    3.9030973106588935, 
                    0.0
                ], 
                [
                    0.0, 
                    0.0, 
                    3.9030973106588935
                ]
            ], 
            "volume": 59.46044255707866, 
            "beta": 90.0, 
            "alpha": 90.0, 
            "gamma": 90.0
        }, 
        "sites": [
            {
                "label": "Pt", 
                "xyz": [
                    0.0011976788889644938, 
                    0.0, 
                    0.0
                ], 
                "abc": [
                    0.00030685345345958336, 
                    0.0, 
                    0.0
                ], 
                "properties": {}, 
                "species": [
                    {
                        "occu": 1, 
                        "element": "Pt"
                    }
                ]
            }, 
            {
                "label": "Mg", 
                "xyz": [
                    1.97225854838629, 
                    1.9515486553294463, 
                    1.9515486553294463
                ], 
                "abc": [
                    0.5053060150461243, 
                    0.4999999999999999, 
                    0.4999999999999999
                ], 
                "properties": {}, 
                "species": [
                    {
                        "occu": 1, 
                        "element": "Mg"
                    }
                ]
            }, 
            {
                "label": "N", 
                "xyz": [
                    1.9497857358761341, 
                    0.0, 
                    1.9515486553294463
                ], 
                "abc": [
                    0.4995483280807531, 
                    0.0, 
                    0.4999999999999999
                ], 
                "properties": {}, 
                "species": [
                    {
                        "occu": 1, 
                        "element": "N"
                    }
                ]
            }, 
            {
                "label": "O", 
                "xyz": [
                    1.9517264012680529, 
                    1.9515486553294463, 
                    1.161418599733561e-19
                ], 
                "abc": [
                    0.500045539714862, 
                    0.4999999999999999, 
                    2.975633214580291e-20
                ], 
                "properties": {}, 
                "species": [
                    {
                        "occu": 1, 
                        "element": "O"
                    }
                ]
            }, 
            {
                "label": "O", 
                "xyz": [
                    0.018496897763209022, 
                    1.9515486553294463, 
                    1.9515486553294463
                ], 
                "abc": [
                    0.004739030644379836, 
                    0.4999999999999999, 
                    0.4999999999999999
                ], 
                "properties": {}, 
                "species": [
                    {
                        "occu": 1, 
                        "element": "O"
                    }
                ]
            }
        ], 
        "@class": "Structure", 
        "@module": "pymatgen.core.structure"
    }
}