{
    "A": "Pt", 
    "gllbsc_ind-gap": 0.0, 
    "B": "Sc", 
    "anion": "ON2", 
    "CB_ind": 5.941458828032079, 
    "anion_idx": 2, 
    "heat_of_formation_all": 1.38, 
    "CB_dir": 5.941458828032079, 
    "filename": "/Users/ajain/Documents/papers_proposals/2012Paper_UNCOptimization/data/rawdata/abon2/8ecd3b1fccfb0820d8951d5f6500bc55fc99b6f5.json", 
    "sum_magnetic_moments": 1.4274551390265025, 
    "VB_dir": 5.941458828032079, 
    "VB_ind": 5.941458828032079, 
    "is_direct": true, 
    "gllbsc_dir-gap": 0.0, 
    "FermiLevel": 0.20705290386, 
    "XCFunctional": "RPBE", 
    "FermiWidth": 0.0018374654734, 
    "structure": {
        "lattice": {
            "a": 4.117819108228145, 
            "c": 4.117819108228145, 
            "b": 4.117819108228145, 
            "matrix": [
                [
                    4.117819108228145, 
                    0.0, 
                    0.0
                ], 
                [
                    0.0, 
                    4.117819108228145, 
                    0.0
                ], 
                [
                    0.0, 
                    0.0, 
                    4.117819108228145
                ]
            ], 
            "volume": 69.82352878948156, 
            "beta": 90.0, 
            "alpha": 90.0, 
            "gamma": 90.0
        }, 
        "sites": [
            {
                "label": "Pt", 
                "xyz": [
                    1.1242997505686532, 
                    4.117819108228144, 
                    2.17486710534324e-16
                ], 
                "abc": [
                    0.2730328168913733, 
                    0.9999999999999998, 
                    5.281599429653099e-17
                ], 
                "properties": {}, 
                "species": [
                    {
                        "occu": 1, 
                        "element": "Pt"
                    }
                ]
            }, 
            {
                "label": "Sc", 
                "xyz": [
                    1.7486054448741697, 
                    2.058909554114072, 
                    2.058909554114072
                ], 
                "abc": [
                    0.42464357926265894, 
                    0.4999999999999999, 
                    0.4999999999999999
                ], 
                "properties": {}, 
                "species": [
                    {
                        "occu": 1, 
                        "element": "Sc"
                    }
                ]
            }, 
            {
                "label": "N", 
                "xyz": [
                    1.1712513786107657, 
                    0.0, 
                    2.058909554114072
                ], 
                "abc": [
                    0.2844348787129562, 
                    0.0, 
                    0.4999999999999999
                ], 
                "properties": {}, 
                "species": [
                    {
                        "occu": 1, 
                        "element": "N"
                    }
                ]
            }, 
            {
                "label": "N", 
                "xyz": [
                    1.1712513786107688, 
                    2.058909554114072, 
                    0.0
                ], 
                "abc": [
                    0.2844348787129569, 
                    0.4999999999999999, 
                    0.0
                ], 
                "properties": {}, 
                "species": [
                    {
                        "occu": 1, 
                        "element": "N"
                    }
                ]
            }, 
            {
                "label": "O", 
                "xyz": [
                    3.678243557083099, 
                    2.058909554114072, 
                    2.058909554114072
                ], 
                "abc": [
                    0.8932503979432476, 
                    0.4999999999999999, 
                    0.4999999999999999
                ], 
                "properties": {}, 
                "species": [
                    {
                        "occu": 1, 
                        "element": "O"
                    }
                ]
            }
        ], 
        "@class": "Structure", 
        "@module": "pymatgen.core.structure"
    }
}