{
    "A": "Pt", 
    "gllbsc_ind-gap": 0.0, 
    "B": "Tl", 
    "anion": "N3", 
    "CB_ind": 6.516376284318941, 
    "anion_idx": 3, 
    "heat_of_formation_all": 3.14, 
    "CB_dir": 6.516376284318941, 
    "filename": "/Users/ajain/Documents/papers_proposals/2012Paper_UNCOptimization/data/rawdata/abn3/78a1a183156ba26fdabf9a782f63c7145db82c15.json", 
    "sum_magnetic_moments": 4.839532821785269, 
    "VB_dir": 6.516376284318941, 
    "VB_ind": 6.516376284318941, 
    "is_direct": true, 
    "gllbsc_dir-gap": 0.0, 
    "FermiLevel": 0.187460247946, 
    "XCFunctional": "RPBE", 
    "FermiWidth": 0.0018374654734, 
    "structure": {
        "lattice": {
            "a": 4.290519304687462, 
            "c": 4.290519304687462, 
            "b": 4.290519304687462, 
            "matrix": [
                [
                    4.290519304687462, 
                    0.0, 
                    0.0
                ], 
                [
                    0.0, 
                    4.290519304687462, 
                    0.0
                ], 
                [
                    0.0, 
                    0.0, 
                    4.290519304687462
                ]
            ], 
            "volume": 78.98226447708319, 
            "beta": 90.0, 
            "alpha": 90.0, 
            "gamma": 90.0
        }, 
        "sites": [
            {
                "label": "Pt", 
                "xyz": [
                    0.0, 
                    0.0, 
                    0.0
                ], 
                "abc": [
                    0.0, 
                    0.0, 
                    0.0
                ], 
                "properties": {}, 
                "species": [
                    {
                        "occu": 1, 
                        "element": "Pt"
                    }
                ]
            }, 
            {
                "label": "Tl", 
                "xyz": [
                    2.1452596523437304, 
                    2.1452596523437304, 
                    2.1452596523437304
                ], 
                "abc": [
                    0.49999999999999994, 
                    0.49999999999999994, 
                    0.49999999999999994
                ], 
                "properties": {}, 
                "species": [
                    {
                        "occu": 1, 
                        "element": "Tl"
                    }
                ]
            }, 
            {
                "label": "N", 
                "xyz": [
                    2.1452596523437304, 
                    0.0, 
                    2.1452596523437304
                ], 
                "abc": [
                    0.49999999999999994, 
                    0.0, 
                    0.49999999999999994
                ], 
                "properties": {}, 
                "species": [
                    {
                        "occu": 1, 
                        "element": "N"
                    }
                ]
            }, 
            {
                "label": "N", 
                "xyz": [
                    2.1452596523437304, 
                    2.1452596523437304, 
                    0.0
                ], 
                "abc": [
                    0.49999999999999994, 
                    0.49999999999999994, 
                    0.0
                ], 
                "properties": {}, 
                "species": [
                    {
                        "occu": 1, 
                        "element": "N"
                    }
                ]
            }, 
            {
                "label": "N", 
                "xyz": [
                    0.0, 
                    2.1452596523437304, 
                    2.1452596523437304
                ], 
                "abc": [
                    0.0, 
                    0.49999999999999994, 
                    0.49999999999999994
                ], 
                "properties": {}, 
                "species": [
                    {
                        "occu": 1, 
                        "element": "N"
                    }
                ]
            }
        ], 
        "@class": "Structure", 
        "@module": "pymatgen.core.structure"
    }
}