{
    "A": "Rb", 
    "gllbsc_ind-gap": 0.0, 
    "B": "Al", 
    "anion": "ON2", 
    "CB_ind": 4.955836130170244, 
    "anion_idx": 2, 
    "heat_of_formation_all": 2.02, 
    "CB_dir": 4.955836130170244, 
    "filename": "/Users/ajain/Documents/papers_proposals/2012Paper_UNCOptimization/data/rawdata/abon2/a2d7f281568740873d508a505ebcebceb0f6235d.json", 
    "sum_magnetic_moments": -0.0006754150002431453, 
    "VB_dir": 4.955836130170244, 
    "VB_ind": 4.955836130170244, 
    "is_direct": true, 
    "gllbsc_dir-gap": 0.0, 
    "FermiLevel": 0.186786687907, 
    "XCFunctional": "RPBE", 
    "FermiWidth": 0.0018374654734, 
    "structure": {
        "lattice": {
            "a": 4.001818040948089, 
            "c": 4.001818040948089, 
            "b": 4.001818040948089, 
            "matrix": [
                [
                    4.001818040948089, 
                    0.0, 
                    0.0
                ], 
                [
                    0.0, 
                    4.001818040948089, 
                    0.0
                ], 
                [
                    0.0, 
                    0.0, 
                    4.001818040948089
                ]
            ], 
            "volume": 64.08730563479203, 
            "beta": 90.0, 
            "alpha": 90.0, 
            "gamma": 90.0
        }, 
        "sites": [
            {
                "label": "Rb", 
                "xyz": [
                    0.008640151758651057, 
                    0.0, 
                    0.0
                ], 
                "abc": [
                    0.0021590566263237896, 
                    0.0, 
                    0.0
                ], 
                "properties": {}, 
                "species": [
                    {
                        "occu": 1, 
                        "element": "Rb"
                    }
                ]
            }, 
            {
                "label": "Al", 
                "xyz": [
                    2.00904119711073, 
                    2.0009090204740447, 
                    2.0009090204740447
                ], 
                "abc": [
                    0.5020321205395832, 
                    0.5000000000000001, 
                    0.5000000000000001
                ], 
                "properties": {}, 
                "species": [
                    {
                        "occu": 1, 
                        "element": "Al"
                    }
                ]
            }, 
            {
                "label": "N", 
                "xyz": [
                    2.007765091584076, 
                    0.0, 
                    2.0009090204740447
                ], 
                "abc": [
                    0.5017132390928017, 
                    0.0, 
                    0.5000000000000001
                ], 
                "properties": {}, 
                "species": [
                    {
                        "occu": 1, 
                        "element": "N"
                    }
                ]
            }, 
            {
                "label": "N", 
                "xyz": [
                    2.007765091584076, 
                    2.0009090204740447, 
                    0.0
                ], 
                "abc": [
                    0.5017132390928017, 
                    0.5000000000000001, 
                    0.0
                ], 
                "properties": {}, 
                "species": [
                    {
                        "occu": 1, 
                        "element": "N"
                    }
                ]
            }, 
            {
                "label": "O", 
                "xyz": [
                    0.012276943390147656, 
                    2.0009090204740447, 
                    2.0009090204740447
                ], 
                "abc": [
                    0.003067841482177703, 
                    0.5000000000000001, 
                    0.5000000000000001
                ], 
                "properties": {}, 
                "species": [
                    {
                        "occu": 1, 
                        "element": "O"
                    }
                ]
            }
        ], 
        "@class": "Structure", 
        "@module": "pymatgen.core.structure"
    }
}