{
    "A": "Rb", 
    "gllbsc_ind-gap": 0.0, 
    "B": "Be", 
    "anion": "O3", 
    "CB_ind": 5.469647937791118, 
    "anion_idx": 0, 
    "heat_of_formation_all": 1.5, 
    "CB_dir": 5.469647937791118, 
    "filename": "/Users/ajain/Documents/papers_proposals/2012Paper_UNCOptimization/data/rawdata/abo3/a1147ddf38129e56c16aef90f5d041372f21abff.json", 
    "sum_magnetic_moments": 2.9999999911761788, 
    "VB_dir": 5.469647937791118, 
    "VB_ind": 5.469647937791118, 
    "is_direct": true, 
    "gllbsc_dir-gap": 0.0, 
    "FermiLevel": 0.125303382052, 
    "XCFunctional": "RPBE", 
    "FermiWidth": 0.0018374654734, 
    "structure": {
        "lattice": {
            "a": 3.8768518322964973, 
            "c": 3.8768518322964973, 
            "b": 3.8768518322964973, 
            "matrix": [
                [
                    3.8768518322964973, 
                    0.0, 
                    0.0
                ], 
                [
                    0.0, 
                    3.8768518322964973, 
                    0.0
                ], 
                [
                    0.0, 
                    0.0, 
                    3.8768518322964973
                ]
            ], 
            "volume": 58.26900600474492, 
            "beta": 90.0, 
            "alpha": 90.0, 
            "gamma": 90.0
        }, 
        "sites": [
            {
                "label": "Rb", 
                "xyz": [
                    0.037783385247519896, 
                    0.0, 
                    0.0
                ], 
                "abc": [
                    0.009745893545056757, 
                    0.0, 
                    0.0
                ], 
                "properties": {}, 
                "species": [
                    {
                        "occu": 1, 
                        "element": "Rb"
                    }
                ]
            }, 
            {
                "label": "Be", 
                "xyz": [
                    2.0617256887047515, 
                    1.9384259161482487, 
                    1.9384259161482487
                ], 
                "abc": [
                    0.5318040972134508, 
                    0.5, 
                    0.5
                ], 
                "properties": {}, 
                "species": [
                    {
                        "occu": 1, 
                        "element": "Be"
                    }
                ]
            }, 
            {
                "label": "O", 
                "xyz": [
                    1.9472935560082552, 
                    4.56106525738667e-19, 
                    1.9384259161482487
                ], 
                "abc": [
                    0.5022873300924564, 
                    1.1764868647778244e-19, 
                    0.5
                ], 
                "properties": {}, 
                "species": [
                    {
                        "occu": 1, 
                        "element": "O"
                    }
                ]
            }, 
            {
                "label": "O", 
                "xyz": [
                    1.9472935560082552, 
                    1.9384259161482487, 
                    8.841445389350086e-20
                ], 
                "abc": [
                    0.5022873300924564, 
                    0.5, 
                    2.280573458004134e-20
                ], 
                "properties": {}, 
                "species": [
                    {
                        "occu": 1, 
                        "element": "O"
                    }
                ]
            }, 
            {
                "label": "O", 
                "xyz": [
                    3.753463727223443, 
                    1.9384259161482487, 
                    1.9384259161482487
                ], 
                "abc": [
                    0.9681731181869894, 
                    0.5, 
                    0.5
                ], 
                "properties": {}, 
                "species": [
                    {
                        "occu": 1, 
                        "element": "O"
                    }
                ]
            }
        ], 
        "@class": "Structure", 
        "@module": "pymatgen.core.structure"
    }
}