{
    "A": "Rb", 
    "gllbsc_ind-gap": 0.0, 
    "B": "Ca", 
    "anion": "N3", 
    "CB_ind": 4.562977782482055, 
    "anion_idx": 3, 
    "heat_of_formation_all": 3.26, 
    "CB_dir": 4.562977782482055, 
    "filename": "/Users/ajain/Documents/papers_proposals/2012Paper_UNCOptimization/data/rawdata/abn3/fcdbc604b461776e684738eaab7e6306713a3e5f.json", 
    "sum_magnetic_moments": 0.0, 
    "VB_dir": 4.562977782482055, 
    "VB_ind": 4.562977782482055, 
    "is_direct": true, 
    "gllbsc_dir-gap": 0.0, 
    "FermiLevel": 0.0495493437718, 
    "XCFunctional": "RPBE", 
    "FermiWidth": 0.0018374654734, 
    "structure": {
        "lattice": {
            "a": 4.860857560328912, 
            "c": 4.860857560328912, 
            "b": 4.860857560328912, 
            "matrix": [
                [
                    4.860857560328912, 
                    0.0, 
                    0.0
                ], 
                [
                    0.0, 
                    4.860857560328912, 
                    0.0
                ], 
                [
                    0.0, 
                    0.0, 
                    4.860857560328912
                ]
            ], 
            "volume": 114.85203241873867, 
            "beta": 90.0, 
            "alpha": 90.0, 
            "gamma": 90.0
        }, 
        "sites": [
            {
                "label": "Rb", 
                "xyz": [
                    0.002084019581128068, 
                    4.494921726667863e-18, 
                    1.1089014040442577e-18
                ], 
                "abc": [
                    0.00042873496194096493, 
                    9.247178447178592e-19, 
                    2.281287592326041e-19
                ], 
                "properties": {}, 
                "species": [
                    {
                        "occu": 1, 
                        "element": "Rb"
                    }
                ]
            }, 
            {
                "label": "Ca", 
                "xyz": [
                    2.4521410670174526, 
                    2.4304287801644553, 
                    2.4304287801644553
                ], 
                "abc": [
                    0.5044667605630326, 
                    0.49999999999999983, 
                    0.49999999999999983
                ], 
                "properties": {}, 
                "species": [
                    {
                        "occu": 1, 
                        "element": "Ca"
                    }
                ]
            }, 
            {
                "label": "N", 
                "xyz": [
                    2.429293895173739, 
                    9.734939466047208e-20, 
                    2.4304287801644553
                ], 
                "abc": [
                    0.49976652576698005, 
                    2.002720578668528e-20, 
                    0.49999999999999983
                ], 
                "properties": {}, 
                "species": [
                    {
                        "occu": 1, 
                        "element": "N"
                    }
                ]
            }, 
            {
                "label": "N", 
                "xyz": [
                    2.429293895173739, 
                    2.4304287801644553, 
                    0.0
                ], 
                "abc": [
                    0.49976652576698005, 
                    0.49999999999999983, 
                    0.0
                ], 
                "properties": {}, 
                "species": [
                    {
                        "occu": 1, 
                        "element": "N"
                    }
                ]
            }, 
            {
                "label": "N", 
                "xyz": [
                    0.02702547291823312, 
                    2.4304287801644553, 
                    2.4304287801644553
                ], 
                "abc": [
                    0.005559815852000491, 
                    0.49999999999999983, 
                    0.49999999999999983
                ], 
                "properties": {}, 
                "species": [
                    {
                        "occu": 1, 
                        "element": "N"
                    }
                ]
            }
        ], 
        "@class": "Structure", 
        "@module": "pymatgen.core.structure"
    }
}