{
    "A": "Rb", 
    "gllbsc_ind-gap": 0.0, 
    "B": "Co", 
    "anion": "OFN", 
    "CB_ind": 5.645376172804115, 
    "anion_idx": 5, 
    "heat_of_formation_all": 1.26, 
    "CB_dir": 5.645376172804115, 
    "filename": "/Users/ajain/Documents/papers_proposals/2012Paper_UNCOptimization/data/rawdata/abofn/47fcc735dbcb8d3595625ce2c4cd0cfda404c5cd.json", 
    "sum_magnetic_moments": 4.551705766385084, 
    "VB_dir": 5.645376172804115, 
    "VB_ind": 5.645376172804115, 
    "is_direct": true, 
    "gllbsc_dir-gap": 0.0, 
    "FermiLevel": 0.154066518384, 
    "XCFunctional": "RPBE", 
    "FermiWidth": 0.0036749309468, 
    "structure": {
        "lattice": {
            "a": 4.116830133123567, 
            "c": 4.116830133123567, 
            "b": 4.116830133123567, 
            "matrix": [
                [
                    4.116830133123567, 
                    0.0, 
                    0.0
                ], 
                [
                    0.0, 
                    4.116830133123567, 
                    0.0
                ], 
                [
                    0.0, 
                    0.0, 
                    4.116830133123567
                ]
            ], 
            "volume": 69.77323239719934, 
            "beta": 90.0, 
            "alpha": 90.0, 
            "gamma": 90.0
        }, 
        "sites": [
            {
                "label": "Rb", 
                "xyz": [
                    0.004868506459249781, 
                    0.0, 
                    0.0
                ], 
                "abc": [
                    0.0011825861893300647, 
                    0.0, 
                    0.0
                ], 
                "properties": {}, 
                "species": [
                    {
                        "occu": 1, 
                        "element": "Rb"
                    }
                ]
            }, 
            {
                "label": "Co", 
                "xyz": [
                    2.0757759791396593, 
                    2.0584150665617837, 
                    2.0584150665617837
                ], 
                "abc": [
                    0.5042170582745671, 
                    0.5000000000000001, 
                    0.5000000000000001
                ], 
                "properties": {}, 
                "species": [
                    {
                        "occu": 1, 
                        "element": "Co"
                    }
                ]
            }, 
            {
                "label": "F", 
                "xyz": [
                    2.0574976393955287, 
                    0.0, 
                    2.0584150665617837
                ], 
                "abc": [
                    0.4997771520474277, 
                    0.0, 
                    0.5000000000000001
                ], 
                "properties": {}, 
                "species": [
                    {
                        "occu": 1, 
                        "element": "F"
                    }
                ]
            }, 
            {
                "label": "N", 
                "xyz": [
                    2.0756678951688414, 
                    2.0584150665617837, 
                    0.0
                ], 
                "abc": [
                    0.5041908041014964, 
                    0.5000000000000001, 
                    0.0
                ], 
                "properties": {}, 
                "species": [
                    {
                        "occu": 1, 
                        "element": "N"
                    }
                ]
            }, 
            {
                "label": "O", 
                "xyz": [
                    0.0008882534763665961, 
                    2.0584150665617837, 
                    2.0584150665617837
                ], 
                "abc": [
                    0.00021576150767548203, 
                    0.5000000000000001, 
                    0.5000000000000001
                ], 
                "properties": {}, 
                "species": [
                    {
                        "occu": 1, 
                        "element": "O"
                    }
                ]
            }
        ], 
        "@class": "Structure", 
        "@module": "pymatgen.core.structure"
    }
}