{
    "A": "Rb", 
    "gllbsc_ind-gap": 0.0, 
    "B": "Fe", 
    "anion": "ON2", 
    "CB_ind": 5.19422954006835, 
    "anion_idx": 2, 
    "heat_of_formation_all": 1.88, 
    "CB_dir": 5.19422954006835, 
    "filename": "/Users/ajain/Documents/papers_proposals/2012Paper_UNCOptimization/data/rawdata/abon2/dd7bf72a26460f61fe79a09f3dba814d64c80cb6.json", 
    "sum_magnetic_moments": 0.6229369190692609, 
    "VB_dir": 5.19422954006835, 
    "VB_ind": 5.19422954006835, 
    "is_direct": true, 
    "gllbsc_dir-gap": 0.0, 
    "FermiLevel": 0.214696602975, 
    "XCFunctional": "RPBE", 
    "FermiWidth": 0.0018374654734, 
    "structure": {
        "lattice": {
            "a": 3.970708905150902, 
            "c": 3.970708905150902, 
            "b": 3.970708905150902, 
            "matrix": [
                [
                    3.970708905150902, 
                    0.0, 
                    0.0
                ], 
                [
                    0.0, 
                    3.970708905150902, 
                    0.0
                ], 
                [
                    0.0, 
                    0.0, 
                    3.970708905150902
                ]
            ], 
            "volume": 62.60429793526377, 
            "beta": 90.0, 
            "alpha": 90.0, 
            "gamma": 90.0
        }, 
        "sites": [
            {
                "label": "Rb", 
                "xyz": [
                    0.022863492248081565, 
                    2.4284118859747295e-17, 
                    3.631295397532897e-18
                ], 
                "abc": [
                    0.005758037870371832, 
                    6.1158144401482904e-18, 
                    9.145206773587182e-19
                ], 
                "properties": {}, 
                "species": [
                    {
                        "occu": 1, 
                        "element": "Rb"
                    }
                ]
            }, 
            {
                "label": "Fe", 
                "xyz": [
                    2.1385170487841476, 
                    1.98535445257545, 
                    1.98535445257545
                ], 
                "abc": [
                    0.5385731112169946, 
                    0.4999999999999998, 
                    0.4999999999999998
                ], 
                "properties": {}, 
                "species": [
                    {
                        "occu": 1, 
                        "element": "Fe"
                    }
                ]
            }, 
            {
                "label": "N", 
                "xyz": [
                    1.945054335218618, 
                    0.0, 
                    1.98535445257545
                ], 
                "abc": [
                    0.489850649262011, 
                    0.0, 
                    0.4999999999999998
                ], 
                "properties": {}, 
                "species": [
                    {
                        "occu": 1, 
                        "element": "N"
                    }
                ]
            }, 
            {
                "label": "N", 
                "xyz": [
                    1.945054335218618, 
                    1.98535445257545, 
                    0.0
                ], 
                "abc": [
                    0.489850649262011, 
                    0.4999999999999998, 
                    0.0
                ], 
                "properties": {}, 
                "species": [
                    {
                        "occu": 1, 
                        "element": "N"
                    }
                ]
            }, 
            {
                "label": "O", 
                "xyz": [
                    3.932284616939346, 
                    1.98535445257545, 
                    1.98535445257545
                ], 
                "abc": [
                    0.9903230659488257, 
                    0.4999999999999998, 
                    0.4999999999999998
                ], 
                "properties": {}, 
                "species": [
                    {
                        "occu": 1, 
                        "element": "O"
                    }
                ]
            }
        ], 
        "@class": "Structure", 
        "@module": "pymatgen.core.structure"
    }
}