{
    "A": "Rb", 
    "gllbsc_ind-gap": 0.0, 
    "B": "Os", 
    "anion": "O2F", 
    "CB_ind": 5.833283444313429, 
    "anion_idx": 4, 
    "heat_of_formation_all": 1.0, 
    "CB_dir": 5.833283444313429, 
    "filename": "/Users/ajain/Documents/papers_proposals/2012Paper_UNCOptimization/data/rawdata/abo2f/3c62319a6773635f7e5002edac56b19fc904568f.json", 
    "sum_magnetic_moments": 0.3472528522193841, 
    "VB_dir": 5.833283444313429, 
    "VB_ind": 5.833283444313429, 
    "is_direct": true, 
    "gllbsc_dir-gap": 0.0, 
    "FermiLevel": 0.234297864643, 
    "XCFunctional": "RPBE", 
    "FermiWidth": 0.0036749309468, 
    "structure": {
        "lattice": {
            "a": 4.148813425729822, 
            "c": 4.148813425729822, 
            "b": 4.148813425729822, 
            "matrix": [
                [
                    4.148813425729822, 
                    0.0, 
                    0.0
                ], 
                [
                    0.0, 
                    4.148813425729822, 
                    0.0
                ], 
                [
                    0.0, 
                    0.0, 
                    4.148813425729822
                ]
            ], 
            "volume": 71.41208520130822, 
            "beta": 90.0, 
            "alpha": 90.0, 
            "gamma": 90.0
        }, 
        "sites": [
            {
                "label": "Rb", 
                "xyz": [
                    0.006671556369669633, 
                    0.0, 
                    0.0
                ], 
                "abc": [
                    0.0016080637245084197, 
                    0.0, 
                    0.0
                ], 
                "properties": {}, 
                "species": [
                    {
                        "occu": 1, 
                        "element": "Rb"
                    }
                ]
            }, 
            {
                "label": "Os", 
                "xyz": [
                    2.085888095497228, 
                    2.074406712864911, 
                    2.074406712864911
                ], 
                "abc": [
                    0.5027673894808363, 
                    0.5, 
                    0.5
                ], 
                "properties": {}, 
                "species": [
                    {
                        "occu": 1, 
                        "element": "Os"
                    }
                ]
            }, 
            {
                "label": "F", 
                "xyz": [
                    2.0745597812326615, 
                    0.0, 
                    2.074406712864911
                ], 
                "abc": [
                    0.5000368944929655, 
                    0.0, 
                    0.5
                ], 
                "properties": {}, 
                "species": [
                    {
                        "occu": 1, 
                        "element": "F"
                    }
                ]
            }, 
            {
                "label": "O", 
                "xyz": [
                    2.078934247053172, 
                    2.074406712864911, 
                    0.0
                ], 
                "abc": [
                    0.5010912841151599, 
                    0.5, 
                    0.0
                ], 
                "properties": {}, 
                "species": [
                    {
                        "occu": 1, 
                        "element": "O"
                    }
                ]
            }, 
            {
                "label": "O", 
                "xyz": [
                    0.018662363322777712, 
                    2.074406712864911, 
                    2.074406712864911
                ], 
                "abc": [
                    0.00449824116144601, 
                    0.5, 
                    0.5
                ], 
                "properties": {}, 
                "species": [
                    {
                        "occu": 1, 
                        "element": "O"
                    }
                ]
            }
        ], 
        "@class": "Structure", 
        "@module": "pymatgen.core.structure"
    }
}