{
    "A": "Rb", 
    "gllbsc_ind-gap": 0.0, 
    "B": "Pb", 
    "anion": "O2F", 
    "CB_ind": 5.572386457970848, 
    "anion_idx": 4, 
    "heat_of_formation_all": 0.7, 
    "CB_dir": 5.572386457970848, 
    "filename": "/Users/ajain/Documents/papers_proposals/2012Paper_UNCOptimization/data/rawdata/abo2f/4008bf8daf97b9c2202c05530ade29a8f0b9d894.json", 
    "sum_magnetic_moments": -0.1987136985231649, 
    "VB_dir": 5.572386457970848, 
    "VB_ind": 5.572386457970848, 
    "is_direct": true, 
    "gllbsc_dir-gap": 0.0, 
    "FermiLevel": 0.0973033687325, 
    "XCFunctional": "RPBE", 
    "FermiWidth": 0.0036749309468, 
    "structure": {
        "lattice": {
            "a": 4.560653868263232, 
            "c": 4.560653868263232, 
            "b": 4.560653868263232, 
            "matrix": [
                [
                    4.560653868263232, 
                    0.0, 
                    0.0
                ], 
                [
                    0.0, 
                    4.560653868263232, 
                    0.0
                ], 
                [
                    0.0, 
                    0.0, 
                    4.560653868263232
                ]
            ], 
            "volume": 94.85961067443249, 
            "beta": 90.0, 
            "alpha": 90.0, 
            "gamma": 90.0
        }, 
        "sites": [
            {
                "label": "Rb", 
                "xyz": [
                    0.005202576204933881, 
                    0.0, 
                    0.0
                ], 
                "abc": [
                    0.0011407522594814026, 
                    0.0, 
                    0.0
                ], 
                "properties": {}, 
                "species": [
                    {
                        "occu": 1, 
                        "element": "Rb"
                    }
                ]
            }, 
            {
                "label": "Pb", 
                "xyz": [
                    2.291735471785595, 
                    2.2803269341316166, 
                    2.2803269341316166
                ], 
                "abc": [
                    0.5025015135950941, 
                    0.5000000000000001, 
                    0.5000000000000001
                ], 
                "properties": {}, 
                "species": [
                    {
                        "occu": 1, 
                        "element": "Pb"
                    }
                ]
            }, 
            {
                "label": "F", 
                "xyz": [
                    2.2790824915561863, 
                    0.0, 
                    2.2803269341316166
                ], 
                "abc": [
                    0.4997271350531357, 
                    0.0, 
                    0.5000000000000001
                ], 
                "properties": {}, 
                "species": [
                    {
                        "occu": 1, 
                        "element": "F"
                    }
                ]
            }, 
            {
                "label": "O", 
                "xyz": [
                    2.2791213333582987, 
                    2.2803269341316166, 
                    0.0
                ], 
                "abc": [
                    0.4997356517709649, 
                    0.5000000000000001, 
                    0.0
                ], 
                "properties": {}, 
                "species": [
                    {
                        "occu": 1, 
                        "element": "O"
                    }
                ]
            }, 
            {
                "label": "O", 
                "xyz": [
                    0.022317688106473842, 
                    2.2803269341316166, 
                    2.2803269341316166
                ], 
                "abc": [
                    0.004893528154324232, 
                    0.5000000000000001, 
                    0.5000000000000001
                ], 
                "properties": {}, 
                "species": [
                    {
                        "occu": 1, 
                        "element": "O"
                    }
                ]
            }
        ], 
        "@class": "Structure", 
        "@module": "pymatgen.core.structure"
    }
}