{
    "A": "Rb", 
    "gllbsc_ind-gap": 0.0, 
    "B": "Pd", 
    "anion": "O2N", 
    "CB_ind": 5.327703488562246, 
    "anion_idx": 1, 
    "heat_of_formation_all": 1.44, 
    "CB_dir": 5.327703488562246, 
    "filename": "/Users/ajain/Documents/papers_proposals/2012Paper_UNCOptimization/data/rawdata/abo2n/14c016f02c72b6d1635b477c5d02e15c48a24167.json", 
    "sum_magnetic_moments": 1.3897931078096875, 
    "VB_dir": 5.327703488562246, 
    "VB_ind": 5.327703488562246, 
    "is_direct": true, 
    "gllbsc_dir-gap": 0.0, 
    "FermiLevel": 0.175002772993, 
    "XCFunctional": "RPBE", 
    "FermiWidth": 0.0018374654734, 
    "structure": {
        "lattice": {
            "a": 4.126985198087468, 
            "c": 4.126985198087468, 
            "b": 4.126985198087468, 
            "matrix": [
                [
                    4.126985198087468, 
                    0.0, 
                    0.0
                ], 
                [
                    0.0, 
                    4.126985198087468, 
                    0.0
                ], 
                [
                    0.0, 
                    0.0, 
                    4.126985198087468
                ]
            ], 
            "volume": 70.29084006146154, 
            "beta": 90.0, 
            "alpha": 90.0, 
            "gamma": 90.0
        }, 
        "sites": [
            {
                "label": "Rb", 
                "xyz": [
                    4.1209207301483595, 
                    4.4246654307392047e-17, 
                    0.0
                ], 
                "abc": [
                    0.9985305331499811, 
                    1.0721301914990362e-17, 
                    0.0
                ], 
                "properties": {}, 
                "species": [
                    {
                        "occu": 1, 
                        "element": "Rb"
                    }
                ]
            }, 
            {
                "label": "Pd", 
                "xyz": [
                    2.241813347155506, 
                    2.063492599043734, 
                    2.063492599043734
                ], 
                "abc": [
                    0.5432084777513644, 
                    0.5, 
                    0.5
                ], 
                "properties": {}, 
                "species": [
                    {
                        "occu": 1, 
                        "element": "Pd"
                    }
                ]
            }, 
            {
                "label": "N", 
                "xyz": [
                    2.036757993279675, 
                    0.0, 
                    2.063492599043734
                ], 
                "abc": [
                    0.4935220010538327, 
                    0.0, 
                    0.5
                ], 
                "properties": {}, 
                "species": [
                    {
                        "occu": 1, 
                        "element": "N"
                    }
                ]
            }, 
            {
                "label": "O", 
                "xyz": [
                    1.8891998309542972, 
                    2.063492599043734, 
                    2.9808287098199375e-19
                ], 
                "abc": [
                    0.45776753253919894, 
                    0.5, 
                    7.222775383835437e-20
                ], 
                "properties": {}, 
                "species": [
                    {
                        "occu": 1, 
                        "element": "O"
                    }
                ]
            }, 
            {
                "label": "O", 
                "xyz": [
                    0.05086885691951989, 
                    2.063492599043734, 
                    2.063492599043734
                ], 
                "abc": [
                    0.012325912131473986, 
                    0.5, 
                    0.5
                ], 
                "properties": {}, 
                "species": [
                    {
                        "occu": 1, 
                        "element": "O"
                    }
                ]
            }
        ], 
        "@class": "Structure", 
        "@module": "pymatgen.core.structure"
    }
}