{
    "A": "Rb", 
    "gllbsc_ind-gap": 0.0, 
    "B": "Rb", 
    "anion": "O2N", 
    "CB_ind": 4.685017480195187, 
    "anion_idx": 1, 
    "heat_of_formation_all": 2.3, 
    "CB_dir": 4.685017480195187, 
    "filename": "/Users/ajain/Documents/papers_proposals/2012Paper_UNCOptimization/data/rawdata/abo2n/a2c29a30887b5c3a9408787dcf8b4fee33b68298.json", 
    "sum_magnetic_moments": 0.0, 
    "VB_dir": 4.685017480195187, 
    "VB_ind": 4.685017480195187, 
    "is_direct": true, 
    "gllbsc_dir-gap": 0.0, 
    "FermiLevel": 0.043261099979, 
    "XCFunctional": "RPBE", 
    "FermiWidth": 0.0018374654734, 
    "structure": {
        "lattice": {
            "a": 4.69515637886208, 
            "c": 4.69515637886208, 
            "b": 4.69515637886208, 
            "matrix": [
                [
                    4.69515637886208, 
                    0.0, 
                    0.0
                ], 
                [
                    0.0, 
                    4.69515637886208, 
                    0.0
                ], 
                [
                    0.0, 
                    0.0, 
                    4.69515637886208
                ]
            ], 
            "volume": 103.50234390894224, 
            "beta": 90.0, 
            "alpha": 90.0, 
            "gamma": 90.0
        }, 
        "sites": [
            {
                "label": "Rb", 
                "xyz": [
                    0.001953746231399273, 
                    0.0, 
                    0.0
                ], 
                "abc": [
                    0.0004161195227053936, 
                    0.0, 
                    0.0
                ], 
                "properties": {}, 
                "species": [
                    {
                        "occu": 1, 
                        "element": "Rb"
                    }
                ]
            }, 
            {
                "label": "Rb", 
                "xyz": [
                    2.365219189636162, 
                    2.34757818943104, 
                    2.34757818943104
                ], 
                "abc": [
                    0.5037572763890342, 
                    0.5, 
                    0.5
                ], 
                "properties": {}, 
                "species": [
                    {
                        "occu": 1, 
                        "element": "Rb"
                    }
                ]
            }, 
            {
                "label": "N", 
                "xyz": [
                    2.3492860663454156, 
                    0.0, 
                    2.34757818943104
                ], 
                "abc": [
                    0.5003637529352727, 
                    0.0, 
                    0.5
                ], 
                "properties": {}, 
                "species": [
                    {
                        "occu": 1, 
                        "element": "N"
                    }
                ]
            }, 
            {
                "label": "O", 
                "xyz": [
                    2.347471905408881, 
                    2.34757818943104, 
                    2.0390140123972613e-20
                ], 
                "abc": [
                    0.4999773630495807, 
                    0.5, 
                    4.34280319517587e-21
                ], 
                "properties": {}, 
                "species": [
                    {
                        "occu": 1, 
                        "element": "O"
                    }
                ]
            }, 
            {
                "label": "O", 
                "xyz": [
                    0.022127009237380237, 
                    2.34757818943104, 
                    2.34757818943104
                ], 
                "abc": [
                    0.004712731047041919, 
                    0.5, 
                    0.5
                ], 
                "properties": {}, 
                "species": [
                    {
                        "occu": 1, 
                        "element": "O"
                    }
                ]
            }
        ], 
        "@class": "Structure", 
        "@module": "pymatgen.core.structure"
    }
}