{
    "A": "Rb", 
    "gllbsc_ind-gap": 0.0, 
    "B": "Ru", 
    "anion": "O3", 
    "CB_ind": 5.377280108607546, 
    "anion_idx": 0, 
    "heat_of_formation_all": 0.68, 
    "CB_dir": 5.377280108607546, 
    "filename": "/Users/ajain/Documents/papers_proposals/2012Paper_UNCOptimization/data/rawdata/abo3/1b27a85df6c4508ff99b4cecb038dff4d1a41562.json", 
    "sum_magnetic_moments": 0.30827363811504677, 
    "VB_dir": 5.377280108607546, 
    "VB_ind": 5.377280108607546, 
    "is_direct": true, 
    "gllbsc_dir-gap": 0.0, 
    "FermiLevel": 0.202875151216, 
    "XCFunctional": "RPBE", 
    "FermiWidth": 0.0018374654734, 
    "structure": {
        "lattice": {
            "a": 4.038642496826434, 
            "c": 4.038642496826434, 
            "b": 4.038642496826434, 
            "matrix": [
                [
                    4.038642496826434, 
                    0.0, 
                    0.0
                ], 
                [
                    0.0, 
                    4.038642496826434, 
                    0.0
                ], 
                [
                    0.0, 
                    0.0, 
                    4.038642496826434
                ]
            ], 
            "volume": 65.8728164610215, 
            "beta": 90.0, 
            "alpha": 90.0, 
            "gamma": 90.0
        }, 
        "sites": [
            {
                "label": "Rb", 
                "xyz": [
                    0.009672261600646272, 
                    6.718587106937454e-19, 
                    2.4481974503491646e-18
                ], 
                "abc": [
                    0.002394928892133121, 
                    1.6635755980423922e-19, 
                    6.061931582884493e-19
                ], 
                "properties": {}, 
                "species": [
                    {
                        "occu": 1, 
                        "element": "Rb"
                    }
                ]
            }, 
            {
                "label": "Ru", 
                "xyz": [
                    2.0277213117209003, 
                    2.0193212484132177, 
                    2.0193212484132177
                ], 
                "abc": [
                    0.502079922477487, 
                    0.5000000000000002, 
                    0.5000000000000002
                ], 
                "properties": {}, 
                "species": [
                    {
                        "occu": 1, 
                        "element": "Ru"
                    }
                ]
            }, 
            {
                "label": "O", 
                "xyz": [
                    2.0214057703742503, 
                    2.646918479699361e-19, 
                    2.0193212484132177
                ], 
                "abc": [
                    0.5005161442149613, 
                    6.553980655082272e-20, 
                    0.5000000000000002
                ], 
                "properties": {}, 
                "species": [
                    {
                        "occu": 1, 
                        "element": "O"
                    }
                ]
            }, 
            {
                "label": "O", 
                "xyz": [
                    2.0214057703742503, 
                    2.0193212484132177, 
                    0.0
                ], 
                "abc": [
                    0.5005161442149613, 
                    0.5000000000000002, 
                    0.0
                ], 
                "properties": {}, 
                "species": [
                    {
                        "occu": 1, 
                        "element": "O"
                    }
                ]
            }, 
            {
                "label": "O", 
                "xyz": [
                    0.002516129514140087, 
                    2.0193212484132177, 
                    2.0193212484132177
                ], 
                "abc": [
                    0.0006230136775209151, 
                    0.5000000000000002, 
                    0.5000000000000002
                ], 
                "properties": {}, 
                "species": [
                    {
                        "occu": 1, 
                        "element": "O"
                    }
                ]
            }
        ], 
        "@class": "Structure", 
        "@module": "pymatgen.core.structure"
    }
}