{
    "A": "Rb", 
    "gllbsc_ind-gap": 0.0, 
    "B": "Si", 
    "anion": "ON2", 
    "CB_ind": 5.362129787115027, 
    "anion_idx": 2, 
    "heat_of_formation_all": 1.98, 
    "CB_dir": 5.362129787115027, 
    "filename": "/Users/ajain/Documents/papers_proposals/2012Paper_UNCOptimization/data/rawdata/abon2/63ffa9cc05af6530e85f7358ec857754032e7b87.json", 
    "sum_magnetic_moments": -0.0002804579908046051, 
    "VB_dir": 5.362129787115027, 
    "VB_ind": 5.362129787115027, 
    "is_direct": true, 
    "gllbsc_dir-gap": 0.0, 
    "FermiLevel": 0.251628736614, 
    "XCFunctional": "RPBE", 
    "FermiWidth": 0.0018374654734, 
    "structure": {
        "lattice": {
            "a": 3.8357458482919826, 
            "c": 3.8357458482919826, 
            "b": 3.8357458482919826, 
            "matrix": [
                [
                    3.8357458482919826, 
                    0.0, 
                    0.0
                ], 
                [
                    0.0, 
                    3.8357458482919826, 
                    0.0
                ], 
                [
                    0.0, 
                    0.0, 
                    3.8357458482919826
                ]
            ], 
            "volume": 56.43512235146577, 
            "beta": 90.0, 
            "alpha": 90.0, 
            "gamma": 90.0
        }, 
        "sites": [
            {
                "label": "Rb", 
                "xyz": [
                    0.012131527206022763, 
                    0.0, 
                    0.0
                ], 
                "abc": [
                    0.003162755741865641, 
                    0.0, 
                    0.0
                ], 
                "properties": {}, 
                "species": [
                    {
                        "occu": 1, 
                        "element": "Rb"
                    }
                ]
            }, 
            {
                "label": "Si", 
                "xyz": [
                    1.9428939776291945, 
                    1.9178729241459904, 
                    1.9178729241459904
                ], 
                "abc": [
                    0.5065231260028202, 
                    0.4999999999999998, 
                    0.4999999999999998
                ], 
                "properties": {}, 
                "species": [
                    {
                        "occu": 1, 
                        "element": "Si"
                    }
                ]
            }, 
            {
                "label": "N", 
                "xyz": [
                    1.9222907747945466, 
                    1.5203468069659857e-19, 
                    1.9178729241459904
                ], 
                "abc": [
                    0.5011517579170482, 
                    3.9636275892548515e-20, 
                    0.4999999999999998
                ], 
                "properties": {}, 
                "species": [
                    {
                        "occu": 1, 
                        "element": "N"
                    }
                ]
            }, 
            {
                "label": "N", 
                "xyz": [
                    1.9222907747945466, 
                    1.9178729241459904, 
                    0.0
                ], 
                "abc": [
                    0.5011517579170482, 
                    0.4999999999999998, 
                    0.0
                ], 
                "properties": {}, 
                "species": [
                    {
                        "occu": 1, 
                        "element": "N"
                    }
                ]
            }, 
            {
                "label": "O", 
                "xyz": [
                    3.824283106331874, 
                    1.9178729241459904, 
                    1.9178729241459904
                ], 
                "abc": [
                    0.9970116002432192, 
                    0.4999999999999998, 
                    0.4999999999999998
                ], 
                "properties": {}, 
                "species": [
                    {
                        "occu": 1, 
                        "element": "O"
                    }
                ]
            }
        ], 
        "@class": "Structure", 
        "@module": "pymatgen.core.structure"
    }
}