{
    "A": "Rb", 
    "gllbsc_ind-gap": 0.0, 
    "B": "Sn", 
    "anion": "N3", 
    "CB_ind": 5.21744054886641, 
    "anion_idx": 3, 
    "heat_of_formation_all": 2.1, 
    "CB_dir": 5.21744054886641, 
    "filename": "/Users/ajain/Documents/papers_proposals/2012Paper_UNCOptimization/data/rawdata/abn3/078787af8a25655bcffb492b46a6842716d8b8b4.json", 
    "sum_magnetic_moments": 4.000016156561448, 
    "VB_dir": 5.21744054886641, 
    "VB_ind": 5.21744054886641, 
    "is_direct": true, 
    "gllbsc_dir-gap": 0.0, 
    "FermiLevel": 0.164239417666, 
    "XCFunctional": "RPBE", 
    "FermiWidth": 0.0018374654734, 
    "structure": {
        "lattice": {
            "a": 4.430306174868238, 
            "c": 4.430306174868238, 
            "b": 4.430306174868238, 
            "matrix": [
                [
                    4.430306174868238, 
                    0.0, 
                    0.0
                ], 
                [
                    0.0, 
                    4.430306174868238, 
                    0.0
                ], 
                [
                    0.0, 
                    0.0, 
                    4.430306174868238
                ]
            ], 
            "volume": 86.95633419938889, 
            "beta": 90.0, 
            "alpha": 90.0, 
            "gamma": 90.0
        }, 
        "sites": [
            {
                "label": "Rb", 
                "xyz": [
                    0.01116588463382557, 
                    0.0, 
                    8.114067650565837e-18
                ], 
                "abc": [
                    0.002520341527898499, 
                    0.0, 
                    1.8314913981779506e-18
                ], 
                "properties": {}, 
                "species": [
                    {
                        "occu": 1, 
                        "element": "Rb"
                    }
                ]
            }, 
            {
                "label": "Sn", 
                "xyz": [
                    2.2187197102455527, 
                    2.2151530874341185, 
                    2.2151530874341185
                ], 
                "abc": [
                    0.5008050510891698, 
                    0.4999999999999999, 
                    0.4999999999999999
                ], 
                "properties": {}, 
                "species": [
                    {
                        "occu": 1, 
                        "element": "Sn"
                    }
                ]
            }, 
            {
                "label": "N", 
                "xyz": [
                    2.2188066895402123, 
                    0.0, 
                    2.2151530874341185
                ], 
                "abc": [
                    0.5008246838845629, 
                    0.0, 
                    0.4999999999999999
                ], 
                "properties": {}, 
                "species": [
                    {
                        "occu": 1, 
                        "element": "N"
                    }
                ]
            }, 
            {
                "label": "N", 
                "xyz": [
                    2.2188066895402123, 
                    2.2151530874341185, 
                    3.7584739807679694e-20
                ], 
                "abc": [
                    0.5008246838845629, 
                    0.4999999999999999, 
                    8.483553579408652e-21
                ], 
                "properties": {}, 
                "species": [
                    {
                        "occu": 1, 
                        "element": "N"
                    }
                ]
            }, 
            {
                "label": "N", 
                "xyz": [
                    0.0024459429961953953, 
                    2.2151530874341185, 
                    2.2151530874341185
                ], 
                "abc": [
                    0.0005520934444825679, 
                    0.4999999999999999, 
                    0.4999999999999999
                ], 
                "properties": {}, 
                "species": [
                    {
                        "occu": 1, 
                        "element": "N"
                    }
                ]
            }
        ], 
        "@class": "Structure", 
        "@module": "pymatgen.core.structure"
    }
}