{
    "A": "Rb", 
    "gllbsc_ind-gap": 0.0, 
    "B": "Ti", 
    "anion": "N3", 
    "CB_ind": 4.992609939565201, 
    "anion_idx": 3, 
    "heat_of_formation_all": 1.86, 
    "CB_dir": 4.992609939565201, 
    "filename": "/Users/ajain/Documents/papers_proposals/2012Paper_UNCOptimization/data/rawdata/abn3/8aa5fbb338a6d9bf80c2e796eb0407e7f1393f79.json", 
    "sum_magnetic_moments": 3.3692988847126735, 
    "VB_dir": 4.992609939565201, 
    "VB_ind": 4.992609939565201, 
    "is_direct": true, 
    "gllbsc_dir-gap": 0.0, 
    "FermiLevel": 0.170212212343, 
    "XCFunctional": "RPBE", 
    "FermiWidth": 0.0018374654734, 
    "structure": {
        "lattice": {
            "a": 4.160132339605352, 
            "c": 4.160132339605352, 
            "b": 4.160132339605352, 
            "matrix": [
                [
                    4.160132339605352, 
                    0.0, 
                    0.0
                ], 
                [
                    0.0, 
                    4.160132339605352, 
                    0.0
                ], 
                [
                    0.0, 
                    0.0, 
                    4.160132339605352
                ]
            ], 
            "volume": 71.9981668673973, 
            "beta": 90.0, 
            "alpha": 90.0, 
            "gamma": 90.0
        }, 
        "sites": [
            {
                "label": "Rb", 
                "xyz": [
                    0.0036072857356888666, 
                    0.0, 
                    2.5135094608150606e-19
                ], 
                "abc": [
                    0.0008671084093519653, 
                    0.0, 
                    6.04189784273426e-20
                ], 
                "properties": {}, 
                "species": [
                    {
                        "occu": 1, 
                        "element": "Rb"
                    }
                ]
            }, 
            {
                "label": "Ti", 
                "xyz": [
                    2.084322239932255, 
                    2.080066169802676, 
                    2.080066169802676
                ], 
                "abc": [
                    0.5010230612351104, 
                    0.5, 
                    0.5
                ], 
                "properties": {}, 
                "species": [
                    {
                        "occu": 1, 
                        "element": "Ti"
                    }
                ]
            }, 
            {
                "label": "N", 
                "xyz": [
                    2.085650104613517, 
                    1.1420401504985405e-19, 
                    2.080066169802676
                ], 
                "abc": [
                    0.5013422493216576, 
                    2.7452014918517696e-20, 
                    0.5
                ], 
                "properties": {}, 
                "species": [
                    {
                        "occu": 1, 
                        "element": "N"
                    }
                ]
            }, 
            {
                "label": "N", 
                "xyz": [
                    2.085650104613517, 
                    2.080066169802676, 
                    4.086568182992965e-20
                ], 
                "abc": [
                    0.5013422493216576, 
                    0.5, 
                    9.823168710494999e-21
                ], 
                "properties": {}, 
                "species": [
                    {
                        "occu": 1, 
                        "element": "N"
                    }
                ]
            }, 
            {
                "label": "N", 
                "xyz": [
                    0.01012753397588157, 
                    2.080066169802676, 
                    2.080066169802676
                ], 
                "abc": [
                    0.0024344259146434535, 
                    0.5, 
                    0.5
                ], 
                "properties": {}, 
                "species": [
                    {
                        "occu": 1, 
                        "element": "N"
                    }
                ]
            }
        ], 
        "@class": "Structure", 
        "@module": "pymatgen.core.structure"
    }
}