{
    "A": "Rb", 
    "gllbsc_ind-gap": 0.0, 
    "B": "Zn", 
    "anion": "N3", 
    "CB_ind": 5.253343757402649, 
    "anion_idx": 3, 
    "heat_of_formation_all": 2.6, 
    "CB_dir": 5.253343757402649, 
    "filename": "/Users/ajain/Documents/papers_proposals/2012Paper_UNCOptimization/data/rawdata/abn3/bb7eb6b0c94a8d78e4b719110b68e307ad0002ed.json", 
    "sum_magnetic_moments": 5.719353804587435, 
    "VB_dir": 5.253343757402649, 
    "VB_ind": 5.253343757402649, 
    "is_direct": true, 
    "gllbsc_dir-gap": 0.0, 
    "FermiLevel": 0.145650355532, 
    "XCFunctional": "RPBE", 
    "FermiWidth": 0.0018374654734, 
    "structure": {
        "lattice": {
            "a": 4.290587601252039, 
            "c": 4.290587601252039, 
            "b": 4.290587601252039, 
            "matrix": [
                [
                    4.290587601252039, 
                    0.0, 
                    0.0
                ], 
                [
                    0.0, 
                    4.290587601252039, 
                    0.0
                ], 
                [
                    0.0, 
                    0.0, 
                    4.290587601252039
                ]
            ], 
            "volume": 78.98603626050306, 
            "beta": 90.0, 
            "alpha": 90.0, 
            "gamma": 90.0
        }, 
        "sites": [
            {
                "label": "Rb", 
                "xyz": [
                    0.0025772504833712034, 
                    7.156324753718112e-18, 
                    0.0
                ], 
                "abc": [
                    0.0006006754139267858, 
                    1.6679125142742269e-18, 
                    0.0
                ], 
                "properties": {}, 
                "species": [
                    {
                        "occu": 1, 
                        "element": "Rb"
                    }
                ]
            }, 
            {
                "label": "Zn", 
                "xyz": [
                    2.1583386353798115, 
                    2.1452938006260194, 
                    2.1452938006260194
                ], 
                "abc": [
                    0.5030403375868577, 
                    0.5, 
                    0.5
                ], 
                "properties": {}, 
                "species": [
                    {
                        "occu": 1, 
                        "element": "Zn"
                    }
                ]
            }, 
            {
                "label": "N", 
                "xyz": [
                    2.1471437621936924, 
                    0.0, 
                    2.1452938006260194
                ], 
                "abc": [
                    0.500431167415655, 
                    0.0, 
                    0.5
                ], 
                "properties": {}, 
                "species": [
                    {
                        "occu": 1, 
                        "element": "N"
                    }
                ]
            }, 
            {
                "label": "N", 
                "xyz": [
                    2.1471437621936924, 
                    2.1452938006260194, 
                    0.0
                ], 
                "abc": [
                    0.500431167415655, 
                    0.5, 
                    0.0
                ], 
                "properties": {}, 
                "species": [
                    {
                        "occu": 1, 
                        "element": "N"
                    }
                ]
            }, 
            {
                "label": "N", 
                "xyz": [
                    0.016377367187320174, 
                    2.1452938006260194, 
                    2.1452938006260194
                ], 
                "abc": [
                    0.0038170452882819793, 
                    0.5, 
                    0.5
                ], 
                "properties": {}, 
                "species": [
                    {
                        "occu": 1, 
                        "element": "N"
                    }
                ]
            }
        ], 
        "@class": "Structure", 
        "@module": "pymatgen.core.structure"
    }
}