{
    "A": "Re", 
    "gllbsc_ind-gap": 0.0, 
    "B": "Au", 
    "anion": "O3", 
    "CB_ind": 6.294207018178755, 
    "anion_idx": 0, 
    "heat_of_formation_all": 2.1, 
    "CB_dir": 6.294207018178755, 
    "filename": "/Users/ajain/Documents/papers_proposals/2012Paper_UNCOptimization/data/rawdata/abo3/d1339ccedf0f56ebed60377c30357c761f487ea7.json", 
    "sum_magnetic_moments": 2.9647641439699903, 
    "VB_dir": 6.294207018178755, 
    "VB_ind": 6.294207018178755, 
    "is_direct": true, 
    "gllbsc_dir-gap": 0.0, 
    "FermiLevel": 0.2313549506, 
    "XCFunctional": "RPBE", 
    "FermiWidth": 0.0018374654734, 
    "structure": {
        "lattice": {
            "a": 4.1118635336751375, 
            "c": 4.1118635336751375, 
            "b": 4.1118635336751375, 
            "matrix": [
                [
                    4.1118635336751375, 
                    0.0, 
                    0.0
                ], 
                [
                    0.0, 
                    4.1118635336751375, 
                    0.0
                ], 
                [
                    0.0, 
                    0.0, 
                    4.1118635336751375
                ]
            ], 
            "volume": 69.52101081715612, 
            "beta": 90.0, 
            "alpha": 90.0, 
            "gamma": 90.0
        }, 
        "sites": [
            {
                "label": "Re", 
                "xyz": [
                    1.9726775611133642, 
                    1.721129569105307e-17, 
                    0.0
                ], 
                "abc": [
                    0.47975268268453625, 
                    4.185765298409553e-18, 
                    0.0
                ], 
                "properties": {}, 
                "species": [
                    {
                        "occu": 1, 
                        "element": "Re"
                    }
                ]
            }, 
            {
                "label": "Au", 
                "xyz": [
                    0.5908901112821376, 
                    2.0559317668375687, 
                    2.0559317668375687
                ], 
                "abc": [
                    0.14370372616768404, 
                    0.5, 
                    0.5
                ], 
                "properties": {}, 
                "species": [
                    {
                        "occu": 1, 
                        "element": "Au"
                    }
                ]
            }, 
            {
                "label": "O", 
                "xyz": [
                    2.008445041229378, 
                    0.0, 
                    2.0559317668375687
                ], 
                "abc": [
                    0.4884512885169252, 
                    0.0, 
                    0.5
                ], 
                "properties": {}, 
                "species": [
                    {
                        "occu": 1, 
                        "element": "O"
                    }
                ]
            }, 
            {
                "label": "O", 
                "xyz": [
                    2.008445041229377, 
                    2.0559317668375687, 
                    0.0
                ], 
                "abc": [
                    0.4884512885169249, 
                    0.5, 
                    0.0
                ], 
                "properties": {}, 
                "species": [
                    {
                        "occu": 1, 
                        "element": "O"
                    }
                ]
            }, 
            {
                "label": "O", 
                "xyz": [
                    2.797297021036167, 
                    2.0559317668375687, 
                    2.0559317668375687
                ], 
                "abc": [
                    0.6802990902122605, 
                    0.5, 
                    0.5
                ], 
                "properties": {}, 
                "species": [
                    {
                        "occu": 1, 
                        "element": "O"
                    }
                ]
            }
        ], 
        "@class": "Structure", 
        "@module": "pymatgen.core.structure"
    }
}