{
    "A": "Re", 
    "gllbsc_ind-gap": 0.0, 
    "B": "Be", 
    "anion": "N3", 
    "CB_ind": 5.964701809136623, 
    "anion_idx": 3, 
    "heat_of_formation_all": 1.98, 
    "CB_dir": 5.964701809136623, 
    "filename": "/Users/ajain/Documents/papers_proposals/2012Paper_UNCOptimization/data/rawdata/abn3/0fe11df33516b1bd8e0168097c4799defa98771f.json", 
    "sum_magnetic_moments": 0.004204988007886712, 
    "VB_dir": 5.964701809136623, 
    "VB_ind": 5.964701809136623, 
    "is_direct": true, 
    "gllbsc_dir-gap": 0.0, 
    "FermiLevel": 0.414208236733, 
    "XCFunctional": "RPBE", 
    "FermiWidth": 0.0018374654734, 
    "structure": {
        "lattice": {
            "a": 3.429235890245047, 
            "c": 3.429235890245047, 
            "b": 3.429235890245047, 
            "matrix": [
                [
                    3.429235890245047, 
                    0.0, 
                    0.0
                ], 
                [
                    0.0, 
                    3.429235890245047, 
                    0.0
                ], 
                [
                    0.0, 
                    0.0, 
                    3.429235890245047
                ]
            ], 
            "volume": 40.326643982943374, 
            "beta": 90.0, 
            "alpha": 90.0, 
            "gamma": 90.0
        }, 
        "sites": [
            {
                "label": "Re", 
                "xyz": [
                    0.0, 
                    0.0, 
                    0.0
                ], 
                "abc": [
                    0.0, 
                    0.0, 
                    0.0
                ], 
                "properties": {}, 
                "species": [
                    {
                        "occu": 1, 
                        "element": "Re"
                    }
                ]
            }, 
            {
                "label": "Be", 
                "xyz": [
                    1.7146179451225225, 
                    1.7146179451225225, 
                    1.7146179451225225
                ], 
                "abc": [
                    0.4999999999999997, 
                    0.4999999999999997, 
                    0.4999999999999997
                ], 
                "properties": {}, 
                "species": [
                    {
                        "occu": 1, 
                        "element": "Be"
                    }
                ]
            }, 
            {
                "label": "N", 
                "xyz": [
                    1.7146179451225225, 
                    0.0, 
                    1.7146179451225225
                ], 
                "abc": [
                    0.4999999999999997, 
                    0.0, 
                    0.4999999999999997
                ], 
                "properties": {}, 
                "species": [
                    {
                        "occu": 1, 
                        "element": "N"
                    }
                ]
            }, 
            {
                "label": "N", 
                "xyz": [
                    1.7146179451225225, 
                    1.7146179451225225, 
                    0.0
                ], 
                "abc": [
                    0.4999999999999997, 
                    0.4999999999999997, 
                    0.0
                ], 
                "properties": {}, 
                "species": [
                    {
                        "occu": 1, 
                        "element": "N"
                    }
                ]
            }, 
            {
                "label": "N", 
                "xyz": [
                    0.0, 
                    1.7146179451225225, 
                    1.7146179451225225
                ], 
                "abc": [
                    0.0, 
                    0.4999999999999997, 
                    0.4999999999999997
                ], 
                "properties": {}, 
                "species": [
                    {
                        "occu": 1, 
                        "element": "N"
                    }
                ]
            }
        ], 
        "@class": "Structure", 
        "@module": "pymatgen.core.structure"
    }
}