{
    "A": "Re", 
    "gllbsc_ind-gap": 0.0, 
    "B": "Ge", 
    "anion": "O2N", 
    "CB_ind": 5.973176028375194, 
    "anion_idx": 1, 
    "heat_of_formation_all": 1.64, 
    "CB_dir": 5.973176028375194, 
    "filename": "/Users/ajain/Documents/papers_proposals/2012Paper_UNCOptimization/data/rawdata/abo2n/e404590cd5b97746f76a45a85464fd2cbac1cce6.json", 
    "sum_magnetic_moments": -3.6082781817793634, 
    "VB_dir": 5.973176028375194, 
    "VB_ind": 5.973176028375194, 
    "is_direct": true, 
    "gllbsc_dir-gap": 0.0, 
    "FermiLevel": 0.353703319589, 
    "XCFunctional": "RPBE", 
    "FermiWidth": 0.0018374654734, 
    "structure": {
        "lattice": {
            "a": 3.7860955140618877, 
            "c": 3.7860955140618877, 
            "b": 3.7860955140618877, 
            "matrix": [
                [
                    3.7860955140618877, 
                    0.0, 
                    0.0
                ], 
                [
                    0.0, 
                    3.7860955140618877, 
                    0.0
                ], 
                [
                    0.0, 
                    0.0, 
                    3.7860955140618877
                ]
            ], 
            "volume": 54.271858996853865, 
            "beta": 90.0, 
            "alpha": 90.0, 
            "gamma": 90.0
        }, 
        "sites": [
            {
                "label": "Re", 
                "xyz": [
                    0.012044662122660471, 
                    0.0, 
                    0.0
                ], 
                "abc": [
                    0.003181288501023165, 
                    0.0, 
                    0.0
                ], 
                "properties": {}, 
                "species": [
                    {
                        "occu": 1, 
                        "element": "Re"
                    }
                ]
            }, 
            {
                "label": "Ge", 
                "xyz": [
                    1.901256346403837, 
                    1.8930477570309436, 
                    1.8930477570309436
                ], 
                "abc": [
                    0.502168088296348, 
                    0.49999999999999994, 
                    0.49999999999999994
                ], 
                "properties": {}, 
                "species": [
                    {
                        "occu": 1, 
                        "element": "Ge"
                    }
                ]
            }, 
            {
                "label": "N", 
                "xyz": [
                    1.8950878108835394, 
                    0.0, 
                    1.8930477570309436
                ], 
                "abc": [
                    0.500538827888789, 
                    0.0, 
                    0.49999999999999994
                ], 
                "properties": {}, 
                "species": [
                    {
                        "occu": 1, 
                        "element": "N"
                    }
                ]
            }, 
            {
                "label": "O", 
                "xyz": [
                    1.8964723977061617, 
                    1.8930477570309436, 
                    0.0
                ], 
                "abc": [
                    0.5009045309772293, 
                    0.49999999999999994, 
                    0.0
                ], 
                "properties": {}, 
                "species": [
                    {
                        "occu": 1, 
                        "element": "O"
                    }
                ]
            }, 
            {
                "label": "O", 
                "xyz": [
                    0.007638029357386999, 
                    1.8930477570309436, 
                    1.8930477570309436
                ], 
                "abc": [
                    0.0020173895056315124, 
                    0.49999999999999994, 
                    0.49999999999999994
                ], 
                "properties": {}, 
                "species": [
                    {
                        "occu": 1, 
                        "element": "O"
                    }
                ]
            }
        ], 
        "@class": "Structure", 
        "@module": "pymatgen.core.structure"
    }
}