{
    "A": "Re", 
    "gllbsc_ind-gap": 0.0, 
    "B": "Hf", 
    "anion": "O3", 
    "CB_ind": 5.665741240830695, 
    "anion_idx": 0, 
    "heat_of_formation_all": 1.04, 
    "CB_dir": 5.665741240830695, 
    "filename": "/Users/ajain/Documents/papers_proposals/2012Paper_UNCOptimization/data/rawdata/abo3/649e0073be11ac1a0348431cebfd231a316f233c.json", 
    "sum_magnetic_moments": 2.999385945317808, 
    "VB_dir": 5.665741240830695, 
    "VB_ind": 5.665741240830695, 
    "is_direct": true, 
    "gllbsc_dir-gap": 0.0, 
    "FermiLevel": 0.271369666487, 
    "XCFunctional": "RPBE", 
    "FermiWidth": 0.0018374654734, 
    "structure": {
        "lattice": {
            "a": 4.152436504996626, 
            "c": 4.152436504996626, 
            "b": 4.152436504996626, 
            "matrix": [
                [
                    4.152436504996626, 
                    0.0, 
                    0.0
                ], 
                [
                    0.0, 
                    4.152436504996626, 
                    0.0
                ], 
                [
                    0.0, 
                    0.0, 
                    4.152436504996626
                ]
            ], 
            "volume": 71.59933704650726, 
            "beta": 90.0, 
            "alpha": 90.0, 
            "gamma": 90.0
        }, 
        "sites": [
            {
                "label": "Re", 
                "xyz": [
                    2.474630669331454, 
                    0.0, 
                    0.0
                ], 
                "abc": [
                    0.5959466607987218, 
                    0.0, 
                    0.0
                ], 
                "properties": {}, 
                "species": [
                    {
                        "occu": 1, 
                        "element": "Re"
                    }
                ]
            }, 
            {
                "label": "Hf", 
                "xyz": [
                    1.5218534864548532, 
                    2.0762182524983133, 
                    2.0762182524983133
                ], 
                "abc": [
                    0.36649650984996573, 
                    0.5000000000000001, 
                    0.5000000000000001
                ], 
                "properties": {}, 
                "species": [
                    {
                        "occu": 1, 
                        "element": "Hf"
                    }
                ]
            }, 
            {
                "label": "O", 
                "xyz": [
                    2.0539394470861208, 
                    0.0, 
                    2.0762182524983133
                ], 
                "abc": [
                    0.49463476313596033, 
                    0.0, 
                    0.5000000000000001
                ], 
                "properties": {}, 
                "species": [
                    {
                        "occu": 1, 
                        "element": "O"
                    }
                ]
            }, 
            {
                "label": "O", 
                "xyz": [
                    2.053939447086117, 
                    2.0762182524983133, 
                    0.0
                ], 
                "abc": [
                    0.49463476313595944, 
                    0.5000000000000001, 
                    0.0
                ], 
                "properties": {}, 
                "species": [
                    {
                        "occu": 1, 
                        "element": "O"
                    }
                ]
            }, 
            {
                "label": "O", 
                "xyz": [
                    3.738922566635713, 
                    2.0762182524983133, 
                    2.0762182524983133
                ], 
                "abc": [
                    0.9004165535431231, 
                    0.5000000000000001, 
                    0.5000000000000001
                ], 
                "properties": {}, 
                "species": [
                    {
                        "occu": 1, 
                        "element": "O"
                    }
                ]
            }
        ], 
        "@class": "Structure", 
        "@module": "pymatgen.core.structure"
    }
}