{
    "A": "Re", 
    "gllbsc_ind-gap": 0.0, 
    "B": "Li", 
    "anion": "O3", 
    "CB_ind": 5.526105340941077, 
    "anion_idx": 0, 
    "heat_of_formation_all": 1.96, 
    "CB_dir": 5.526105340941077, 
    "filename": "/Users/ajain/Documents/papers_proposals/2012Paper_UNCOptimization/data/rawdata/abo3/2be0e275b61df6d4d6495f02ede102eab9e8e16e.json", 
    "sum_magnetic_moments": 1.6290853067807238, 
    "VB_dir": 5.526105340941077, 
    "VB_ind": 5.526105340941077, 
    "is_direct": true, 
    "gllbsc_dir-gap": 0.0, 
    "FermiLevel": 0.302661395886, 
    "XCFunctional": "RPBE", 
    "FermiWidth": 0.0018374654734, 
    "structure": {
        "lattice": {
            "a": 3.485312559104639, 
            "c": 3.485312559104639, 
            "b": 3.485312559104639, 
            "matrix": [
                [
                    3.485312559104639, 
                    0.0, 
                    0.0
                ], 
                [
                    0.0, 
                    3.485312559104639, 
                    0.0
                ], 
                [
                    0.0, 
                    0.0, 
                    3.485312559104639
                ]
            ], 
            "volume": 42.337498448367796, 
            "beta": 90.0, 
            "alpha": 90.0, 
            "gamma": 90.0
        }, 
        "sites": [
            {
                "label": "Re", 
                "xyz": [
                    0.005026886614374983, 
                    0.0, 
                    0.0
                ], 
                "abc": [
                    0.0014423058274194976, 
                    0.0, 
                    0.0
                ], 
                "properties": {}, 
                "species": [
                    {
                        "occu": 1, 
                        "element": "Re"
                    }
                ]
            }, 
            {
                "label": "Li", 
                "xyz": [
                    1.753130477362747, 
                    1.742656279552319, 
                    1.742656279552319
                ], 
                "abc": [
                    0.5030052391665895, 
                    0.4999999999999999, 
                    0.4999999999999999
                ], 
                "properties": {}, 
                "species": [
                    {
                        "occu": 1, 
                        "element": "Li"
                    }
                ]
            }, 
            {
                "label": "O", 
                "xyz": [
                    1.7474673594796994, 
                    0.0, 
                    1.742656279552319
                ], 
                "abc": [
                    0.5013803869368364, 
                    0.0, 
                    0.4999999999999999
                ], 
                "properties": {}, 
                "species": [
                    {
                        "occu": 1, 
                        "element": "O"
                    }
                ]
            }, 
            {
                "label": "O", 
                "xyz": [
                    1.7474673594796994, 
                    1.742656279552319, 
                    0.0
                ], 
                "abc": [
                    0.5013803869368364, 
                    0.4999999999999999, 
                    0.0
                ], 
                "properties": {}, 
                "species": [
                    {
                        "occu": 1, 
                        "element": "O"
                    }
                ]
            }, 
            {
                "label": "O", 
                "xyz": [
                    0.00940149421737697, 
                    1.742656279552319, 
                    1.742656279552319
                ], 
                "abc": [
                    0.0026974608612411427, 
                    0.4999999999999999, 
                    0.4999999999999999
                ], 
                "properties": {}, 
                "species": [
                    {
                        "occu": 1, 
                        "element": "O"
                    }
                ]
            }
        ], 
        "@class": "Structure", 
        "@module": "pymatgen.core.structure"
    }
}