{
    "A": "Re", 
    "gllbsc_ind-gap": 0.0, 
    "B": "Mn", 
    "anion": "O2S", 
    "CB_ind": 5.548984732790291, 
    "anion_idx": 6, 
    "heat_of_formation_all": 1.14, 
    "CB_dir": 5.548984732790291, 
    "filename": "/Users/ajain/Documents/papers_proposals/2012Paper_UNCOptimization/data/rawdata/abo2s/d8cee33f80dd5865dc5e966e9be16103e36dc385.json", 
    "sum_magnetic_moments": 3.4899290316236313, 
    "VB_dir": 5.548984732790291, 
    "VB_ind": 5.548984732790291, 
    "is_direct": true, 
    "gllbsc_dir-gap": 0.0, 
    "FermiLevel": 0.305226003118, 
    "XCFunctional": "RPBE", 
    "FermiWidth": 0.0018374654734, 
    "structure": {
        "lattice": {
            "a": 4.045232210226589, 
            "c": 4.045232210226589, 
            "b": 4.045232210226589, 
            "matrix": [
                [
                    4.045232210226589, 
                    0.0, 
                    0.0
                ], 
                [
                    0.0, 
                    4.045232210226589, 
                    0.0
                ], 
                [
                    0.0, 
                    0.0, 
                    4.045232210226589
                ]
            ], 
            "volume": 66.19579006794915, 
            "beta": 90.0, 
            "alpha": 90.0, 
            "gamma": 90.0
        }, 
        "sites": [
            {
                "label": "Re", 
                "xyz": [
                    3.1317096359272405, 
                    0.0, 
                    0.0
                ], 
                "abc": [
                    0.7741730197861302, 
                    0.0, 
                    0.0
                ], 
                "properties": {}, 
                "species": [
                    {
                        "occu": 1, 
                        "element": "Re"
                    }
                ]
            }, 
            {
                "label": "Mn", 
                "xyz": [
                    2.9537713623667536, 
                    2.0226161051132943, 
                    2.0226161051132943
                ], 
                "abc": [
                    0.7301858605049774, 
                    0.4999999999999999, 
                    0.4999999999999999
                ], 
                "properties": {}, 
                "species": [
                    {
                        "occu": 1, 
                        "element": "Mn"
                    }
                ]
            }, 
            {
                "label": "S", 
                "xyz": [
                    0.3970125177731332, 
                    0.0, 
                    2.0226161051132943
                ], 
                "abc": [
                    0.09814331962685893, 
                    0.0, 
                    0.4999999999999999
                ], 
                "properties": {}, 
                "species": [
                    {
                        "occu": 1, 
                        "element": "S"
                    }
                ]
            }, 
            {
                "label": "O", 
                "xyz": [
                    3.0232438968954454, 
                    2.0226161051132943, 
                    0.0
                ], 
                "abc": [
                    0.7473597904348985, 
                    0.4999999999999999, 
                    0.0
                ], 
                "properties": {}, 
                "species": [
                    {
                        "occu": 1, 
                        "element": "O"
                    }
                ]
            }, 
            {
                "label": "O", 
                "xyz": [
                    0.9950956283474787, 
                    2.0226161051132943, 
                    2.0226161051132943
                ], 
                "abc": [
                    0.24599221420016812, 
                    0.4999999999999999, 
                    0.4999999999999999
                ], 
                "properties": {}, 
                "species": [
                    {
                        "occu": 1, 
                        "element": "O"
                    }
                ]
            }
        ], 
        "@class": "Structure", 
        "@module": "pymatgen.core.structure"
    }
}