{
    "A": "Re", 
    "gllbsc_ind-gap": 0.0, 
    "B": "Ni", 
    "anion": "O2S", 
    "CB_ind": 5.738461565864407, 
    "anion_idx": 6, 
    "heat_of_formation_all": 1.56, 
    "CB_dir": 5.738461565864407, 
    "filename": "/Users/ajain/Documents/papers_proposals/2012Paper_UNCOptimization/data/rawdata/abo2s/2ef7f0e2dbc8ecc0ec2e0941a9daa48e203e4211.json", 
    "sum_magnetic_moments": -1.6033904432224033, 
    "VB_dir": 5.738461565864407, 
    "VB_ind": 5.738461565864407, 
    "is_direct": true, 
    "gllbsc_dir-gap": 0.0, 
    "FermiLevel": 0.27236970398, 
    "XCFunctional": "RPBE", 
    "FermiWidth": 0.0018374654734, 
    "structure": {
        "lattice": {
            "a": 4.072264054946331, 
            "c": 4.072264054946331, 
            "b": 4.072264054946331, 
            "matrix": [
                [
                    4.072264054946331, 
                    0.0, 
                    0.0
                ], 
                [
                    0.0, 
                    4.072264054946331, 
                    0.0
                ], 
                [
                    0.0, 
                    0.0, 
                    4.072264054946331
                ]
            ], 
            "volume": 67.53171713073284, 
            "beta": 90.0, 
            "alpha": 90.0, 
            "gamma": 90.0
        }, 
        "sites": [
            {
                "label": "Re", 
                "xyz": [
                    0.5735088692935592, 
                    0.0, 
                    0.0
                ], 
                "abc": [
                    0.14083292771669678, 
                    0.0, 
                    0.0
                ], 
                "properties": {}, 
                "species": [
                    {
                        "occu": 1, 
                        "element": "Re"
                    }
                ]
            }, 
            {
                "label": "Ni", 
                "xyz": [
                    2.1342526436514118, 
                    2.036132027473165, 
                    2.036132027473165
                ], 
                "abc": [
                    0.5240948560442846, 
                    0.4999999999999999, 
                    0.4999999999999999
                ], 
                "properties": {}, 
                "species": [
                    {
                        "occu": 1, 
                        "element": "Ni"
                    }
                ]
            }, 
            {
                "label": "S", 
                "xyz": [
                    1.7671815819939771, 
                    0.0, 
                    2.036132027473165
                ], 
                "abc": [
                    0.43395554859648394, 
                    0.0, 
                    0.4999999999999999
                ], 
                "properties": {}, 
                "species": [
                    {
                        "occu": 1, 
                        "element": "S"
                    }
                ]
            }, 
            {
                "label": "O", 
                "xyz": [
                    1.4777187207683715, 
                    2.036132027473165, 
                    0.0
                ], 
                "abc": [
                    0.3628739936383734, 
                    0.4999999999999999, 
                    0.0
                ], 
                "properties": {}, 
                "species": [
                    {
                        "occu": 1, 
                        "element": "O"
                    }
                ]
            }, 
            {
                "label": "O", 
                "xyz": [
                    4.008906523575966, 
                    2.036132027473165, 
                    2.036132027473165
                ], 
                "abc": [
                    0.9844416937321616, 
                    0.4999999999999999, 
                    0.4999999999999999
                ], 
                "properties": {}, 
                "species": [
                    {
                        "occu": 1, 
                        "element": "O"
                    }
                ]
            }
        ], 
        "@class": "Structure", 
        "@module": "pymatgen.core.structure"
    }
}