{
    "A": "Re", 
    "gllbsc_ind-gap": 0.0, 
    "B": "Rb", 
    "anion": "O2F", 
    "CB_ind": 5.606349683166097, 
    "anion_idx": 4, 
    "heat_of_formation_all": 2.52, 
    "CB_dir": 5.606349683166097, 
    "filename": "/Users/ajain/Documents/papers_proposals/2012Paper_UNCOptimization/data/rawdata/abo2f/48f5853d08b261349b16952a4b54d8c2e623c611.json", 
    "sum_magnetic_moments": 0.0, 
    "VB_dir": 5.606349683166097, 
    "VB_ind": 5.606349683166097, 
    "is_direct": true, 
    "gllbsc_dir-gap": 0.0, 
    "FermiLevel": 0.192697264625, 
    "XCFunctional": "RPBE", 
    "FermiWidth": 0.0036749309468, 
    "structure": {
        "lattice": {
            "a": 4.289124683800683, 
            "c": 4.289124683800683, 
            "b": 4.289124683800683, 
            "matrix": [
                [
                    4.289124683800683, 
                    0.0, 
                    0.0
                ], 
                [
                    0.0, 
                    4.289124683800683, 
                    0.0
                ], 
                [
                    0.0, 
                    0.0, 
                    4.289124683800683
                ]
            ], 
            "volume": 78.90527063945443, 
            "beta": 90.0, 
            "alpha": 90.0, 
            "gamma": 90.0
        }, 
        "sites": [
            {
                "label": "Re", 
                "xyz": [
                    1.0073490753206271, 
                    0.0, 
                    0.0
                ], 
                "abc": [
                    0.23486122451166286, 
                    0.0, 
                    0.0
                ], 
                "properties": {}, 
                "species": [
                    {
                        "occu": 1, 
                        "element": "Re"
                    }
                ]
            }, 
            {
                "label": "Rb", 
                "xyz": [
                    2.68993803350881, 
                    2.1445623419003415, 
                    2.1445623419003415
                ], 
                "abc": [
                    0.6271531447123145, 
                    0.5, 
                    0.5
                ], 
                "properties": {}, 
                "species": [
                    {
                        "occu": 1, 
                        "element": "Rb"
                    }
                ]
            }, 
            {
                "label": "F", 
                "xyz": [
                    1.3193227173149165, 
                    0.0, 
                    2.1445623419003415
                ], 
                "abc": [
                    0.30759719396775315, 
                    0.0, 
                    0.5
                ], 
                "properties": {}, 
                "species": [
                    {
                        "occu": 1, 
                        "element": "F"
                    }
                ]
            }, 
            {
                "label": "O", 
                "xyz": [
                    1.0060983687096645, 
                    2.1445623419003415, 
                    0.0
                ], 
                "abc": [
                    0.23456962501219242, 
                    0.5, 
                    0.0
                ], 
                "properties": {}, 
                "species": [
                    {
                        "occu": 1, 
                        "element": "O"
                    }
                ]
            }, 
            {
                "label": "O", 
                "xyz": [
                    0.501394385322975, 
                    2.1445623419003415, 
                    2.1445623419003415
                ], 
                "abc": [
                    0.11689899974618574, 
                    0.5, 
                    0.5
                ], 
                "properties": {}, 
                "species": [
                    {
                        "occu": 1, 
                        "element": "O"
                    }
                ]
            }
        ], 
        "@class": "Structure", 
        "@module": "pymatgen.core.structure"
    }
}