{
    "A": "Re", 
    "gllbsc_ind-gap": 0.0, 
    "B": "Ru", 
    "anion": "N3", 
    "CB_ind": 5.863973834666704, 
    "anion_idx": 3, 
    "heat_of_formation_all": 2.18, 
    "CB_dir": 5.863973834666704, 
    "filename": "/Users/ajain/Documents/papers_proposals/2012Paper_UNCOptimization/data/rawdata/abn3/67e81c3b26c1cadee12cc5c1303c8104bdc28fb1.json", 
    "sum_magnetic_moments": 2.05058600644562, 
    "VB_dir": 5.863973834666704, 
    "VB_ind": 5.863973834666704, 
    "is_direct": true, 
    "gllbsc_dir-gap": 0.0, 
    "FermiLevel": 0.336614744684, 
    "XCFunctional": "RPBE", 
    "FermiWidth": 0.0018374654734, 
    "structure": {
        "lattice": {
            "a": 3.8790182187749873, 
            "c": 3.8790182187749873, 
            "b": 3.8790182187749873, 
            "matrix": [
                [
                    3.8790182187749873, 
                    0.0, 
                    0.0
                ], 
                [
                    0.0, 
                    3.8790182187749873, 
                    0.0
                ], 
                [
                    0.0, 
                    0.0, 
                    3.8790182187749873
                ]
            ], 
            "volume": 58.366742836962686, 
            "beta": 90.0, 
            "alpha": 90.0, 
            "gamma": 90.0
        }, 
        "sites": [
            {
                "label": "Re", 
                "xyz": [
                    0.0, 
                    0.0, 
                    0.0
                ], 
                "abc": [
                    0.0, 
                    0.0, 
                    0.0
                ], 
                "properties": {}, 
                "species": [
                    {
                        "occu": 1, 
                        "element": "Re"
                    }
                ]
            }, 
            {
                "label": "Ru", 
                "xyz": [
                    1.9395091093874932, 
                    1.9395091093874932, 
                    1.9395091093874932
                ], 
                "abc": [
                    0.4999999999999999, 
                    0.4999999999999999, 
                    0.4999999999999999
                ], 
                "properties": {}, 
                "species": [
                    {
                        "occu": 1, 
                        "element": "Ru"
                    }
                ]
            }, 
            {
                "label": "N", 
                "xyz": [
                    1.9395091093874932, 
                    0.0, 
                    1.9395091093874932
                ], 
                "abc": [
                    0.4999999999999999, 
                    0.0, 
                    0.4999999999999999
                ], 
                "properties": {}, 
                "species": [
                    {
                        "occu": 1, 
                        "element": "N"
                    }
                ]
            }, 
            {
                "label": "N", 
                "xyz": [
                    1.9395091093874932, 
                    1.9395091093874932, 
                    0.0
                ], 
                "abc": [
                    0.4999999999999999, 
                    0.4999999999999999, 
                    0.0
                ], 
                "properties": {}, 
                "species": [
                    {
                        "occu": 1, 
                        "element": "N"
                    }
                ]
            }, 
            {
                "label": "N", 
                "xyz": [
                    0.0, 
                    1.9395091093874932, 
                    1.9395091093874932
                ], 
                "abc": [
                    0.0, 
                    0.4999999999999999, 
                    0.4999999999999999
                ], 
                "properties": {}, 
                "species": [
                    {
                        "occu": 1, 
                        "element": "N"
                    }
                ]
            }
        ], 
        "@class": "Structure", 
        "@module": "pymatgen.core.structure"
    }
}