{
    "A": "Rh", 
    "gllbsc_ind-gap": 0.0, 
    "B": "Ni", 
    "anion": "O2N", 
    "CB_ind": 6.003563368897387, 
    "anion_idx": 1, 
    "heat_of_formation_all": 1.46, 
    "CB_dir": 6.003563368897387, 
    "filename": "/Users/ajain/Documents/papers_proposals/2012Paper_UNCOptimization/data/rawdata/abo2n/249f368fa9506f6323c946d8ced3c78d331e3aa3.json", 
    "sum_magnetic_moments": 0.9352139983703686, 
    "VB_dir": 6.003563368897387, 
    "VB_ind": 6.003563368897387, 
    "is_direct": true, 
    "gllbsc_dir-gap": 0.0, 
    "FermiLevel": 0.241597481185, 
    "XCFunctional": "RPBE", 
    "FermiWidth": 0.0018374654734, 
    "structure": {
        "lattice": {
            "a": 3.773939043779599, 
            "c": 3.773939043779599, 
            "b": 3.773939043779599, 
            "matrix": [
                [
                    3.773939043779599, 
                    0.0, 
                    0.0
                ], 
                [
                    0.0, 
                    3.773939043779599, 
                    0.0
                ], 
                [
                    0.0, 
                    0.0, 
                    3.773939043779599
                ]
            ], 
            "volume": 53.750764253828955, 
            "beta": 90.0, 
            "alpha": 90.0, 
            "gamma": 90.0
        }, 
        "sites": [
            {
                "label": "Rh", 
                "xyz": [
                    0.4214634479208559, 
                    0.0, 
                    4.2297753827125114e-16
                ], 
                "abc": [
                    0.11167733316083461, 
                    0.0, 
                    1.1207852945278078e-16
                ], 
                "properties": {}, 
                "species": [
                    {
                        "occu": 1, 
                        "element": "Rh"
                    }
                ]
            }, 
            {
                "label": "Ni", 
                "xyz": [
                    1.6992133674606886, 
                    1.886969521889799, 
                    1.886969521889799
                ], 
                "abc": [
                    0.4502492880115326, 
                    0.4999999999999999, 
                    0.4999999999999999
                ], 
                "properties": {}, 
                "species": [
                    {
                        "occu": 1, 
                        "element": "Ni"
                    }
                ]
            }, 
            {
                "label": "N", 
                "xyz": [
                    1.3957466807511048, 
                    4.321824400154888e-17, 
                    1.886969521889799
                ], 
                "abc": [
                    0.36983816234436706, 
                    1.1451759951656723e-17, 
                    0.4999999999999999
                ], 
                "properties": {}, 
                "species": [
                    {
                        "occu": 1, 
                        "element": "N"
                    }
                ]
            }, 
            {
                "label": "O", 
                "xyz": [
                    1.4618643767027093, 
                    1.886969521889799, 
                    7.452034642290682e-18
                ], 
                "abc": [
                    0.38735770762175653, 
                    0.4999999999999999, 
                    1.9746038703443052e-18
                ], 
                "properties": {}, 
                "species": [
                    {
                        "occu": 1, 
                        "element": "O"
                    }
                ]
            }, 
            {
                "label": "O", 
                "xyz": [
                    3.5161547483488853, 
                    1.886969521889799, 
                    1.886969521889799
                ], 
                "abc": [
                    0.9316935720369922, 
                    0.4999999999999999, 
                    0.4999999999999999
                ], 
                "properties": {}, 
                "species": [
                    {
                        "occu": 1, 
                        "element": "O"
                    }
                ]
            }
        ], 
        "@class": "Structure", 
        "@module": "pymatgen.core.structure"
    }
}