{
    "A": "Rh", 
    "gllbsc_ind-gap": 0.0, 
    "B": "V", 
    "anion": "OFN", 
    "CB_ind": 6.1533301115875485, 
    "anion_idx": 5, 
    "heat_of_formation_all": 1.08, 
    "CB_dir": 6.1533301115875485, 
    "filename": "/Users/ajain/Documents/papers_proposals/2012Paper_UNCOptimization/data/rawdata/abofn/7a1409cd8a2dab9ed317379c91ca8217884bcd96.json", 
    "sum_magnetic_moments": 2.6339613307379586, 
    "VB_dir": 6.1533301115875485, 
    "VB_ind": 6.1533301115875485, 
    "is_direct": true, 
    "gllbsc_dir-gap": 0.0, 
    "FermiLevel": 0.205972463085, 
    "XCFunctional": "RPBE", 
    "FermiWidth": 0.0036749309468, 
    "structure": {
        "lattice": {
            "a": 3.9440127622098045, 
            "c": 3.9440127622098045, 
            "b": 3.9440127622098045, 
            "matrix": [
                [
                    3.9440127622098045, 
                    0.0, 
                    0.0
                ], 
                [
                    0.0, 
                    3.9440127622098045, 
                    0.0
                ], 
                [
                    0.0, 
                    0.0, 
                    3.9440127622098045
                ]
            ], 
            "volume": 61.350051939654634, 
            "beta": 90.0, 
            "alpha": 90.0, 
            "gamma": 90.0
        }, 
        "sites": [
            {
                "label": "Rh", 
                "xyz": [
                    5.990851210451531e-05, 
                    0.0, 
                    0.0
                ], 
                "abc": [
                    1.5189735864584009e-05, 
                    0.0, 
                    0.0
                ], 
                "properties": {}, 
                "species": [
                    {
                        "occu": 1, 
                        "element": "Rh"
                    }
                ]
            }, 
            {
                "label": "V", 
                "xyz": [
                    2.0057786140448854, 
                    1.9720063811049027, 
                    1.9720063811049027
                ], 
                "abc": [
                    0.5085629116780699, 
                    0.5000000000000001, 
                    0.5000000000000001
                ], 
                "properties": {}, 
                "species": [
                    {
                        "occu": 1, 
                        "element": "V"
                    }
                ]
            }, 
            {
                "label": "F", 
                "xyz": [
                    1.9691383079579377, 
                    0.0, 
                    1.9720063811049027
                ], 
                "abc": [
                    0.4992728032793287, 
                    0.0, 
                    0.5000000000000001
                ], 
                "properties": {}, 
                "species": [
                    {
                        "occu": 1, 
                        "element": "F"
                    }
                ]
            }, 
            {
                "label": "N", 
                "xyz": [
                    1.969969546154526, 
                    1.9720063811049027, 
                    0.0
                ], 
                "abc": [
                    0.4994835627891744, 
                    0.5000000000000001, 
                    0.0
                ], 
                "properties": {}, 
                "species": [
                    {
                        "occu": 1, 
                        "element": "N"
                    }
                ]
            }, 
            {
                "label": "O", 
                "xyz": [
                    0.009496109222233278, 
                    1.9720063811049027, 
                    1.9720063811049027
                ], 
                "abc": [
                    0.002407727812957854, 
                    0.5000000000000001, 
                    0.5000000000000001
                ], 
                "properties": {}, 
                "species": [
                    {
                        "occu": 1, 
                        "element": "O"
                    }
                ]
            }
        ], 
        "@class": "Structure", 
        "@module": "pymatgen.core.structure"
    }
}