{
    "A": "Ru", 
    "gllbsc_ind-gap": 0.0, 
    "B": "B", 
    "anion": "OFN", 
    "CB_ind": 6.431169922045384, 
    "anion_idx": 5, 
    "heat_of_formation_all": 1.7, 
    "CB_dir": 6.431169922045384, 
    "filename": "/Users/ajain/Documents/papers_proposals/2012Paper_UNCOptimization/data/rawdata/abofn/087256566674dca8812b2f60a3b60c1dd37c61ef.json", 
    "sum_magnetic_moments": 1.355564324854051, 
    "VB_dir": 6.431169922045384, 
    "VB_ind": 6.431169922045384, 
    "is_direct": true, 
    "gllbsc_dir-gap": 0.0, 
    "FermiLevel": 0.295495607771, 
    "XCFunctional": "RPBE", 
    "FermiWidth": 0.0036749309468, 
    "structure": {
        "lattice": {
            "a": 3.6061635570401, 
            "c": 3.6061635570401, 
            "b": 3.6061635570401, 
            "matrix": [
                [
                    3.6061635570401, 
                    0.0, 
                    0.0
                ], 
                [
                    0.0, 
                    3.6061635570401, 
                    0.0
                ], 
                [
                    0.0, 
                    0.0, 
                    3.6061635570401
                ]
            ], 
            "volume": 46.896049617771304, 
            "beta": 90.0, 
            "alpha": 90.0, 
            "gamma": 90.0
        }, 
        "sites": [
            {
                "label": "Ru", 
                "xyz": [
                    0.3931722988172107, 
                    0.0, 
                    0.0
                ], 
                "abc": [
                    0.10902786093815509, 
                    0.0, 
                    0.0
                ], 
                "properties": {}, 
                "species": [
                    {
                        "occu": 1, 
                        "element": "Ru"
                    }
                ]
            }, 
            {
                "label": "B", 
                "xyz": [
                    2.038896728551471, 
                    1.8030817785200504, 
                    1.8030817785200504
                ], 
                "abc": [
                    0.5653921948634453, 
                    0.5000000000000001, 
                    0.5000000000000001
                ], 
                "properties": {}, 
                "species": [
                    {
                        "occu": 1, 
                        "element": "B"
                    }
                ]
            }, 
            {
                "label": "F", 
                "xyz": [
                    1.7277244071976954, 
                    0.0, 
                    1.8030817785200504
                ], 
                "abc": [
                    0.4791031742930132, 
                    0.0, 
                    0.5000000000000001
                ], 
                "properties": {}, 
                "species": [
                    {
                        "occu": 1, 
                        "element": "F"
                    }
                ]
            }, 
            {
                "label": "N", 
                "xyz": [
                    1.4951496162294686, 
                    1.8030817785200504, 
                    0.0
                ], 
                "abc": [
                    0.4146094852826563, 
                    0.5000000000000001, 
                    0.0
                ], 
                "properties": {}, 
                "species": [
                    {
                        "occu": 1, 
                        "element": "N"
                    }
                ]
            }, 
            {
                "label": "O", 
                "xyz": [
                    3.4230550850072974, 
                    1.8030817785200504, 
                    1.8030817785200504
                ], 
                "abc": [
                    0.9492234700017057, 
                    0.5000000000000001, 
                    0.5000000000000001
                ], 
                "properties": {}, 
                "species": [
                    {
                        "occu": 1, 
                        "element": "O"
                    }
                ]
            }
        ], 
        "@class": "Structure", 
        "@module": "pymatgen.core.structure"
    }
}