{
    "A": "Ru", 
    "gllbsc_ind-gap": 0.0, 
    "B": "Co", 
    "anion": "N3", 
    "CB_ind": 5.946437250705997, 
    "anion_idx": 3, 
    "heat_of_formation_all": 1.42, 
    "CB_dir": 5.946437250705997, 
    "filename": "/Users/ajain/Documents/papers_proposals/2012Paper_UNCOptimization/data/rawdata/abn3/5b08719bb614781d78fa4725391788f534dd459e.json", 
    "sum_magnetic_moments": 0.004479385171482164, 
    "VB_dir": 5.946437250705997, 
    "VB_ind": 5.946437250705997, 
    "is_direct": true, 
    "gllbsc_dir-gap": 0.0, 
    "FermiLevel": 0.312048066702, 
    "XCFunctional": "RPBE", 
    "FermiWidth": 0.0018374654734, 
    "structure": {
        "lattice": {
            "a": 3.6892783052379863, 
            "c": 3.6892783052379863, 
            "b": 3.6892783052379863, 
            "matrix": [
                [
                    3.6892783052379863, 
                    0.0, 
                    0.0
                ], 
                [
                    0.0, 
                    3.6892783052379863, 
                    0.0
                ], 
                [
                    0.0, 
                    0.0, 
                    3.6892783052379863
                ]
            ], 
            "volume": 50.2139347612126, 
            "beta": 90.0, 
            "alpha": 90.0, 
            "gamma": 90.0
        }, 
        "sites": [
            {
                "label": "Ru", 
                "xyz": [
                    0.6063590446209798, 
                    3.689278305237985, 
                    2.3424554541754597e-16
                ], 
                "abc": [
                    0.16435708950449188, 
                    0.9999999999999997, 
                    6.349359577589128e-17
                ], 
                "properties": {}, 
                "species": [
                    {
                        "occu": 1, 
                        "element": "Ru"
                    }
                ]
            }, 
            {
                "label": "Co", 
                "xyz": [
                    2.0942062516421496, 
                    1.844639152618993, 
                    1.844639152618993
                ], 
                "abc": [
                    0.567646590572694, 
                    0.49999999999999994, 
                    0.49999999999999994
                ], 
                "properties": {}, 
                "species": [
                    {
                        "occu": 1, 
                        "element": "Co"
                    }
                ]
            }, 
            {
                "label": "N", 
                "xyz": [
                    1.6855667286075866, 
                    1.3748617839734553e-17, 
                    1.844639152618993
                ], 
                "abc": [
                    0.45688250903013805, 
                    3.726641554857614e-18, 
                    0.49999999999999994
                ], 
                "properties": {}, 
                "species": [
                    {
                        "occu": 1, 
                        "element": "N"
                    }
                ]
            }, 
            {
                "label": "N", 
                "xyz": [
                    1.6855667286075986, 
                    1.844639152618993, 
                    0.0
                ], 
                "abc": [
                    0.45688250903014127, 
                    0.49999999999999994, 
                    0.0
                ], 
                "properties": {}, 
                "species": [
                    {
                        "occu": 1, 
                        "element": "N"
                    }
                ]
            }, 
            {
                "label": "N", 
                "xyz": [
                    0.08843327064385577, 
                    1.844639152618993, 
                    1.844639152618993
                ], 
                "abc": [
                    0.023970344150588865, 
                    0.49999999999999994, 
                    0.49999999999999994
                ], 
                "properties": {}, 
                "species": [
                    {
                        "occu": 1, 
                        "element": "N"
                    }
                ]
            }
        ], 
        "@class": "Structure", 
        "@module": "pymatgen.core.structure"
    }
}