{
    "A": "Ru", 
    "gllbsc_ind-gap": 0.0, 
    "B": "Mn", 
    "anion": "O2N", 
    "CB_ind": 5.858358752799063, 
    "anion_idx": 1, 
    "heat_of_formation_all": 1.26, 
    "CB_dir": 5.858358752799063, 
    "filename": "/Users/ajain/Documents/papers_proposals/2012Paper_UNCOptimization/data/rawdata/abo2n/96e64a73752936024dd45f0dc093b09352e28350.json", 
    "sum_magnetic_moments": -1.3848145026369765, 
    "VB_dir": 5.858358752799063, 
    "VB_ind": 5.858358752799063, 
    "is_direct": true, 
    "gllbsc_dir-gap": 0.0, 
    "FermiLevel": 0.273587374977, 
    "XCFunctional": "RPBE", 
    "FermiWidth": 0.0018374654734, 
    "structure": {
        "lattice": {
            "a": 3.7512165377961266, 
            "c": 3.7512165377961266, 
            "b": 3.7512165377961266, 
            "matrix": [
                [
                    3.7512165377961266, 
                    0.0, 
                    0.0
                ], 
                [
                    0.0, 
                    3.7512165377961266, 
                    0.0
                ], 
                [
                    0.0, 
                    0.0, 
                    3.7512165377961266
                ]
            ], 
            "volume": 52.78571433967188, 
            "beta": 90.0, 
            "alpha": 90.0, 
            "gamma": 90.0
        }, 
        "sites": [
            {
                "label": "Ru", 
                "xyz": [
                    0.0074568706326793065, 
                    0.0, 
                    0.0
                ], 
                "abc": [
                    0.0019878539555224623, 
                    0.0, 
                    0.0
                ], 
                "properties": {}, 
                "species": [
                    {
                        "occu": 1, 
                        "element": "Ru"
                    }
                ]
            }, 
            {
                "label": "Mn", 
                "xyz": [
                    1.880241860801935, 
                    1.8756082688980638, 
                    1.8756082688980638
                ], 
                "abc": [
                    0.5012352237886523, 
                    0.5000000000000001, 
                    0.5000000000000001
                ], 
                "properties": {}, 
                "species": [
                    {
                        "occu": 1, 
                        "element": "Mn"
                    }
                ]
            }, 
            {
                "label": "N", 
                "xyz": [
                    1.8884130551193872, 
                    0.0, 
                    1.8756082688980638
                ], 
                "abc": [
                    0.503413502284474, 
                    0.0, 
                    0.5000000000000001
                ], 
                "properties": {}, 
                "species": [
                    {
                        "occu": 1, 
                        "element": "N"
                    }
                ]
            }, 
            {
                "label": "O", 
                "xyz": [
                    1.8790043846286444, 
                    1.8756082688980638, 
                    1.6192394069288726e-20
                ], 
                "abc": [
                    0.5009053371609884, 
                    0.5000000000000001, 
                    4.3165714125375185e-21
                ], 
                "properties": {}, 
                "species": [
                    {
                        "occu": 1, 
                        "element": "O"
                    }
                ]
            }, 
            {
                "label": "O", 
                "xyz": [
                    0.005233386122804807, 
                    1.8756082688980638, 
                    1.8756082688980638
                ], 
                "abc": [
                    0.001395117042717952, 
                    0.5000000000000001, 
                    0.5000000000000001
                ], 
                "properties": {}, 
                "species": [
                    {
                        "occu": 1, 
                        "element": "O"
                    }
                ]
            }
        ], 
        "@class": "Structure", 
        "@module": "pymatgen.core.structure"
    }
}