{
    "A": "Ru", 
    "gllbsc_ind-gap": 0.0, 
    "B": "Na", 
    "anion": "O2N", 
    "CB_ind": 5.554389706530175, 
    "anion_idx": 1, 
    "heat_of_formation_all": 1.64, 
    "CB_dir": 5.554389706530175, 
    "filename": "/Users/ajain/Documents/papers_proposals/2012Paper_UNCOptimization/data/rawdata/abo2n/b0cf96f2d3abeb02331deb90218c05a9ca967b71.json", 
    "sum_magnetic_moments": -2.3400729413832266, 
    "VB_dir": 5.554389706530175, 
    "VB_ind": 5.554389706530175, 
    "is_direct": true, 
    "gllbsc_dir-gap": 0.0, 
    "FermiLevel": 0.123846046221, 
    "XCFunctional": "RPBE", 
    "FermiWidth": 0.0018374654734, 
    "structure": {
        "lattice": {
            "a": 4.028760879341878, 
            "c": 4.028760879341878, 
            "b": 4.028760879341878, 
            "matrix": [
                [
                    4.028760879341878, 
                    0.0, 
                    0.0
                ], 
                [
                    0.0, 
                    4.028760879341878, 
                    0.0
                ], 
                [
                    0.0, 
                    0.0, 
                    4.028760879341878
                ]
            ], 
            "volume": 65.3904722572358, 
            "beta": 90.0, 
            "alpha": 90.0, 
            "gamma": 90.0
        }, 
        "sites": [
            {
                "label": "Ru", 
                "xyz": [
                    0.7746252209959177, 
                    4.028760879341873, 
                    1.6754355388342907e-15
                ], 
                "abc": [
                    0.19227381425587547, 
                    0.999999999999999, 
                    4.1586869735192206e-16
                ], 
                "properties": {}, 
                "species": [
                    {
                        "occu": 1, 
                        "element": "Ru"
                    }
                ]
            }, 
            {
                "label": "Na", 
                "xyz": [
                    2.36198409108119, 
                    2.014380439670939, 
                    2.014380439670939
                ], 
                "abc": [
                    0.5862805368252667, 
                    0.5, 
                    0.5
                ], 
                "properties": {}, 
                "species": [
                    {
                        "occu": 1, 
                        "element": "Na"
                    }
                ]
            }, 
            {
                "label": "N", 
                "xyz": [
                    0.7083648315030093, 
                    0.0, 
                    2.014380439670939
                ], 
                "abc": [
                    0.1758269732848292, 
                    0.0, 
                    0.5
                ], 
                "properties": {}, 
                "species": [
                    {
                        "occu": 1, 
                        "element": "N"
                    }
                ]
            }, 
            {
                "label": "O", 
                "xyz": [
                    1.2935400968396753, 
                    2.014380439670939, 
                    2.170435831461486e-18
                ], 
                "abc": [
                    0.32107641420778066, 
                    0.5, 
                    5.387353323923359e-19
                ], 
                "properties": {}, 
                "species": [
                    {
                        "occu": 1, 
                        "element": "O"
                    }
                ]
            }, 
            {
                "label": "O", 
                "xyz": [
                    0.3211158438474624, 
                    2.014380439670939, 
                    2.014380439670939
                ], 
                "abc": [
                    0.07970585831838166, 
                    0.5, 
                    0.5
                ], 
                "properties": {}, 
                "species": [
                    {
                        "occu": 1, 
                        "element": "O"
                    }
                ]
            }
        ], 
        "@class": "Structure", 
        "@module": "pymatgen.core.structure"
    }
}