{
    "A": "Ru", 
    "gllbsc_ind-gap": 0.0, 
    "B": "Rb", 
    "anion": "OFN", 
    "CB_ind": 5.696940682733143, 
    "anion_idx": 5, 
    "heat_of_formation_all": 3.58, 
    "CB_dir": 5.696940682733143, 
    "filename": "/Users/ajain/Documents/papers_proposals/2012Paper_UNCOptimization/data/rawdata/abofn/33413d9de71a9bc9f95c4ea386172a8b8a442728.json", 
    "sum_magnetic_moments": 0.0, 
    "VB_dir": 5.696940682733143, 
    "VB_ind": 5.696940682733143, 
    "is_direct": true, 
    "gllbsc_dir-gap": 0.0, 
    "FermiLevel": 0.0443368528854, 
    "XCFunctional": "RPBE", 
    "FermiWidth": 0.0036749309468, 
    "structure": {
        "lattice": {
            "a": 4.626435580880816, 
            "c": 4.626435580880816, 
            "b": 4.626435580880816, 
            "matrix": [
                [
                    4.626435580880816, 
                    0.0, 
                    0.0
                ], 
                [
                    0.0, 
                    4.626435580880816, 
                    0.0
                ], 
                [
                    0.0, 
                    0.0, 
                    4.626435580880816
                ]
            ], 
            "volume": 99.02379313967766, 
            "beta": 90.0, 
            "alpha": 90.0, 
            "gamma": 90.0
        }, 
        "sites": [
            {
                "label": "Ru", 
                "xyz": [
                    0.0012816452874685267, 
                    0.0, 
                    0.0
                ], 
                "abc": [
                    0.0002770265067053019, 
                    0.0, 
                    0.0
                ], 
                "properties": {}, 
                "species": [
                    {
                        "occu": 1, 
                        "element": "Ru"
                    }
                ]
            }, 
            {
                "label": "Rb", 
                "xyz": [
                    2.33861073865991, 
                    2.3132177904404085, 
                    2.3132177904404085
                ], 
                "abc": [
                    0.5054886635241266, 
                    0.5000000000000001, 
                    0.5000000000000001
                ], 
                "properties": {}, 
                "species": [
                    {
                        "occu": 1, 
                        "element": "Rb"
                    }
                ]
            }, 
            {
                "label": "F", 
                "xyz": [
                    2.3109658271721116, 
                    0.0, 
                    2.3132177904404085
                ], 
                "abc": [
                    0.49951324011132825, 
                    0.0, 
                    0.5000000000000001
                ], 
                "properties": {}, 
                "species": [
                    {
                        "occu": 1, 
                        "element": "F"
                    }
                ]
            }, 
            {
                "label": "N", 
                "xyz": [
                    2.3132084704598777, 
                    2.3132177904404085, 
                    0.0
                ], 
                "abc": [
                    0.4999979854943687, 
                    0.5000000000000001, 
                    0.0
                ], 
                "properties": {}, 
                "species": [
                    {
                        "occu": 1, 
                        "element": "N"
                    }
                ]
            }, 
            {
                "label": "O", 
                "xyz": [
                    0.022565233162581234, 
                    2.3132177904404085, 
                    2.3132177904404085
                ], 
                "abc": [
                    0.0048774553904596014, 
                    0.5000000000000001, 
                    0.5000000000000001
                ], 
                "properties": {}, 
                "species": [
                    {
                        "occu": 1, 
                        "element": "O"
                    }
                ]
            }
        ], 
        "@class": "Structure", 
        "@module": "pymatgen.core.structure"
    }
}