{
    "A": "Ru", 
    "gllbsc_ind-gap": 0.0, 
    "B": "Sb", 
    "anion": "OFN", 
    "CB_ind": 6.590932650021922, 
    "anion_idx": 5, 
    "heat_of_formation_all": 1.54, 
    "CB_dir": 6.590932650021922, 
    "filename": "/Users/ajain/Documents/papers_proposals/2012Paper_UNCOptimization/data/rawdata/abofn/e7cfb5d35d50c68459c2e6faa7fd77298428335d.json", 
    "sum_magnetic_moments": 3.5610950162443658, 
    "VB_dir": 6.590932650021922, 
    "VB_ind": 6.590932650021922, 
    "is_direct": true, 
    "gllbsc_dir-gap": 0.0, 
    "FermiLevel": 0.236018518622, 
    "XCFunctional": "RPBE", 
    "FermiWidth": 0.0036749309468, 
    "structure": {
        "lattice": {
            "a": 4.1881189982158, 
            "c": 4.1881189982158, 
            "b": 4.1881189982158, 
            "matrix": [
                [
                    4.1881189982158, 
                    0.0, 
                    0.0
                ], 
                [
                    0.0, 
                    4.1881189982158, 
                    0.0
                ], 
                [
                    0.0, 
                    0.0, 
                    4.1881189982158
                ]
            ], 
            "volume": 73.46103430184206, 
            "beta": 90.0, 
            "alpha": 90.0, 
            "gamma": 90.0
        }, 
        "sites": [
            {
                "label": "Ru", 
                "xyz": [
                    0.002680048579665597, 
                    0.0, 
                    0.0
                ], 
                "abc": [
                    0.0006399170082816026, 
                    0.0, 
                    0.0
                ], 
                "properties": {}, 
                "species": [
                    {
                        "occu": 1, 
                        "element": "Ru"
                    }
                ]
            }, 
            {
                "label": "Sb", 
                "xyz": [
                    2.1179470324172978, 
                    2.0940594991079005, 
                    2.0940594991079005
                ], 
                "abc": [
                    0.5057036424513186, 
                    0.5000000000000001, 
                    0.5000000000000001
                ], 
                "properties": {}, 
                "species": [
                    {
                        "occu": 1, 
                        "element": "Sb"
                    }
                ]
            }, 
            {
                "label": "F", 
                "xyz": [
                    2.0913788115555256, 
                    0.0, 
                    2.0940594991079005
                ], 
                "abc": [
                    0.4993599304237734, 
                    0.0, 
                    0.5000000000000001
                ], 
                "properties": {}, 
                "species": [
                    {
                        "occu": 1, 
                        "element": "F"
                    }
                ]
            }, 
            {
                "label": "N", 
                "xyz": [
                    2.093521515106635, 
                    2.0940594991079005, 
                    0.0
                ], 
                "abc": [
                    0.4998715451969024, 
                    0.5000000000000001, 
                    0.0
                ], 
                "properties": {}, 
                "species": [
                    {
                        "occu": 1, 
                        "element": "N"
                    }
                ]
            }, 
            {
                "label": "O", 
                "xyz": [
                    0.018958434498468728, 
                    2.0940594991079005, 
                    2.0940594991079005
                ], 
                "abc": [
                    0.004526718201308343, 
                    0.5000000000000001, 
                    0.5000000000000001
                ], 
                "properties": {}, 
                "species": [
                    {
                        "occu": 1, 
                        "element": "O"
                    }
                ]
            }
        ], 
        "@class": "Structure", 
        "@module": "pymatgen.core.structure"
    }
}