{
    "A": "Ru", 
    "gllbsc_ind-gap": 0.0, 
    "B": "Te", 
    "anion": "O2N", 
    "CB_ind": 6.332596904453765, 
    "anion_idx": 1, 
    "heat_of_formation_all": 1.82, 
    "CB_dir": 6.332596904453765, 
    "filename": "/Users/ajain/Documents/papers_proposals/2012Paper_UNCOptimization/data/rawdata/abo2n/856bf519541ddd4380a6f8897b86bbc1a1df8f5f.json", 
    "sum_magnetic_moments": -3.5174899724359694, 
    "VB_dir": 6.332596904453765, 
    "VB_ind": 6.332596904453765, 
    "is_direct": true, 
    "gllbsc_dir-gap": 0.0, 
    "FermiLevel": 0.282489143541, 
    "XCFunctional": "RPBE", 
    "FermiWidth": 0.0018374654734, 
    "structure": {
        "lattice": {
            "a": 4.06826046666258, 
            "c": 4.06826046666258, 
            "b": 4.06826046666258, 
            "matrix": [
                [
                    4.06826046666258, 
                    0.0, 
                    0.0
                ], 
                [
                    0.0, 
                    4.06826046666258, 
                    0.0
                ], 
                [
                    0.0, 
                    0.0, 
                    4.06826046666258
                ]
            ], 
            "volume": 67.33273435456292, 
            "beta": 90.0, 
            "alpha": 90.0, 
            "gamma": 90.0
        }, 
        "sites": [
            {
                "label": "Ru", 
                "xyz": [
                    0.004649051696731336, 
                    0.0, 
                    0.0
                ], 
                "abc": [
                    0.0011427615647592031, 
                    0.0, 
                    0.0
                ], 
                "properties": {}, 
                "species": [
                    {
                        "occu": 1, 
                        "element": "Ru"
                    }
                ]
            }, 
            {
                "label": "Te", 
                "xyz": [
                    2.0546710084880635, 
                    2.03413023333129, 
                    2.03413023333129
                ], 
                "abc": [
                    0.5050490314779732, 
                    0.5, 
                    0.5
                ], 
                "properties": {}, 
                "species": [
                    {
                        "occu": 1, 
                        "element": "Te"
                    }
                ]
            }, 
            {
                "label": "N", 
                "xyz": [
                    2.0328843225597204, 
                    0.0, 
                    2.03413023333129
                ], 
                "abc": [
                    0.4996937485242699, 
                    0.0, 
                    0.5
                ], 
                "properties": {}, 
                "species": [
                    {
                        "occu": 1, 
                        "element": "N"
                    }
                ]
            }, 
            {
                "label": "O", 
                "xyz": [
                    2.0341114347533065, 
                    2.03413023333129, 
                    0.0
                ], 
                "abc": [
                    0.49999537920982745, 
                    0.5, 
                    0.0
                ], 
                "properties": {}, 
                "species": [
                    {
                        "occu": 1, 
                        "element": "O"
                    }
                ]
            }, 
            {
                "label": "O", 
                "xyz": [
                    0.017186262251177992, 
                    2.03413023333129, 
                    2.03413023333129
                ], 
                "abc": [
                    0.004224474414067405, 
                    0.5, 
                    0.5
                ], 
                "properties": {}, 
                "species": [
                    {
                        "occu": 1, 
                        "element": "O"
                    }
                ]
            }
        ], 
        "@class": "Structure", 
        "@module": "pymatgen.core.structure"
    }
}