{
    "A": "Ru", 
    "gllbsc_ind-gap": 0.0, 
    "B": "Ti", 
    "anion": "OFN", 
    "CB_ind": 6.156903476431123, 
    "anion_idx": 5, 
    "heat_of_formation_all": 0.7, 
    "CB_dir": 6.156903476431123, 
    "filename": "/Users/ajain/Documents/papers_proposals/2012Paper_UNCOptimization/data/rawdata/abofn/de512da7e12feca12aeb6eb5a47bf89ec611fdf8.json", 
    "sum_magnetic_moments": 2.7524898882199085, 
    "VB_dir": 6.156903476431123, 
    "VB_ind": 6.156903476431123, 
    "is_direct": true, 
    "gllbsc_dir-gap": 0.0, 
    "FermiLevel": 0.227500383808, 
    "XCFunctional": "RPBE", 
    "FermiWidth": 0.0036749309468, 
    "structure": {
        "lattice": {
            "a": 3.9966809586432706, 
            "c": 3.9966809586432706, 
            "b": 3.9966809586432706, 
            "matrix": [
                [
                    3.9966809586432706, 
                    0.0, 
                    0.0
                ], 
                [
                    0.0, 
                    3.9966809586432706, 
                    0.0
                ], 
                [
                    0.0, 
                    0.0, 
                    3.9966809586432706
                ]
            ], 
            "volume": 63.84081817074064, 
            "beta": 90.0, 
            "alpha": 90.0, 
            "gamma": 90.0
        }, 
        "sites": [
            {
                "label": "Ru", 
                "xyz": [
                    0.6253255962222796, 
                    0.0, 
                    0.0
                ], 
                "abc": [
                    0.1564612243741755, 
                    0.0, 
                    0.0
                ], 
                "properties": {}, 
                "species": [
                    {
                        "occu": 1, 
                        "element": "Ru"
                    }
                ]
            }, 
            {
                "label": "Ti", 
                "xyz": [
                    1.969779127584896, 
                    1.9983404793216357, 
                    1.9983404793216357
                ], 
                "abc": [
                    0.49285373237636787, 
                    0.5000000000000001, 
                    0.5000000000000001
                ], 
                "properties": {}, 
                "species": [
                    {
                        "occu": 1, 
                        "element": "Ti"
                    }
                ]
            }, 
            {
                "label": "F", 
                "xyz": [
                    2.2006723364915675, 
                    0.0, 
                    1.9983404793216357
                ], 
                "abc": [
                    0.5506249708854961, 
                    0.0, 
                    0.5000000000000001
                ], 
                "properties": {}, 
                "species": [
                    {
                        "occu": 1, 
                        "element": "F"
                    }
                ]
            }, 
            {
                "label": "N", 
                "xyz": [
                    1.4834420541525966, 
                    1.9983404793216357, 
                    0.0
                ], 
                "abc": [
                    0.3711684944339845, 
                    0.5000000000000001, 
                    0.0
                ], 
                "properties": {}, 
                "species": [
                    {
                        "occu": 1, 
                        "element": "N"
                    }
                ]
            }, 
            {
                "label": "O", 
                "xyz": [
                    3.8059662772711453, 
                    1.9983404793216357, 
                    1.9983404793216357
                ], 
                "abc": [
                    0.9522817349331616, 
                    0.5000000000000001, 
                    0.5000000000000001
                ], 
                "properties": {}, 
                "species": [
                    {
                        "occu": 1, 
                        "element": "O"
                    }
                ]
            }
        ], 
        "@class": "Structure", 
        "@module": "pymatgen.core.structure"
    }
}