{
    "A": "Ru", 
    "gllbsc_ind-gap": 0.0, 
    "B": "W", 
    "anion": "O3", 
    "CB_ind": 6.101126416820691, 
    "anion_idx": 0, 
    "heat_of_formation_all": 0.94, 
    "CB_dir": 6.101126416820691, 
    "filename": "/Users/ajain/Documents/papers_proposals/2012Paper_UNCOptimization/data/rawdata/abo3/d91db12fe91684191c02c22d13396a77b6f2713f.json", 
    "sum_magnetic_moments": 2.6725663895579665, 
    "VB_dir": 6.101126416820691, 
    "VB_ind": 6.101126416820691, 
    "is_direct": true, 
    "gllbsc_dir-gap": 0.0, 
    "FermiLevel": 0.285368233748, 
    "XCFunctional": "RPBE", 
    "FermiWidth": 0.0018374654734, 
    "structure": {
        "lattice": {
            "a": 3.9824823344968, 
            "c": 3.9824823344968, 
            "b": 3.9824823344968, 
            "matrix": [
                [
                    3.9824823344968, 
                    0.0, 
                    0.0
                ], 
                [
                    0.0, 
                    3.9824823344968, 
                    0.0
                ], 
                [
                    0.0, 
                    0.0, 
                    3.9824823344968
                ]
            ], 
            "volume": 63.162829103481016, 
            "beta": 90.0, 
            "alpha": 90.0, 
            "gamma": 90.0
        }, 
        "sites": [
            {
                "label": "Ru", 
                "xyz": [
                    0.00025214120130882556, 
                    0.0, 
                    0.0
                ], 
                "abc": [
                    6.331257244376061e-05, 
                    0.0, 
                    0.0
                ], 
                "properties": {}, 
                "species": [
                    {
                        "occu": 1, 
                        "element": "Ru"
                    }
                ]
            }, 
            {
                "label": "W", 
                "xyz": [
                    1.9989535304633035, 
                    1.9912411672483996, 
                    1.9912411672483996
                ], 
                "abc": [
                    0.5019365718582347, 
                    0.4999999999999999, 
                    0.4999999999999999
                ], 
                "properties": {}, 
                "species": [
                    {
                        "occu": 1, 
                        "element": "W"
                    }
                ]
            }, 
            {
                "label": "O", 
                "xyz": [
                    2.0015767694507116, 
                    0.0, 
                    1.9912411672483996
                ], 
                "abc": [
                    0.5025952663023219, 
                    0.0, 
                    0.4999999999999999
                ], 
                "properties": {}, 
                "species": [
                    {
                        "occu": 1, 
                        "element": "O"
                    }
                ]
            }, 
            {
                "label": "O", 
                "xyz": [
                    2.0015767694507116, 
                    1.9912411672483996, 
                    0.0
                ], 
                "abc": [
                    0.5025952663023219, 
                    0.4999999999999999, 
                    0.0
                ], 
                "properties": {}, 
                "species": [
                    {
                        "occu": 1, 
                        "element": "O"
                    }
                ]
            }, 
            {
                "label": "O", 
                "xyz": [
                    0.009215496830163525, 
                    1.9912411672483996, 
                    1.9912411672483996
                ], 
                "abc": [
                    0.0023140082130026405, 
                    0.4999999999999999, 
                    0.4999999999999999
                ], 
                "properties": {}, 
                "species": [
                    {
                        "occu": 1, 
                        "element": "O"
                    }
                ]
            }
        ], 
        "@class": "Structure", 
        "@module": "pymatgen.core.structure"
    }
}