{
    "A": "Ru", 
    "gllbsc_ind-gap": 0.0, 
    "B": "Zn", 
    "anion": "O2N", 
    "CB_ind": 6.072106464535779, 
    "anion_idx": 1, 
    "heat_of_formation_all": 2.14, 
    "CB_dir": 6.072106464535779, 
    "filename": "/Users/ajain/Documents/papers_proposals/2012Paper_UNCOptimization/data/rawdata/abo2n/edcde36b1dd76666ffe00a22320f8758cbb5057f.json", 
    "sum_magnetic_moments": 0.0, 
    "VB_dir": 6.072106464535779, 
    "VB_ind": 6.072106464535779, 
    "is_direct": true, 
    "gllbsc_dir-gap": 0.0, 
    "FermiLevel": 0.228383113754, 
    "XCFunctional": "RPBE", 
    "FermiWidth": 0.0018374654734, 
    "structure": {
        "lattice": {
            "a": 3.800850982670263, 
            "c": 3.800850982670263, 
            "b": 3.800850982670263, 
            "matrix": [
                [
                    3.800850982670263, 
                    0.0, 
                    0.0
                ], 
                [
                    0.0, 
                    3.800850982670263, 
                    0.0
                ], 
                [
                    0.0, 
                    0.0, 
                    3.800850982670263
                ]
            ], 
            "volume": 54.90887282544721, 
            "beta": 90.0, 
            "alpha": 90.0, 
            "gamma": 90.0
        }, 
        "sites": [
            {
                "label": "Ru", 
                "xyz": [
                    0.0073973676759687395, 
                    0.0, 
                    2.9560567629275977e-19
                ], 
                "abc": [
                    0.0019462398577835764, 
                    0.0, 
                    7.777355061815234e-20
                ], 
                "properties": {}, 
                "species": [
                    {
                        "occu": 1, 
                        "element": "Ru"
                    }
                ]
            }, 
            {
                "label": "Zn", 
                "xyz": [
                    1.9057617866261163, 
                    1.900425491335132, 
                    1.900425491335132
                ], 
                "abc": [
                    0.5014039738246291, 
                    0.5000000000000001, 
                    0.5000000000000001
                ], 
                "properties": {}, 
                "species": [
                    {
                        "occu": 1, 
                        "element": "Zn"
                    }
                ]
            }, 
            {
                "label": "N", 
                "xyz": [
                    1.9016559186477224, 
                    5.517705564696089e-19, 
                    1.900425491335132
                ], 
                "abc": [
                    0.5003237241655095, 
                    1.4517026818082883e-19, 
                    0.5000000000000001
                ], 
                "properties": {}, 
                "species": [
                    {
                        "occu": 1, 
                        "element": "N"
                    }
                ]
            }, 
            {
                "label": "O", 
                "xyz": [
                    1.9028364918402298, 
                    1.900425491335132, 
                    0.0
                ], 
                "abc": [
                    0.5006343317630949, 
                    0.5000000000000001, 
                    0.0
                ], 
                "properties": {}, 
                "species": [
                    {
                        "occu": 1, 
                        "element": "O"
                    }
                ]
            }, 
            {
                "label": "O", 
                "xyz": [
                    0.005267594617976445, 
                    1.900425491335132, 
                    1.900425491335132
                ], 
                "abc": [
                    0.0013858987479366347, 
                    0.5000000000000001, 
                    0.5000000000000001
                ], 
                "properties": {}, 
                "species": [
                    {
                        "occu": 1, 
                        "element": "O"
                    }
                ]
            }
        ], 
        "@class": "Structure", 
        "@module": "pymatgen.core.structure"
    }
}