{
    "A": "Sb", 
    "gllbsc_ind-gap": 0.0, 
    "B": "Ba", 
    "anion": "O3", 
    "CB_ind": 5.608571906357299, 
    "anion_idx": 0, 
    "heat_of_formation_all": 1.88, 
    "CB_dir": 5.608571906357299, 
    "filename": "/Users/ajain/Documents/papers_proposals/2012Paper_UNCOptimization/data/rawdata/abo3/9c159439d0f0b6891bca2db7a5d6dc4348b6ae5d.json", 
    "sum_magnetic_moments": 0.7004611552505828, 
    "VB_dir": 5.608571906357299, 
    "VB_ind": 5.608571906357299, 
    "is_direct": true, 
    "gllbsc_dir-gap": 0.0, 
    "FermiLevel": 0.164097385729, 
    "XCFunctional": "RPBE", 
    "FermiWidth": 0.0018374654734, 
    "structure": {
        "lattice": {
            "a": 4.66831850021903, 
            "c": 4.66831850021903, 
            "b": 4.66831850021903, 
            "matrix": [
                [
                    4.66831850021903, 
                    0.0, 
                    0.0
                ], 
                [
                    0.0, 
                    4.66831850021903, 
                    0.0
                ], 
                [
                    0.0, 
                    0.0, 
                    4.66831850021903
                ]
            ], 
            "volume": 101.73758762598166, 
            "beta": 90.0, 
            "alpha": 90.0, 
            "gamma": 90.0
        }, 
        "sites": [
            {
                "label": "Sb", 
                "xyz": [
                    0.00191954112473167, 
                    0.0, 
                    0.0
                ], 
                "abc": [
                    0.0004111846962973088, 
                    0.0, 
                    0.0
                ], 
                "properties": {}, 
                "species": [
                    {
                        "occu": 1, 
                        "element": "Sb"
                    }
                ]
            }, 
            {
                "label": "Ba", 
                "xyz": [
                    2.356783878989813, 
                    2.334159250109514, 
                    2.334159250109514
                ], 
                "abc": [
                    0.5048464193004905, 
                    0.49999999999999983, 
                    0.49999999999999983
                ], 
                "properties": {}, 
                "species": [
                    {
                        "occu": 1, 
                        "element": "Ba"
                    }
                ]
            }, 
            {
                "label": "O", 
                "xyz": [
                    2.3343788824664617, 
                    1.2350045660457184e-20, 
                    2.334159250109514
                ], 
                "abc": [
                    0.5000470474233788, 
                    2.6455019424826604e-21, 
                    0.49999999999999983
                ], 
                "properties": {}, 
                "species": [
                    {
                        "occu": 1, 
                        "element": "O"
                    }
                ]
            }, 
            {
                "label": "O", 
                "xyz": [
                    2.3343788824664617, 
                    2.334159250109514, 
                    0.0
                ], 
                "abc": [
                    0.5000470474233788, 
                    0.49999999999999983, 
                    0.0
                ], 
                "properties": {}, 
                "species": [
                    {
                        "occu": 1, 
                        "element": "O"
                    }
                ]
            }, 
            {
                "label": "O", 
                "xyz": [
                    0.022044018959271345, 
                    2.334159250109514, 
                    2.334159250109514
                ], 
                "abc": [
                    0.004722046912231262, 
                    0.49999999999999983, 
                    0.49999999999999983
                ], 
                "properties": {}, 
                "species": [
                    {
                        "occu": 1, 
                        "element": "O"
                    }
                ]
            }
        ], 
        "@class": "Structure", 
        "@module": "pymatgen.core.structure"
    }
}