{
    "A": "Sb", 
    "gllbsc_ind-gap": 0.0, 
    "B": "Cs", 
    "anion": "O3", 
    "CB_ind": 5.386592925955301, 
    "anion_idx": 0, 
    "heat_of_formation_all": 2.38, 
    "CB_dir": 5.386592925955301, 
    "filename": "/Users/ajain/Documents/papers_proposals/2012Paper_UNCOptimization/data/rawdata/abo3/17a2085845f7551e96f0adb45072e349c4e5a853.json", 
    "sum_magnetic_moments": -0.21819135268218245, 
    "VB_dir": 5.386592925955301, 
    "VB_ind": 5.386592925955301, 
    "is_direct": true, 
    "gllbsc_dir-gap": 0.0, 
    "FermiLevel": 0.184757208902, 
    "XCFunctional": "RPBE", 
    "FermiWidth": 0.0018374654734, 
    "structure": {
        "lattice": {
            "a": 4.576350096554333, 
            "c": 4.576350096554333, 
            "b": 4.576350096554333, 
            "matrix": [
                [
                    4.576350096554333, 
                    0.0, 
                    0.0
                ], 
                [
                    0.0, 
                    4.576350096554333, 
                    0.0
                ], 
                [
                    0.0, 
                    0.0, 
                    4.576350096554333
                ]
            ], 
            "volume": 95.8424094889292, 
            "beta": 90.0, 
            "alpha": 90.0, 
            "gamma": 90.0
        }, 
        "sites": [
            {
                "label": "Sb", 
                "xyz": [
                    0.014048783341061901, 
                    0.0, 
                    0.0
                ], 
                "abc": [
                    0.003069866387984529, 
                    0.0, 
                    0.0
                ], 
                "properties": {}, 
                "species": [
                    {
                        "occu": 1, 
                        "element": "Sb"
                    }
                ]
            }, 
            {
                "label": "Cs", 
                "xyz": [
                    2.2999284782019713, 
                    2.2881750482771666, 
                    2.2881750482771666
                ], 
                "abc": [
                    0.5025682978086957, 
                    0.5, 
                    0.5
                ], 
                "properties": {}, 
                "species": [
                    {
                        "occu": 1, 
                        "element": "Cs"
                    }
                ]
            }, 
            {
                "label": "O", 
                "xyz": [
                    2.2947768221530063, 
                    7.9664595904556e-20, 
                    2.2881750482771666
                ], 
                "abc": [
                    0.5014425849719868, 
                    1.7407889305614487e-20, 
                    0.5
                ], 
                "properties": {}, 
                "species": [
                    {
                        "occu": 1, 
                        "element": "O"
                    }
                ]
            }, 
            {
                "label": "O", 
                "xyz": [
                    2.2947768221530063, 
                    2.2881750482771666, 
                    0.0
                ], 
                "abc": [
                    0.5014425849719868, 
                    0.5, 
                    0.0
                ], 
                "properties": {}, 
                "species": [
                    {
                        "occu": 1, 
                        "element": "O"
                    }
                ]
            }, 
            {
                "label": "O", 
                "xyz": [
                    0.008515656216535997, 
                    2.2881750482771666, 
                    2.2881750482771666
                ], 
                "abc": [
                    0.0018607964943389455, 
                    0.5, 
                    0.5
                ], 
                "properties": {}, 
                "species": [
                    {
                        "occu": 1, 
                        "element": "O"
                    }
                ]
            }
        ], 
        "@class": "Structure", 
        "@module": "pymatgen.core.structure"
    }
}