{
    "A": "Sb", 
    "gllbsc_ind-gap": 0.0, 
    "B": "Cu", 
    "anion": "ON2", 
    "CB_ind": 6.128817792148663, 
    "anion_idx": 2, 
    "heat_of_formation_all": 1.46, 
    "CB_dir": 6.128817792148663, 
    "filename": "/Users/ajain/Documents/papers_proposals/2012Paper_UNCOptimization/data/rawdata/abon2/a839c9ee918533a605070c5e9ef53d1b544c38b5.json", 
    "sum_magnetic_moments": 0.5775684529601968, 
    "VB_dir": 6.128817792148663, 
    "VB_ind": 6.128817792148663, 
    "is_direct": true, 
    "gllbsc_dir-gap": 0.0, 
    "FermiLevel": 0.250043972796, 
    "XCFunctional": "RPBE", 
    "FermiWidth": 0.0018374654734, 
    "structure": {
        "lattice": {
            "a": 3.9113222499727707, 
            "c": 3.9113222499727707, 
            "b": 3.9113222499727707, 
            "matrix": [
                [
                    3.9113222499727707, 
                    0.0, 
                    0.0
                ], 
                [
                    0.0, 
                    3.9113222499727707, 
                    0.0
                ], 
                [
                    0.0, 
                    0.0, 
                    3.9113222499727707
                ]
            ], 
            "volume": 59.83713557982463, 
            "beta": 90.0, 
            "alpha": 90.0, 
            "gamma": 90.0
        }, 
        "sites": [
            {
                "label": "Sb", 
                "xyz": [
                    0.4818805843604957, 
                    0.0, 
                    0.0
                ], 
                "abc": [
                    0.12320145300322682, 
                    0.0, 
                    0.0
                ], 
                "properties": {}, 
                "species": [
                    {
                        "occu": 1, 
                        "element": "Sb"
                    }
                ]
            }, 
            {
                "label": "Cu", 
                "xyz": [
                    1.9235913377468798, 
                    1.9556611249863858, 
                    1.9556611249863858
                ], 
                "abc": [
                    0.49180078111954884, 
                    0.5000000000000001, 
                    0.5000000000000001
                ], 
                "properties": {}, 
                "species": [
                    {
                        "occu": 1, 
                        "element": "Cu"
                    }
                ]
            }, 
            {
                "label": "N", 
                "xyz": [
                    1.5418586349386885, 
                    1.5532524525182953e-18, 
                    1.9556611249863858
                ], 
                "abc": [
                    0.39420393830997236, 
                    3.9711697304641887e-19, 
                    0.5000000000000001
                ], 
                "properties": {}, 
                "species": [
                    {
                        "occu": 1, 
                        "element": "N"
                    }
                ]
            }, 
            {
                "label": "N", 
                "xyz": [
                    1.5418586349386791, 
                    1.9556611249863858, 
                    0.0
                ], 
                "abc": [
                    0.39420393830997, 
                    0.5000000000000001, 
                    0.0
                ], 
                "properties": {}, 
                "species": [
                    {
                        "occu": 1, 
                        "element": "N"
                    }
                ]
            }, 
            {
                "label": "O", 
                "xyz": [
                    3.813895509053567, 
                    1.9556611249863858, 
                    1.9556611249863858
                ], 
                "abc": [
                    0.9750910984335586, 
                    0.5000000000000001, 
                    0.5000000000000001
                ], 
                "properties": {}, 
                "species": [
                    {
                        "occu": 1, 
                        "element": "O"
                    }
                ]
            }
        ], 
        "@class": "Structure", 
        "@module": "pymatgen.core.structure"
    }
}