{
    "A": "Sb", 
    "gllbsc_ind-gap": 0.0, 
    "B": "Mo", 
    "anion": "N3", 
    "CB_ind": 5.9194576205256, 
    "anion_idx": 3, 
    "heat_of_formation_all": 1.0, 
    "CB_dir": 5.9194576205256, 
    "filename": "/Users/ajain/Documents/papers_proposals/2012Paper_UNCOptimization/data/rawdata/abn3/b5265117027afeef17b2848f9795f4ff09481649.json", 
    "sum_magnetic_moments": 0.33759629423669324, 
    "VB_dir": 5.9194576205256, 
    "VB_ind": 5.9194576205256, 
    "is_direct": true, 
    "gllbsc_dir-gap": 0.0, 
    "FermiLevel": 0.318492917173, 
    "XCFunctional": "RPBE", 
    "FermiWidth": 0.0018374654734, 
    "structure": {
        "lattice": {
            "a": 4.0271512143400745, 
            "c": 4.0271512143400745, 
            "b": 4.0271512143400745, 
            "matrix": [
                [
                    4.0271512143400745, 
                    0.0, 
                    0.0
                ], 
                [
                    0.0, 
                    4.0271512143400745, 
                    0.0
                ], 
                [
                    0.0, 
                    0.0, 
                    4.0271512143400745
                ]
            ], 
            "volume": 65.31212456516661, 
            "beta": 90.0, 
            "alpha": 90.0, 
            "gamma": 90.0
        }, 
        "sites": [
            {
                "label": "Sb", 
                "xyz": [
                    0.0, 
                    0.0, 
                    0.0
                ], 
                "abc": [
                    0.0, 
                    0.0, 
                    0.0
                ], 
                "properties": {}, 
                "species": [
                    {
                        "occu": 1, 
                        "element": "Sb"
                    }
                ]
            }, 
            {
                "label": "Mo", 
                "xyz": [
                    2.0135756071700373, 
                    2.0135756071700373, 
                    2.0135756071700373
                ], 
                "abc": [
                    0.5, 
                    0.5, 
                    0.5
                ], 
                "properties": {}, 
                "species": [
                    {
                        "occu": 1, 
                        "element": "Mo"
                    }
                ]
            }, 
            {
                "label": "N", 
                "xyz": [
                    2.0135756071700373, 
                    0.0, 
                    2.0135756071700373
                ], 
                "abc": [
                    0.5, 
                    0.0, 
                    0.5
                ], 
                "properties": {}, 
                "species": [
                    {
                        "occu": 1, 
                        "element": "N"
                    }
                ]
            }, 
            {
                "label": "N", 
                "xyz": [
                    2.0135756071700373, 
                    2.0135756071700373, 
                    0.0
                ], 
                "abc": [
                    0.5, 
                    0.5, 
                    0.0
                ], 
                "properties": {}, 
                "species": [
                    {
                        "occu": 1, 
                        "element": "N"
                    }
                ]
            }, 
            {
                "label": "N", 
                "xyz": [
                    0.0, 
                    2.0135756071700373, 
                    2.0135756071700373
                ], 
                "abc": [
                    0.0, 
                    0.5, 
                    0.5
                ], 
                "properties": {}, 
                "species": [
                    {
                        "occu": 1, 
                        "element": "N"
                    }
                ]
            }
        ], 
        "@class": "Structure", 
        "@module": "pymatgen.core.structure"
    }
}