{
    "A": "Sb", 
    "gllbsc_ind-gap": 0.0, 
    "B": "Pb", 
    "anion": "O2N", 
    "CB_ind": 6.000164272178943, 
    "anion_idx": 1, 
    "heat_of_formation_all": 1.56, 
    "CB_dir": 6.000164272178943, 
    "filename": "/Users/ajain/Documents/papers_proposals/2012Paper_UNCOptimization/data/rawdata/abo2n/09c0e9a514fecb574f2ca3657797f06273580ecf.json", 
    "sum_magnetic_moments": 0.0009086529696169521, 
    "VB_dir": 6.000164272178943, 
    "VB_ind": 6.000164272178943, 
    "is_direct": true, 
    "gllbsc_dir-gap": 0.0, 
    "FermiLevel": 0.226044590329, 
    "XCFunctional": "RPBE", 
    "FermiWidth": 0.0018374654734, 
    "structure": {
        "lattice": {
            "a": 4.293647172579265, 
            "c": 4.293647172579265, 
            "b": 4.293647172579265, 
            "matrix": [
                [
                    4.293647172579265, 
                    0.0, 
                    0.0
                ], 
                [
                    0.0, 
                    4.293647172579265, 
                    0.0
                ], 
                [
                    0.0, 
                    0.0, 
                    4.293647172579265
                ]
            ], 
            "volume": 79.15512903015123, 
            "beta": 90.0, 
            "alpha": 90.0, 
            "gamma": 90.0
        }, 
        "sites": [
            {
                "label": "Sb", 
                "xyz": [
                    0.002029170941553204, 
                    0.0, 
                    0.0
                ], 
                "abc": [
                    0.00047259843671184737, 
                    0.0, 
                    0.0
                ], 
                "properties": {}, 
                "species": [
                    {
                        "occu": 1, 
                        "element": "Sb"
                    }
                ]
            }, 
            {
                "label": "Pb", 
                "xyz": [
                    2.1690265997050138, 
                    2.1468235862896314, 
                    2.1468235862896314
                ], 
                "abc": [
                    0.5051711313303007, 
                    0.4999999999999998, 
                    0.4999999999999998
                ], 
                "properties": {}, 
                "species": [
                    {
                        "occu": 1, 
                        "element": "Pb"
                    }
                ]
            }, 
            {
                "label": "N", 
                "xyz": [
                    2.1455083076633805, 
                    0.0, 
                    2.1468235862896314
                ], 
                "abc": [
                    0.4996936686752811, 
                    0.0, 
                    0.4999999999999998
                ], 
                "properties": {}, 
                "species": [
                    {
                        "occu": 1, 
                        "element": "N"
                    }
                ]
            }, 
            {
                "label": "O", 
                "xyz": [
                    2.1459874479994383, 
                    2.1468235862896314, 
                    0.0
                ], 
                "abc": [
                    0.4998052615278838, 
                    0.4999999999999998, 
                    0.0
                ], 
                "properties": {}, 
                "species": [
                    {
                        "occu": 1, 
                        "element": "O"
                    }
                ]
            }, 
            {
                "label": "O", 
                "xyz": [
                    0.020269871420373238, 
                    2.1468235862896314, 
                    2.1468235862896314
                ], 
                "abc": [
                    0.004720898249354008, 
                    0.4999999999999998, 
                    0.4999999999999998
                ], 
                "properties": {}, 
                "species": [
                    {
                        "occu": 1, 
                        "element": "O"
                    }
                ]
            }
        ], 
        "@class": "Structure", 
        "@module": "pymatgen.core.structure"
    }
}