{
    "A": "Sb", 
    "gllbsc_ind-gap": 0.0, 
    "B": "Re", 
    "anion": "ON2", 
    "CB_ind": 5.994458830326205, 
    "anion_idx": 2, 
    "heat_of_formation_all": 0.64, 
    "CB_dir": 5.994458830326205, 
    "filename": "/Users/ajain/Documents/papers_proposals/2012Paper_UNCOptimization/data/rawdata/abon2/dfd40c21577236e7c3ef2cfb3d5eb6794fe6a16f.json", 
    "sum_magnetic_moments": 0.002612620093604079, 
    "VB_dir": 5.994458830326205, 
    "VB_ind": 5.994458830326205, 
    "is_direct": true, 
    "gllbsc_dir-gap": 0.0, 
    "FermiLevel": 0.354001339993, 
    "XCFunctional": "RPBE", 
    "FermiWidth": 0.0018374654734, 
    "structure": {
        "lattice": {
            "a": 3.998122995128879, 
            "c": 3.998122995128879, 
            "b": 3.998122995128879, 
            "matrix": [
                [
                    3.998122995128879, 
                    0.0, 
                    0.0
                ], 
                [
                    0.0, 
                    3.998122995128879, 
                    0.0
                ], 
                [
                    0.0, 
                    0.0, 
                    3.998122995128879
                ]
            ], 
            "volume": 63.90994603734065, 
            "beta": 90.0, 
            "alpha": 90.0, 
            "gamma": 90.0
        }, 
        "sites": [
            {
                "label": "Sb", 
                "xyz": [
                    3.3239263730103765, 
                    1.6893596786149234e-18, 
                    0.0
                ], 
                "abc": [
                    0.8313717154424937, 
                    4.2253819621686433e-19, 
                    0.0
                ], 
                "properties": {}, 
                "species": [
                    {
                        "occu": 1, 
                        "element": "Sb"
                    }
                ]
            }, 
            {
                "label": "Re", 
                "xyz": [
                    2.0075362632982707, 
                    1.9990614975644383, 
                    1.9990614975644383
                ], 
                "abc": [
                    0.502119686098741, 
                    0.4999999999999997, 
                    0.4999999999999997
                ], 
                "properties": {}, 
                "species": [
                    {
                        "occu": 1, 
                        "element": "Re"
                    }
                ]
            }, 
            {
                "label": "N", 
                "xyz": [
                    2.1181691171993533, 
                    5.325982940451352e-19, 
                    1.9990614975644383
                ], 
                "abc": [
                    0.5297908843174732, 
                    1.332120834436628e-19, 
                    0.4999999999999997
                ], 
                "properties": {}, 
                "species": [
                    {
                        "occu": 1, 
                        "element": "N"
                    }
                ]
            }, 
            {
                "label": "N", 
                "xyz": [
                    2.1181691171993533, 
                    1.9990614975644383, 
                    0.0
                ], 
                "abc": [
                    0.5297908843174732, 
                    0.4999999999999997, 
                    0.0
                ], 
                "properties": {}, 
                "species": [
                    {
                        "occu": 1, 
                        "element": "N"
                    }
                ]
            }, 
            {
                "label": "O", 
                "xyz": [
                    0.06405496627440967, 
                    1.9990614975644383, 
                    1.9990614975644383
                ], 
                "abc": [
                    0.016021259564163275, 
                    0.4999999999999997, 
                    0.4999999999999997
                ], 
                "properties": {}, 
                "species": [
                    {
                        "occu": 1, 
                        "element": "O"
                    }
                ]
            }
        ], 
        "@class": "Structure", 
        "@module": "pymatgen.core.structure"
    }
}