{
    "A": "Sb", 
    "gllbsc_ind-gap": 0.0, 
    "B": "Rh", 
    "anion": "O3", 
    "CB_ind": 6.164800466842487, 
    "anion_idx": 0, 
    "heat_of_formation_all": 0.98, 
    "CB_dir": 6.164800466842487, 
    "filename": "/Users/ajain/Documents/papers_proposals/2012Paper_UNCOptimization/data/rawdata/abo3/3653bf05e33c13b229b6207526e1343bc68b0af0.json", 
    "sum_magnetic_moments": 0.0059226333056727745, 
    "VB_dir": 6.164800466842487, 
    "VB_ind": 6.164800466842487, 
    "is_direct": true, 
    "gllbsc_dir-gap": 0.0, 
    "FermiLevel": 0.276281468705, 
    "XCFunctional": "RPBE", 
    "FermiWidth": 0.0018374654734, 
    "structure": {
        "lattice": {
            "a": 4.036322144247032, 
            "c": 4.036322144247032, 
            "b": 4.036322144247032, 
            "matrix": [
                [
                    4.036322144247032, 
                    0.0, 
                    0.0
                ], 
                [
                    0.0, 
                    4.036322144247032, 
                    0.0
                ], 
                [
                    0.0, 
                    0.0, 
                    4.036322144247032
                ]
            ], 
            "volume": 65.75934242154814, 
            "beta": 90.0, 
            "alpha": 90.0, 
            "gamma": 90.0
        }, 
        "sites": [
            {
                "label": "Sb", 
                "xyz": [
                    0.4630000414504023, 
                    3.2591446410874828e-19, 
                    0.0
                ], 
                "abc": [
                    0.11470839663041167, 
                    8.074540447007531e-20, 
                    0.0
                ], 
                "properties": {}, 
                "species": [
                    {
                        "occu": 1, 
                        "element": "Sb"
                    }
                ]
            }, 
            {
                "label": "Rh", 
                "xyz": [
                    2.0208561063092048, 
                    2.0181610721235166, 
                    2.0181610721235166
                ], 
                "abc": [
                    0.500667695513236, 
                    0.5000000000000001, 
                    0.5000000000000001
                ], 
                "properties": {}, 
                "species": [
                    {
                        "occu": 1, 
                        "element": "Rh"
                    }
                ]
            }, 
            {
                "label": "O", 
                "xyz": [
                    1.6423437684263085, 
                    1.7331656644627755e-19, 
                    2.0181610721235166
                ], 
                "abc": [
                    0.40689115232468254, 
                    4.2939230381624904e-20, 
                    0.5000000000000001
                ], 
                "properties": {}, 
                "species": [
                    {
                        "occu": 1, 
                        "element": "O"
                    }
                ]
            }, 
            {
                "label": "O", 
                "xyz": [
                    1.6423437684263076, 
                    2.0181610721235166, 
                    0.0
                ], 
                "abc": [
                    0.4068911523246823, 
                    0.5000000000000001, 
                    0.0
                ], 
                "properties": {}, 
                "species": [
                    {
                        "occu": 1, 
                        "element": "O"
                    }
                ]
            }, 
            {
                "label": "O", 
                "xyz": [
                    4.007829611895029, 
                    2.0181610721235166, 
                    2.0181610721235166
                ], 
                "abc": [
                    0.9929409667182749, 
                    0.5000000000000001, 
                    0.5000000000000001
                ], 
                "properties": {}, 
                "species": [
                    {
                        "occu": 1, 
                        "element": "O"
                    }
                ]
            }
        ], 
        "@class": "Structure", 
        "@module": "pymatgen.core.structure"
    }
}