{
    "A": "Sb", 
    "gllbsc_ind-gap": 0.0, 
    "B": "Si", 
    "anion": "ON2", 
    "CB_ind": 6.203581581017315, 
    "anion_idx": 2, 
    "heat_of_formation_all": 0.88, 
    "CB_dir": 6.203581581017315, 
    "filename": "/Users/ajain/Documents/papers_proposals/2012Paper_UNCOptimization/data/rawdata/abon2/2e98eed52b7c6ff46155a3de81e8f4cc5f64d37d.json", 
    "sum_magnetic_moments": 0.0025407159293457937, 
    "VB_dir": 6.203581581017315, 
    "VB_ind": 6.203581581017315, 
    "is_direct": true, 
    "gllbsc_dir-gap": 0.0, 
    "FermiLevel": 0.325456803962, 
    "XCFunctional": "RPBE", 
    "FermiWidth": 0.0018374654734, 
    "structure": {
        "lattice": {
            "a": 3.760770542093963, 
            "c": 3.760770542093963, 
            "b": 3.760770542093963, 
            "matrix": [
                [
                    3.760770542093963, 
                    0.0, 
                    0.0
                ], 
                [
                    0.0, 
                    3.760770542093963, 
                    0.0
                ], 
                [
                    0.0, 
                    0.0, 
                    3.760770542093963
                ]
            ], 
            "volume": 53.190063545512466, 
            "beta": 90.0, 
            "alpha": 90.0, 
            "gamma": 90.0
        }, 
        "sites": [
            {
                "label": "Sb", 
                "xyz": [
                    0.5261765092153939, 
                    2.32901066344475e-18, 
                    0.0
                ], 
                "abc": [
                    0.1399118886212142, 
                    6.192908175003886e-19, 
                    0.0
                ], 
                "properties": {}, 
                "species": [
                    {
                        "occu": 1, 
                        "element": "Sb"
                    }
                ]
            }, 
            {
                "label": "Si", 
                "xyz": [
                    2.0425388626401015, 
                    1.880385271046982, 
                    1.880385271046982
                ], 
                "abc": [
                    0.5431171191589994, 
                    0.5000000000000001, 
                    0.5000000000000001
                ], 
                "properties": {}, 
                "species": [
                    {
                        "occu": 1, 
                        "element": "Si"
                    }
                ]
            }, 
            {
                "label": "N", 
                "xyz": [
                    1.757406828070601, 
                    0.0, 
                    1.880385271046982
                ], 
                "abc": [
                    0.4672996686184669, 
                    0.0, 
                    0.5000000000000001
                ], 
                "properties": {}, 
                "species": [
                    {
                        "occu": 1, 
                        "element": "N"
                    }
                ]
            }, 
            {
                "label": "N", 
                "xyz": [
                    1.757406828070769, 
                    1.880385271046982, 
                    0.0
                ], 
                "abc": [
                    0.4672996686185116, 
                    0.5000000000000001, 
                    0.0
                ], 
                "properties": {}, 
                "species": [
                    {
                        "occu": 1, 
                        "element": "N"
                    }
                ]
            }, 
            {
                "label": "O", 
                "xyz": [
                    3.7597075088781673, 
                    1.880385271046982, 
                    1.880385271046982
                ], 
                "abc": [
                    0.9997173363267189, 
                    0.5000000000000001, 
                    0.5000000000000001
                ], 
                "properties": {}, 
                "species": [
                    {
                        "occu": 1, 
                        "element": "O"
                    }
                ]
            }
        ], 
        "@class": "Structure", 
        "@module": "pymatgen.core.structure"
    }
}