{
    "A": "Sb", 
    "gllbsc_ind-gap": 0.0, 
    "B": "Sn", 
    "anion": "O3", 
    "CB_ind": 6.164800466842487, 
    "anion_idx": 0, 
    "heat_of_formation_all": 0.6, 
    "CB_dir": 6.164800466842487, 
    "filename": "/Users/ajain/Documents/papers_proposals/2012Paper_UNCOptimization/data/rawdata/abo3/f3c1129b6536cd14407c8ce8b93510764f9a385a.json", 
    "sum_magnetic_moments": 0.00024342831946455587, 
    "VB_dir": 6.164800466842487, 
    "VB_ind": 6.164800466842487, 
    "is_direct": true, 
    "gllbsc_dir-gap": 0.0, 
    "FermiLevel": 0.289018061577, 
    "XCFunctional": "RPBE", 
    "FermiWidth": 0.0018374654734, 
    "structure": {
        "lattice": {
            "a": 4.230455838092563, 
            "c": 4.230455838092563, 
            "b": 4.230455838092563, 
            "matrix": [
                [
                    4.230455838092563, 
                    0.0, 
                    0.0
                ], 
                [
                    0.0, 
                    4.230455838092563, 
                    0.0
                ], 
                [
                    0.0, 
                    0.0, 
                    4.230455838092563
                ]
            ], 
            "volume": 75.71143843314837, 
            "beta": 90.0, 
            "alpha": 90.0, 
            "gamma": 90.0
        }, 
        "sites": [
            {
                "label": "Sb", 
                "xyz": [
                    0.6647449202724008, 
                    0.0, 
                    0.0
                ], 
                "abc": [
                    0.1571331661914056, 
                    0.0, 
                    0.0
                ], 
                "properties": {}, 
                "species": [
                    {
                        "occu": 1, 
                        "element": "Sb"
                    }
                ]
            }, 
            {
                "label": "Sn", 
                "xyz": [
                    2.280425379070446, 
                    2.1152279190462813, 
                    2.1152279190462813
                ], 
                "abc": [
                    0.5390495649515274, 
                    0.4999999999999999, 
                    0.4999999999999999
                ], 
                "properties": {}, 
                "species": [
                    {
                        "occu": 1, 
                        "element": "Sn"
                    }
                ]
            }, 
            {
                "label": "O", 
                "xyz": [
                    1.7943545377506602, 
                    0.0, 
                    2.1152279190462813
                ], 
                "abc": [
                    0.4241515823409948, 
                    0.0, 
                    0.4999999999999999
                ], 
                "properties": {}, 
                "species": [
                    {
                        "occu": 1, 
                        "element": "O"
                    }
                ]
            }, 
            {
                "label": "O", 
                "xyz": [
                    1.7943545377506682, 
                    2.1152279190462813, 
                    0.0
                ], 
                "abc": [
                    0.4241515823409967, 
                    0.4999999999999999, 
                    0.0
                ], 
                "properties": {}, 
                "species": [
                    {
                        "occu": 1, 
                        "element": "O"
                    }
                ]
            }, 
            {
                "label": "O", 
                "xyz": [
                    0.0693179919101412, 
                    2.1152279190462813, 
                    2.1152279190462813
                ], 
                "abc": [
                    0.016385466380709326, 
                    0.4999999999999999, 
                    0.4999999999999999
                ], 
                "properties": {}, 
                "species": [
                    {
                        "occu": 1, 
                        "element": "O"
                    }
                ]
            }
        ], 
        "@class": "Structure", 
        "@module": "pymatgen.core.structure"
    }
}