{
    "A": "Sb", 
    "gllbsc_ind-gap": 0.0, 
    "B": "Tl", 
    "anion": "N3", 
    "CB_ind": 6.338455755046083, 
    "anion_idx": 3, 
    "heat_of_formation_all": 2.52, 
    "CB_dir": 6.338455755046083, 
    "filename": "/Users/ajain/Documents/papers_proposals/2012Paper_UNCOptimization/data/rawdata/abn3/59fd403b68f02bbcc6b08acdf0c46a02c92b047b.json", 
    "sum_magnetic_moments": 1.740458524667094, 
    "VB_dir": 6.338455755046083, 
    "VB_ind": 6.338455755046083, 
    "is_direct": true, 
    "gllbsc_dir-gap": 0.0, 
    "FermiLevel": 0.238821216857, 
    "XCFunctional": "RPBE", 
    "FermiWidth": 0.0018374654734, 
    "structure": {
        "lattice": {
            "a": 4.273789970205443, 
            "c": 4.273789970205443, 
            "b": 4.273789970205443, 
            "matrix": [
                [
                    4.273789970205443, 
                    0.0, 
                    0.0
                ], 
                [
                    0.0, 
                    4.273789970205443, 
                    0.0
                ], 
                [
                    0.0, 
                    0.0, 
                    4.273789970205443
                ]
            ], 
            "volume": 78.06197349894309, 
            "beta": 90.0, 
            "alpha": 90.0, 
            "gamma": 90.0
        }, 
        "sites": [
            {
                "label": "Sb", 
                "xyz": [
                    0.0, 
                    0.0, 
                    0.0
                ], 
                "abc": [
                    0.0, 
                    0.0, 
                    0.0
                ], 
                "properties": {}, 
                "species": [
                    {
                        "occu": 1, 
                        "element": "Sb"
                    }
                ]
            }, 
            {
                "label": "Tl", 
                "xyz": [
                    2.1368949851027215, 
                    2.1368949851027215, 
                    2.1368949851027215
                ], 
                "abc": [
                    0.5, 
                    0.5, 
                    0.5
                ], 
                "properties": {}, 
                "species": [
                    {
                        "occu": 1, 
                        "element": "Tl"
                    }
                ]
            }, 
            {
                "label": "N", 
                "xyz": [
                    2.1368949851027215, 
                    0.0, 
                    2.1368949851027215
                ], 
                "abc": [
                    0.5, 
                    0.0, 
                    0.5
                ], 
                "properties": {}, 
                "species": [
                    {
                        "occu": 1, 
                        "element": "N"
                    }
                ]
            }, 
            {
                "label": "N", 
                "xyz": [
                    2.1368949851027215, 
                    2.1368949851027215, 
                    0.0
                ], 
                "abc": [
                    0.5, 
                    0.5, 
                    0.0
                ], 
                "properties": {}, 
                "species": [
                    {
                        "occu": 1, 
                        "element": "N"
                    }
                ]
            }, 
            {
                "label": "N", 
                "xyz": [
                    0.0, 
                    2.1368949851027215, 
                    2.1368949851027215
                ], 
                "abc": [
                    0.0, 
                    0.5, 
                    0.5
                ], 
                "properties": {}, 
                "species": [
                    {
                        "occu": 1, 
                        "element": "N"
                    }
                ]
            }
        ], 
        "@class": "Structure", 
        "@module": "pymatgen.core.structure"
    }
}