{
    "A": "Sc", 
    "gllbsc_ind-gap": 0.0, 
    "B": "As", 
    "anion": "O2F", 
    "CB_ind": 6.365208054564451, 
    "anion_idx": 4, 
    "heat_of_formation_all": 1.42, 
    "CB_dir": 6.365208054564451, 
    "filename": "/Users/ajain/Documents/papers_proposals/2012Paper_UNCOptimization/data/rawdata/abo2f/70e55343d54473980bb04f74c586dc2e90ead4e0.json", 
    "sum_magnetic_moments": 0.9842443096992102, 
    "VB_dir": 6.365208054564451, 
    "VB_ind": 6.365208054564451, 
    "is_direct": true, 
    "gllbsc_dir-gap": 0.0, 
    "FermiLevel": 0.250644578493, 
    "XCFunctional": "RPBE", 
    "FermiWidth": 0.0036749309468, 
    "structure": {
        "lattice": {
            "a": 4.193369676111751, 
            "c": 4.193369676111751, 
            "b": 4.193369676111751, 
            "matrix": [
                [
                    4.193369676111751, 
                    0.0, 
                    0.0
                ], 
                [
                    0.0, 
                    4.193369676111751, 
                    0.0
                ], 
                [
                    0.0, 
                    0.0, 
                    4.193369676111751
                ]
            ], 
            "volume": 73.73767687941219, 
            "beta": 90.0, 
            "alpha": 90.0, 
            "gamma": 90.0
        }, 
        "sites": [
            {
                "label": "Sc", 
                "xyz": [
                    0.032246688373590654, 
                    0.0, 
                    0.0
                ], 
                "abc": [
                    0.007689922631264646, 
                    0.0, 
                    0.0
                ], 
                "properties": {}, 
                "species": [
                    {
                        "occu": 1, 
                        "element": "Sc"
                    }
                ]
            }, 
            {
                "label": "As", 
                "xyz": [
                    2.2162947102960784, 
                    2.0966848380558756, 
                    2.0966848380558756
                ], 
                "abc": [
                    0.5285235697013743, 
                    0.5, 
                    0.5
                ], 
                "properties": {}, 
                "species": [
                    {
                        "occu": 1, 
                        "element": "As"
                    }
                ]
            }, 
            {
                "label": "F", 
                "xyz": [
                    2.1036194889346826, 
                    0.0, 
                    2.0966848380558756
                ], 
                "abc": [
                    0.5016537179915979, 
                    0.0, 
                    0.5
                ], 
                "properties": {}, 
                "species": [
                    {
                        "occu": 1, 
                        "element": "F"
                    }
                ]
            }, 
            {
                "label": "O", 
                "xyz": [
                    2.1464062228157457, 
                    2.0966848380558756, 
                    0.0
                ], 
                "abc": [
                    0.511857143204692, 
                    0.5, 
                    0.0
                ], 
                "properties": {}, 
                "species": [
                    {
                        "occu": 1, 
                        "element": "O"
                    }
                ]
            }, 
            {
                "label": "O", 
                "xyz": [
                    4.028222842913805, 
                    2.0966848380558756, 
                    2.0966848380558756
                ], 
                "abc": [
                    0.9606171537561466, 
                    0.5, 
                    0.5
                ], 
                "properties": {}, 
                "species": [
                    {
                        "occu": 1, 
                        "element": "O"
                    }
                ]
            }
        ], 
        "@class": "Structure", 
        "@module": "pymatgen.core.structure"
    }
}