{
    "A": "Sc", 
    "gllbsc_ind-gap": 2.2, 
    "B": "In", 
    "anion": "O2S", 
    "CB_ind": 4.05819432776045, 
    "anion_idx": 6, 
    "heat_of_formation_all": 1.1, 
    "CB_dir": 3.90819432776045, 
    "filename": "/Users/ajain/Documents/papers_proposals/2012Paper_UNCOptimization/data/rawdata/abo2s/63e5361cf1491ed230ca1418b75321bb463cc25b.json", 
    "sum_magnetic_moments": -0.00011341759486514192, 
    "VB_dir": 6.40819432776045, 
    "VB_ind": 6.2581943277604495, 
    "is_direct": false, 
    "gllbsc_dir-gap": 2.5, 
    "FermiLevel": 0.197323070114, 
    "XCFunctional": "RPBE", 
    "FermiWidth": 0.0018374654734, 
    "structure": {
        "lattice": {
            "a": 4.5251012386575695, 
            "c": 4.5251012386575695, 
            "b": 4.5251012386575695, 
            "matrix": [
                [
                    4.5251012386575695, 
                    0.0, 
                    0.0
                ], 
                [
                    0.0, 
                    4.5251012386575695, 
                    0.0
                ], 
                [
                    0.0, 
                    0.0, 
                    4.5251012386575695
                ]
            ], 
            "volume": 92.65842203849851, 
            "beta": 90.0, 
            "alpha": 90.0, 
            "gamma": 90.0
        }, 
        "sites": [
            {
                "label": "Sc", 
                "xyz": [
                    1.1699537041023, 
                    2.2596459136407641e-13, 
                    4.525101238657521
                ], 
                "abc": [
                    0.2585475202427476, 
                    4.993580904526056e-14, 
                    0.9999999999999891
                ], 
                "properties": {}, 
                "species": [
                    {
                        "occu": 1, 
                        "element": "Sc"
                    }
                ]
            }, 
            {
                "label": "In", 
                "xyz": [
                    2.9041711147167364, 
                    2.262550619328785, 
                    2.262550619328785
                ], 
                "abc": [
                    0.6417914122907661, 
                    0.5000000000000001, 
                    0.5000000000000001
                ], 
                "properties": {}, 
                "species": [
                    {
                        "occu": 1, 
                        "element": "In"
                    }
                ]
            }, 
            {
                "label": "S", 
                "xyz": [
                    2.1404629840184084, 
                    6.089782575646267e-15, 
                    2.262550619328785
                ], 
                "abc": [
                    0.47301991074423005, 
                    1.3457781946670613e-15, 
                    0.5000000000000001
                ], 
                "properties": {}, 
                "species": [
                    {
                        "occu": 1, 
                        "element": "S"
                    }
                ]
            }, 
            {
                "label": "O", 
                "xyz": [
                    2.1713824968139863, 
                    2.262550619328785, 
                    1.6199323984275987e-15
                ], 
                "abc": [
                    0.4798527993725408, 
                    0.5000000000000001, 
                    3.579881008160986e-16
                ], 
                "properties": {}, 
                "species": [
                    {
                        "occu": 1, 
                        "element": "O"
                    }
                ]
            }, 
            {
                "label": "O", 
                "xyz": [
                    0.42815628539312284, 
                    2.262550619328785, 
                    2.262550619328785
                ], 
                "abc": [
                    0.09461805666035021, 
                    0.5000000000000001, 
                    0.5000000000000001
                ], 
                "properties": {}, 
                "species": [
                    {
                        "occu": 1, 
                        "element": "O"
                    }
                ]
            }
        ], 
        "@class": "Structure", 
        "@module": "pymatgen.core.structure"
    }
}