{
    "A": "Sc", 
    "gllbsc_ind-gap": 0.0, 
    "B": "K", 
    "anion": "O2F", 
    "CB_ind": 5.441523423137119, 
    "anion_idx": 4, 
    "heat_of_formation_all": 2.48, 
    "CB_dir": 5.441523423137119, 
    "filename": "/Users/ajain/Documents/papers_proposals/2012Paper_UNCOptimization/data/rawdata/abo2f/c108733216c1e167ba09c174a48937b79f410279.json", 
    "sum_magnetic_moments": 0.0, 
    "VB_dir": 5.441523423137119, 
    "VB_ind": 5.441523423137119, 
    "is_direct": true, 
    "gllbsc_dir-gap": 0.0, 
    "FermiLevel": 0.104173545524, 
    "XCFunctional": "RPBE", 
    "FermiWidth": 0.0036749309468, 
    "structure": {
        "lattice": {
            "a": 4.443676043634186, 
            "c": 4.443676043634186, 
            "b": 4.443676043634186, 
            "matrix": [
                [
                    4.443676043634186, 
                    0.0, 
                    0.0
                ], 
                [
                    0.0, 
                    4.443676043634186, 
                    0.0
                ], 
                [
                    0.0, 
                    0.0, 
                    4.443676043634186
                ]
            ], 
            "volume": 87.74596820814952, 
            "beta": 90.0, 
            "alpha": 90.0, 
            "gamma": 90.0
        }, 
        "sites": [
            {
                "label": "Sc", 
                "xyz": [
                    0.0015882372462472471, 
                    0.0, 
                    0.0
                ], 
                "abc": [
                    0.00035741517398021975, 
                    0.0, 
                    0.0
                ], 
                "properties": {}, 
                "species": [
                    {
                        "occu": 1, 
                        "element": "Sc"
                    }
                ]
            }, 
            {
                "label": "K", 
                "xyz": [
                    2.244177012183947, 
                    2.221838021817093, 
                    2.221838021817093
                ], 
                "abc": [
                    0.5050271419760348, 
                    0.5, 
                    0.5
                ], 
                "properties": {}, 
                "species": [
                    {
                        "occu": 1, 
                        "element": "K"
                    }
                ]
            }, 
            {
                "label": "F", 
                "xyz": [
                    2.2202254790158515, 
                    0.0, 
                    2.221838021817093
                ], 
                "abc": [
                    0.4996371151304894, 
                    0.0, 
                    0.5
                ], 
                "properties": {}, 
                "species": [
                    {
                        "occu": 1, 
                        "element": "F"
                    }
                ]
            }, 
            {
                "label": "O", 
                "xyz": [
                    2.2217443547137097, 
                    2.221838021817093, 
                    0.0
                ], 
                "abc": [
                    0.4999789212574311, 
                    0.5, 
                    0.0
                ], 
                "properties": {}, 
                "species": [
                    {
                        "occu": 1, 
                        "element": "O"
                    }
                ]
            }, 
            {
                "label": "O", 
                "xyz": [
                    0.021058803963722294, 
                    2.221838021817093, 
                    2.221838021817093
                ], 
                "abc": [
                    0.004739050227095246, 
                    0.5, 
                    0.5
                ], 
                "properties": {}, 
                "species": [
                    {
                        "occu": 1, 
                        "element": "O"
                    }
                ]
            }
        ], 
        "@class": "Structure", 
        "@module": "pymatgen.core.structure"
    }
}