{
    "A": "Sc", 
    "gllbsc_ind-gap": 0.0, 
    "B": "Mg", 
    "anion": "ON2", 
    "CB_ind": 5.489443335928161, 
    "anion_idx": 2, 
    "heat_of_formation_all": 2.0, 
    "CB_dir": 5.489443335928161, 
    "filename": "/Users/ajain/Documents/papers_proposals/2012Paper_UNCOptimization/data/rawdata/abon2/797990134e0a339fff5d0f11edd88fdc30edbc88.json", 
    "sum_magnetic_moments": 2.6251145412289674, 
    "VB_dir": 5.489443335928161, 
    "VB_ind": 5.489443335928161, 
    "is_direct": true, 
    "gllbsc_dir-gap": 0.0, 
    "FermiLevel": 0.222502326615, 
    "XCFunctional": "RPBE", 
    "FermiWidth": 0.0018374654734, 
    "structure": {
        "lattice": {
            "a": 3.8744058007366586, 
            "c": 3.8744058007366586, 
            "b": 3.8744058007366586, 
            "matrix": [
                [
                    3.8744058007366586, 
                    0.0, 
                    0.0
                ], 
                [
                    0.0, 
                    3.8744058007366586, 
                    0.0
                ], 
                [
                    0.0, 
                    0.0, 
                    3.8744058007366586
                ]
            ], 
            "volume": 58.15878415932026, 
            "beta": 90.0, 
            "alpha": 90.0, 
            "gamma": 90.0
        }, 
        "sites": [
            {
                "label": "Sc", 
                "xyz": [
                    0.012560191766031759, 
                    0.0, 
                    0.0
                ], 
                "abc": [
                    0.0032418369195203124, 
                    0.0, 
                    0.0
                ], 
                "properties": {}, 
                "species": [
                    {
                        "occu": 1, 
                        "element": "Sc"
                    }
                ]
            }, 
            {
                "label": "Mg", 
                "xyz": [
                    1.949887785928164, 
                    1.937202900368329, 
                    1.937202900368329
                ], 
                "abc": [
                    0.5032740208982298, 
                    0.49999999999999994, 
                    0.49999999999999994
                ], 
                "properties": {}, 
                "species": [
                    {
                        "occu": 1, 
                        "element": "Mg"
                    }
                ]
            }, 
            {
                "label": "N", 
                "xyz": [
                    1.938112391833673, 
                    0.0, 
                    1.937202900368329
                ], 
                "abc": [
                    0.5002347434709009, 
                    0.0, 
                    0.49999999999999994
                ], 
                "properties": {}, 
                "species": [
                    {
                        "occu": 1, 
                        "element": "N"
                    }
                ]
            }, 
            {
                "label": "N", 
                "xyz": [
                    1.938112391833673, 
                    1.937202900368329, 
                    0.0
                ], 
                "abc": [
                    0.5002347434709009, 
                    0.49999999999999994, 
                    0.0
                ], 
                "properties": {}, 
                "species": [
                    {
                        "occu": 1, 
                        "element": "N"
                    }
                ]
            }, 
            {
                "label": "O", 
                "xyz": [
                    0.011820604211408493, 
                    1.937202900368329, 
                    1.937202900368329
                ], 
                "abc": [
                    0.0030509463436073185, 
                    0.49999999999999994, 
                    0.49999999999999994
                ], 
                "properties": {}, 
                "species": [
                    {
                        "occu": 1, 
                        "element": "O"
                    }
                ]
            }
        ], 
        "@class": "Structure", 
        "@module": "pymatgen.core.structure"
    }
}