{
    "A": "Sc", 
    "gllbsc_ind-gap": 0.0, 
    "B": "Mo", 
    "anion": "O3", 
    "CB_ind": 5.610986198882042, 
    "anion_idx": 0, 
    "heat_of_formation_all": 0.88, 
    "CB_dir": 5.610986198882042, 
    "filename": "/Users/ajain/Documents/papers_proposals/2012Paper_UNCOptimization/data/rawdata/abo3/cc0963cf0bf950b5318df674a9ffbedeb9a6970c.json", 
    "sum_magnetic_moments": -0.4356435699204716, 
    "VB_dir": 5.610986198882042, 
    "VB_ind": 5.610986198882042, 
    "is_direct": true, 
    "gllbsc_dir-gap": 0.0, 
    "FermiLevel": 0.340526513893, 
    "XCFunctional": "RPBE", 
    "FermiWidth": 0.0018374654734, 
    "structure": {
        "lattice": {
            "a": 3.9728393959183816, 
            "c": 3.9728393959183816, 
            "b": 3.9728393959183816, 
            "matrix": [
                [
                    3.9728393959183816, 
                    0.0, 
                    0.0
                ], 
                [
                    0.0, 
                    3.9728393959183816, 
                    0.0
                ], 
                [
                    0.0, 
                    0.0, 
                    3.9728393959183816
                ]
            ], 
            "volume": 62.705123348716704, 
            "beta": 90.0, 
            "alpha": 90.0, 
            "gamma": 90.0
        }, 
        "sites": [
            {
                "label": "Sc", 
                "xyz": [
                    3.9726759997597973, 
                    0.0, 
                    0.0
                ], 
                "abc": [
                    0.9999588716929377, 
                    0.0, 
                    0.0
                ], 
                "properties": {}, 
                "species": [
                    {
                        "occu": 1, 
                        "element": "Sc"
                    }
                ]
            }, 
            {
                "label": "Mo", 
                "xyz": [
                    1.9926004386324307, 
                    1.9864196979591902, 
                    1.9864196979591902
                ], 
                "abc": [
                    0.5015557489385526, 
                    0.49999999999999983, 
                    0.49999999999999983
                ], 
                "properties": {}, 
                "species": [
                    {
                        "occu": 1, 
                        "element": "Mo"
                    }
                ]
            }, 
            {
                "label": "O", 
                "xyz": [
                    1.9965035533710391, 
                    1.439843773534518e-19, 
                    1.9864196979591902
                ], 
                "abc": [
                    0.5025381986048085, 
                    3.6242184242680076e-20, 
                    0.49999999999999983
                ], 
                "properties": {}, 
                "species": [
                    {
                        "occu": 1, 
                        "element": "O"
                    }
                ]
            }, 
            {
                "label": "O", 
                "xyz": [
                    1.9965035533710391, 
                    1.9864196979591902, 
                    0.0
                ], 
                "abc": [
                    0.5025381986048085, 
                    0.49999999999999983, 
                    0.0
                ], 
                "properties": {}, 
                "species": [
                    {
                        "occu": 1, 
                        "element": "O"
                    }
                ]
            }, 
            {
                "label": "O", 
                "xyz": [
                    0.007975750229143035, 
                    1.9864196979591902, 
                    1.9864196979591902
                ], 
                "abc": [
                    0.0020075692557159916, 
                    0.49999999999999983, 
                    0.49999999999999983
                ], 
                "properties": {}, 
                "species": [
                    {
                        "occu": 1, 
                        "element": "O"
                    }
                ]
            }
        ], 
        "@class": "Structure", 
        "@module": "pymatgen.core.structure"
    }
}