{
    "A": "Sc", 
    "gllbsc_ind-gap": 0.0, 
    "B": "Rb", 
    "anion": "N3", 
    "CB_ind": 4.960359025045062, 
    "anion_idx": 3, 
    "heat_of_formation_all": 2.6, 
    "CB_dir": 4.960359025045062, 
    "filename": "/Users/ajain/Documents/papers_proposals/2012Paper_UNCOptimization/data/rawdata/abn3/d836f897c9c57c0ae07ea05509a13945cfeecde9.json", 
    "sum_magnetic_moments": 0.3328947062373935, 
    "VB_dir": 4.960359025045062, 
    "VB_ind": 4.960359025045062, 
    "is_direct": true, 
    "gllbsc_dir-gap": 0.0, 
    "FermiLevel": 0.187782968001, 
    "XCFunctional": "RPBE", 
    "FermiWidth": 0.0018374654734, 
    "structure": {
        "lattice": {
            "a": 4.371285875088512, 
            "c": 4.371285875088512, 
            "b": 4.371285875088512, 
            "matrix": [
                [
                    4.371285875088512, 
                    0.0, 
                    0.0
                ], 
                [
                    0.0, 
                    4.371285875088512, 
                    0.0
                ], 
                [
                    0.0, 
                    0.0, 
                    4.371285875088512
                ]
            ], 
            "volume": 83.52714336311348, 
            "beta": 90.0, 
            "alpha": 90.0, 
            "gamma": 90.0
        }, 
        "sites": [
            {
                "label": "Sc", 
                "xyz": [
                    3.5570654459040543, 
                    8.462041267323063e-16, 
                    4.371285875088511
                ], 
                "abc": [
                    0.8137343444352124, 
                    1.9358242652459143e-16, 
                    0.9999999999999999
                ], 
                "properties": {}, 
                "species": [
                    {
                        "occu": 1, 
                        "element": "Sc"
                    }
                ]
            }, 
            {
                "label": "Rb", 
                "xyz": [
                    1.3430460379523115, 
                    2.1856429375442565, 
                    2.1856429375442565
                ], 
                "abc": [
                    0.3072427830918555, 
                    0.5000000000000001, 
                    0.5000000000000001
                ], 
                "properties": {}, 
                "species": [
                    {
                        "occu": 1, 
                        "element": "Rb"
                    }
                ]
            }, 
            {
                "label": "N", 
                "xyz": [
                    3.518672048566259, 
                    0.0, 
                    2.1856429375442565
                ], 
                "abc": [
                    0.8049512544166448, 
                    0.0, 
                    0.5000000000000001
                ], 
                "properties": {}, 
                "species": [
                    {
                        "occu": 1, 
                        "element": "N"
                    }
                ]
            }, 
            {
                "label": "N", 
                "xyz": [
                    3.518672048566257, 
                    2.1856429375442565, 
                    0.0
                ], 
                "abc": [
                    0.8049512544166444, 
                    0.5000000000000001, 
                    0.0
                ], 
                "properties": {}, 
                "species": [
                    {
                        "occu": 1, 
                        "element": "N"
                    }
                ]
            }, 
            {
                "label": "N", 
                "xyz": [
                    3.5277922278478, 
                    2.1856429375442565, 
                    2.1856429375442565
                ], 
                "abc": [
                    0.80703763804429, 
                    0.5000000000000001, 
                    0.5000000000000001
                ], 
                "properties": {}, 
                "species": [
                    {
                        "occu": 1, 
                        "element": "N"
                    }
                ]
            }
        ], 
        "@class": "Structure", 
        "@module": "pymatgen.core.structure"
    }
}