{
    "A": "Sc", 
    "gllbsc_ind-gap": 0.0, 
    "B": "Ti", 
    "anion": "O2F", 
    "CB_ind": 5.841457869392863, 
    "anion_idx": 4, 
    "heat_of_formation_all": 0.64, 
    "CB_dir": 5.841457869392863, 
    "filename": "/Users/ajain/Documents/papers_proposals/2012Paper_UNCOptimization/data/rawdata/abo2f/3d3d4ca5f030588773012f2227920c7f521361a3.json", 
    "sum_magnetic_moments": 1.6855200293698227, 
    "VB_dir": 5.841457869392863, 
    "VB_ind": 5.841457869392863, 
    "is_direct": true, 
    "gllbsc_dir-gap": 0.0, 
    "FermiLevel": 0.346074394169, 
    "XCFunctional": "RPBE", 
    "FermiWidth": 0.0036749309468, 
    "structure": {
        "lattice": {
            "a": 3.9193849019324682, 
            "c": 3.9193849019324682, 
            "b": 3.9193849019324682, 
            "matrix": [
                [
                    3.9193849019324682, 
                    0.0, 
                    0.0
                ], 
                [
                    0.0, 
                    3.9193849019324682, 
                    0.0
                ], 
                [
                    0.0, 
                    0.0, 
                    3.9193849019324682
                ]
            ], 
            "volume": 60.207936920277156, 
            "beta": 90.0, 
            "alpha": 90.0, 
            "gamma": 90.0
        }, 
        "sites": [
            {
                "label": "Sc", 
                "xyz": [
                    3.9177692672549904, 
                    0.0, 
                    0.0
                ], 
                "abc": [
                    0.9995877836145459, 
                    0.0, 
                    0.0
                ], 
                "properties": {}, 
                "species": [
                    {
                        "occu": 1, 
                        "element": "Sc"
                    }
                ]
            }, 
            {
                "label": "Ti", 
                "xyz": [
                    1.9690731752137203, 
                    1.9596924509662337, 
                    1.9596924509662337
                ], 
                "abc": [
                    0.5023934174576375, 
                    0.4999999999999999, 
                    0.4999999999999999
                ], 
                "properties": {}, 
                "species": [
                    {
                        "occu": 1, 
                        "element": "Ti"
                    }
                ]
            }, 
            {
                "label": "F", 
                "xyz": [
                    1.9568516959323976, 
                    0.0, 
                    1.9596924509662337
                ], 
                "abc": [
                    0.49927520386363794, 
                    0.0, 
                    0.4999999999999999
                ], 
                "properties": {}, 
                "species": [
                    {
                        "occu": 1, 
                        "element": "F"
                    }
                ]
            }, 
            {
                "label": "O", 
                "xyz": [
                    1.9928636154160362, 
                    1.9596924509662337, 
                    0.0
                ], 
                "abc": [
                    0.5084633597566411, 
                    0.4999999999999999, 
                    0.0
                ], 
                "properties": {}, 
                "species": [
                    {
                        "occu": 1, 
                        "element": "O"
                    }
                ]
            }, 
            {
                "label": "O", 
                "xyz": [
                    0.010757638973187844, 
                    1.9596924509662337, 
                    1.9596924509662337
                ], 
                "abc": [
                    0.002744726339044616, 
                    0.4999999999999999, 
                    0.4999999999999999
                ], 
                "properties": {}, 
                "species": [
                    {
                        "occu": 1, 
                        "element": "O"
                    }
                ]
            }
        ], 
        "@class": "Structure", 
        "@module": "pymatgen.core.structure"
    }
}