{
    "A": "Si", 
    "gllbsc_ind-gap": 0.0, 
    "B": "As", 
    "anion": "ON2", 
    "CB_ind": 6.314650581383022, 
    "anion_idx": 2, 
    "heat_of_formation_all": 1.46, 
    "CB_dir": 6.314650581383022, 
    "filename": "/Users/ajain/Documents/papers_proposals/2012Paper_UNCOptimization/data/rawdata/abon2/df27a93bcf7c51de59bc92717cf24130633deec8.json", 
    "sum_magnetic_moments": 8.953836273306592e-06, 
    "VB_dir": 6.314650581383022, 
    "VB_ind": 6.314650581383022, 
    "is_direct": true, 
    "gllbsc_dir-gap": 0.0, 
    "FermiLevel": 0.271963457804, 
    "XCFunctional": "RPBE", 
    "FermiWidth": 0.0018374654734, 
    "structure": {
        "lattice": {
            "a": 3.823543176484922, 
            "c": 3.823543176484922, 
            "b": 3.823543176484922, 
            "matrix": [
                [
                    3.823543176484922, 
                    0.0, 
                    0.0
                ], 
                [
                    0.0, 
                    3.823543176484922, 
                    0.0
                ], 
                [
                    0.0, 
                    0.0, 
                    3.823543176484922
                ]
            ], 
            "volume": 55.898222260078576, 
            "beta": 90.0, 
            "alpha": 90.0, 
            "gamma": 90.0
        }, 
        "sites": [
            {
                "label": "Si", 
                "xyz": [
                    0.9973914733787066, 
                    0.0, 
                    0.0
                ], 
                "abc": [
                    0.2608552924190157, 
                    0.0, 
                    0.0
                ], 
                "properties": {}, 
                "species": [
                    {
                        "occu": 1, 
                        "element": "Si"
                    }
                ]
            }, 
            {
                "label": "As", 
                "xyz": [
                    1.9990433984459286, 
                    1.9117715882424609, 
                    1.9117715882424609
                ], 
                "abc": [
                    0.5228248528067359, 
                    0.49999999999999994, 
                    0.49999999999999994
                ], 
                "properties": {}, 
                "species": [
                    {
                        "occu": 1, 
                        "element": "As"
                    }
                ]
            }, 
            {
                "label": "N", 
                "xyz": [
                    1.5235952167515479, 
                    0.0, 
                    1.9117715882424609
                ], 
                "abc": [
                    0.39847731447673274, 
                    0.0, 
                    0.49999999999999994
                ], 
                "properties": {}, 
                "species": [
                    {
                        "occu": 1, 
                        "element": "N"
                    }
                ]
            }, 
            {
                "label": "N", 
                "xyz": [
                    1.5235952167515479, 
                    1.9117715882424609, 
                    0.0
                ], 
                "abc": [
                    0.39847731447673274, 
                    0.49999999999999994, 
                    0.0
                ], 
                "properties": {}, 
                "species": [
                    {
                        "occu": 1, 
                        "element": "N"
                    }
                ]
            }, 
            {
                "label": "O", 
                "xyz": [
                    3.6993109252742644, 
                    1.9117715882424609, 
                    1.9117715882424609
                ], 
                "abc": [
                    0.9675086051140483, 
                    0.49999999999999994, 
                    0.49999999999999994
                ], 
                "properties": {}, 
                "species": [
                    {
                        "occu": 1, 
                        "element": "O"
                    }
                ]
            }
        ], 
        "@class": "Structure", 
        "@module": "pymatgen.core.structure"
    }
}