{
    "A": "Si", 
    "gllbsc_ind-gap": 0.0, 
    "B": "Cd", 
    "anion": "OFN", 
    "CB_ind": 6.545731079988962, 
    "anion_idx": 5, 
    "heat_of_formation_all": 2.34, 
    "CB_dir": 6.545731079988962, 
    "filename": "/Users/ajain/Documents/papers_proposals/2012Paper_UNCOptimization/data/rawdata/abofn/2bcbbdb98dc88984ce22c8baa7d7219789fb4c16.json", 
    "sum_magnetic_moments": 1.247414056212339, 
    "VB_dir": 6.545731079988962, 
    "VB_ind": 6.545731079988962, 
    "is_direct": true, 
    "gllbsc_dir-gap": 0.0, 
    "FermiLevel": 0.122817931934, 
    "XCFunctional": "RPBE", 
    "FermiWidth": 0.0036749309468, 
    "structure": {
        "lattice": {
            "a": 4.298048032910388, 
            "c": 4.298048032910388, 
            "b": 4.298048032910388, 
            "matrix": [
                [
                    4.298048032910388, 
                    0.0, 
                    0.0
                ], 
                [
                    0.0, 
                    4.298048032910388, 
                    0.0
                ], 
                [
                    0.0, 
                    0.0, 
                    4.298048032910388
                ]
            ], 
            "volume": 79.39877352936607, 
            "beta": 90.0, 
            "alpha": 90.0, 
            "gamma": 90.0
        }, 
        "sites": [
            {
                "label": "Si", 
                "xyz": [
                    0.006328557259201705, 
                    0.0, 
                    0.0
                ], 
                "abc": [
                    0.001472425903745979, 
                    0.0, 
                    0.0
                ], 
                "properties": {}, 
                "species": [
                    {
                        "occu": 1, 
                        "element": "Si"
                    }
                ]
            }, 
            {
                "label": "Cd", 
                "xyz": [
                    2.149755734139987, 
                    2.1490240164551944, 
                    2.1490240164551944
                ], 
                "abc": [
                    0.5001702441850789, 
                    0.5000000000000001, 
                    0.5000000000000001
                ], 
                "properties": {}, 
                "species": [
                    {
                        "occu": 1, 
                        "element": "Cd"
                    }
                ]
            }, 
            {
                "label": "F", 
                "xyz": [
                    2.1482350487360637, 
                    0.0, 
                    2.1490240164551944
                ], 
                "abc": [
                    0.4998164358068851, 
                    0.0, 
                    0.5000000000000001
                ], 
                "properties": {}, 
                "species": [
                    {
                        "occu": 1, 
                        "element": "F"
                    }
                ]
            }, 
            {
                "label": "N", 
                "xyz": [
                    2.1515731821445407, 
                    2.1490240164551944, 
                    0.0
                ], 
                "abc": [
                    0.5005930984646583, 
                    0.5000000000000001, 
                    0.0
                ], 
                "properties": {}, 
                "species": [
                    {
                        "occu": 1, 
                        "element": "N"
                    }
                ]
            }, 
            {
                "label": "O", 
                "xyz": [
                    0.0039083148842563266, 
                    2.1490240164551944, 
                    2.1490240164551944
                ], 
                "abc": [
                    0.0009093232216881121, 
                    0.5000000000000001, 
                    0.5000000000000001
                ], 
                "properties": {}, 
                "species": [
                    {
                        "occu": 1, 
                        "element": "O"
                    }
                ]
            }
        ], 
        "@class": "Structure", 
        "@module": "pymatgen.core.structure"
    }
}