{
    "A": "Si", 
    "gllbsc_ind-gap": 0.0, 
    "B": "Ga", 
    "anion": "O3", 
    "CB_ind": 5.7893308832243155, 
    "anion_idx": 0, 
    "heat_of_formation_all": 1.24, 
    "CB_dir": 5.7893308832243155, 
    "filename": "/Users/ajain/Documents/papers_proposals/2012Paper_UNCOptimization/data/rawdata/abo3/b89dda8a49fa4a49002e174f0796f0bff7a1ac0b.json", 
    "sum_magnetic_moments": 0.37860233438278007, 
    "VB_dir": 5.7893308832243155, 
    "VB_ind": 5.7893308832243155, 
    "is_direct": true, 
    "gllbsc_dir-gap": 0.0, 
    "FermiLevel": 0.184611328704, 
    "XCFunctional": "RPBE", 
    "FermiWidth": 0.0018374654734, 
    "structure": {
        "lattice": {
            "a": 3.8778676770383353, 
            "c": 3.8778676770383353, 
            "b": 3.8778676770383353, 
            "matrix": [
                [
                    3.8778676770383353, 
                    0.0, 
                    0.0
                ], 
                [
                    0.0, 
                    3.8778676770383353, 
                    0.0
                ], 
                [
                    0.0, 
                    0.0, 
                    3.8778676770383353
                ]
            ], 
            "volume": 58.31482238668861, 
            "beta": 90.0, 
            "alpha": 90.0, 
            "gamma": 90.0
        }, 
        "sites": [
            {
                "label": "Si", 
                "xyz": [
                    0.8052849392216084, 
                    2.6923884980949297e-17, 
                    0.0
                ], 
                "abc": [
                    0.2076617889748711, 
                    6.942961241398526e-18, 
                    0.0
                ], 
                "properties": {}, 
                "species": [
                    {
                        "occu": 1, 
                        "element": "Si"
                    }
                ]
            }, 
            {
                "label": "Ga", 
                "xyz": [
                    1.886245593672257, 
                    1.9389338385191681, 
                    1.9389338385191681
                ], 
                "abc": [
                    0.48641308852313636, 
                    0.5000000000000001, 
                    0.5000000000000001
                ], 
                "properties": {}, 
                "species": [
                    {
                        "occu": 1, 
                        "element": "Ga"
                    }
                ]
            }, 
            {
                "label": "O", 
                "xyz": [
                    1.4863619822112022, 
                    8.547690313544039e-18, 
                    1.9389338385191681
                ], 
                "abc": [
                    0.3832936309333766, 
                    2.2042243380703007e-18, 
                    0.5000000000000001
                ], 
                "properties": {}, 
                "species": [
                    {
                        "occu": 1, 
                        "element": "O"
                    }
                ]
            }, 
            {
                "label": "O", 
                "xyz": [
                    1.4863619822112022, 
                    1.9389338385191681, 
                    0.0
                ], 
                "abc": [
                    0.3832936309333766, 
                    0.5000000000000001, 
                    0.0
                ], 
                "properties": {}, 
                "species": [
                    {
                        "occu": 1, 
                        "element": "O"
                    }
                ]
            }, 
            {
                "label": "O", 
                "xyz": [
                    3.724905423243524, 
                    1.9389338385191681, 
                    1.9389338385191681
                ], 
                "abc": [
                    0.9605550610453955, 
                    0.5000000000000001, 
                    0.5000000000000001
                ], 
                "properties": {}, 
                "species": [
                    {
                        "occu": 1, 
                        "element": "O"
                    }
                ]
            }
        ], 
        "@class": "Structure", 
        "@module": "pymatgen.core.structure"
    }
}