{
    "A": "Si", 
    "gllbsc_ind-gap": 0.2, 
    "B": "Nb", 
    "anion": "O2N", 
    "CB_ind": 5.911159635341593, 
    "anion_idx": 1, 
    "heat_of_formation_all": 0.98, 
    "CB_dir": 5.461159635341593, 
    "filename": "/Users/ajain/Documents/papers_proposals/2012Paper_UNCOptimization/data/rawdata/abo2n/8f8c172e3b21778050da02d3e6ef51bedee34289.json", 
    "sum_magnetic_moments": 0.00020360452928080977, 
    "VB_dir": 6.561159635341593, 
    "VB_ind": 6.1111596353415925, 
    "is_direct": false, 
    "gllbsc_dir-gap": 1.1, 
    "FermiLevel": 0.215072802387, 
    "XCFunctional": "RPBE", 
    "FermiWidth": 0.0018374654734, 
    "structure": {
        "lattice": {
            "a": 4.0804283250574525, 
            "c": 4.0804283250574525, 
            "b": 4.0804283250574525, 
            "matrix": [
                [
                    4.0804283250574525, 
                    0.0, 
                    0.0
                ], 
                [
                    0.0, 
                    4.0804283250574525, 
                    0.0
                ], 
                [
                    0.0, 
                    0.0, 
                    4.0804283250574525
                ]
            ], 
            "volume": 67.93870445636693, 
            "beta": 90.0, 
            "alpha": 90.0, 
            "gamma": 90.0
        }, 
        "sites": [
            {
                "label": "Si", 
                "xyz": [
                    0.8342711415917969, 
                    0.0, 
                    0.0
                ], 
                "abc": [
                    0.2044567567744375, 
                    0.0, 
                    0.0
                ], 
                "properties": {}, 
                "species": [
                    {
                        "occu": 1, 
                        "element": "Si"
                    }
                ]
            }, 
            {
                "label": "Nb", 
                "xyz": [
                    2.1138144382239608, 
                    2.0402141625287267, 
                    2.0402141625287267
                ], 
                "abc": [
                    0.5180373896640369, 
                    0.5000000000000001, 
                    0.5000000000000001
                ], 
                "properties": {}, 
                "species": [
                    {
                        "occu": 1, 
                        "element": "Nb"
                    }
                ]
            }, 
            {
                "label": "N", 
                "xyz": [
                    1.6324035588950805, 
                    1.760016353142664e-18, 
                    2.0402141625287267
                ], 
                "abc": [
                    0.4000569128663953, 
                    4.3133127528171515e-19, 
                    0.5000000000000001
                ], 
                "properties": {}, 
                "species": [
                    {
                        "occu": 1, 
                        "element": "N"
                    }
                ]
            }, 
            {
                "label": "O", 
                "xyz": [
                    1.630080209689744, 
                    2.0402141625287267, 
                    1.8232664809912763e-18
                ], 
                "abc": [
                    0.399487524307094, 
                    0.5000000000000001, 
                    4.468321302924993e-19
                ], 
                "properties": {}, 
                "species": [
                    {
                        "occu": 1, 
                        "element": "O"
                    }
                ]
            }, 
            {
                "label": "O", 
                "xyz": [
                    3.9393465799473395, 
                    2.0402141625287267, 
                    2.0402141625287267
                ], 
                "abc": [
                    0.9654247706683767, 
                    0.5000000000000001, 
                    0.5000000000000001
                ], 
                "properties": {}, 
                "species": [
                    {
                        "occu": 1, 
                        "element": "O"
                    }
                ]
            }
        ], 
        "@class": "Structure", 
        "@module": "pymatgen.core.structure"
    }
}