{
    "A": "Si", 
    "gllbsc_ind-gap": 0.0, 
    "B": "Ru", 
    "anion": "OFN", 
    "CB_ind": 6.566287840847737, 
    "anion_idx": 5, 
    "heat_of_formation_all": 1.82, 
    "CB_dir": 6.566287840847737, 
    "filename": "/Users/ajain/Documents/papers_proposals/2012Paper_UNCOptimization/data/rawdata/abofn/4d7f195d628d24cfc53487439eb35cb5336cf276.json", 
    "sum_magnetic_moments": -6.986453546901677e-15, 
    "VB_dir": 6.566287840847737, 
    "VB_ind": 6.566287840847737, 
    "is_direct": true, 
    "gllbsc_dir-gap": 0.0, 
    "FermiLevel": 0.205009533227, 
    "XCFunctional": "RPBE", 
    "FermiWidth": 0.0036749309468, 
    "structure": {
        "lattice": {
            "a": 4.060196709909696, 
            "c": 4.060196709909696, 
            "b": 4.060196709909696, 
            "matrix": [
                [
                    4.060196709909696, 
                    0.0, 
                    0.0
                ], 
                [
                    0.0, 
                    4.060196709909696, 
                    0.0
                ], 
                [
                    0.0, 
                    0.0, 
                    4.060196709909696
                ]
            ], 
            "volume": 66.93314393371251, 
            "beta": 90.0, 
            "alpha": 90.0, 
            "gamma": 90.0
        }, 
        "sites": [
            {
                "label": "Si", 
                "xyz": [
                    3.366932265578663, 
                    0.0, 
                    0.0
                ], 
                "abc": [
                    0.8292534835469949, 
                    0.0, 
                    0.0
                ], 
                "properties": {}, 
                "species": [
                    {
                        "occu": 1, 
                        "element": "Si"
                    }
                ]
            }, 
            {
                "label": "Ru", 
                "xyz": [
                    1.9405004050514205, 
                    2.0300983549548484, 
                    2.0300983549548484
                ], 
                "abc": [
                    0.47793260861358117, 
                    0.5000000000000001, 
                    0.5000000000000001
                ], 
                "properties": {}, 
                "species": [
                    {
                        "occu": 1, 
                        "element": "Ru"
                    }
                ]
            }, 
            {
                "label": "F", 
                "xyz": [
                    2.237493692532685, 
                    0.0, 
                    2.0300983549548484
                ], 
                "abc": [
                    0.551080120594071, 
                    0.0, 
                    0.5000000000000001
                ], 
                "properties": {}, 
                "species": [
                    {
                        "occu": 1, 
                        "element": "F"
                    }
                ]
            }, 
            {
                "label": "N", 
                "xyz": [
                    2.4904477780541265, 
                    2.0300983549548484, 
                    0.0
                ], 
                "abc": [
                    0.6133810640198064, 
                    0.5000000000000001, 
                    0.0
                ], 
                "properties": {}, 
                "species": [
                    {
                        "occu": 1, 
                        "element": "N"
                    }
                ]
            }, 
            {
                "label": "O", 
                "xyz": [
                    0.0358698122436955, 
                    2.0300983549548484, 
                    2.0300983549548484
                ], 
                "abc": [
                    0.008834501086153851, 
                    0.5000000000000001, 
                    0.5000000000000001
                ], 
                "properties": {}, 
                "species": [
                    {
                        "occu": 1, 
                        "element": "O"
                    }
                ]
            }
        ], 
        "@class": "Structure", 
        "@module": "pymatgen.core.structure"
    }
}