{
    "A": "Si", 
    "gllbsc_ind-gap": 1.9, 
    "B": "Si", 
    "anion": "OFN", 
    "CB_ind": 5.690469776736035, 
    "anion_idx": 5, 
    "heat_of_formation_all": 1.18, 
    "CB_dir": 5.490469776736035, 
    "filename": "/Users/ajain/Documents/papers_proposals/2012Paper_UNCOptimization/data/rawdata/abofn/17b06a4a7bbd6bc9f0c57b0237c4b6eaf9ac9f42.json", 
    "sum_magnetic_moments": 5.522785131251784e-15, 
    "VB_dir": 7.790469776736035, 
    "VB_ind": 7.590469776736035, 
    "is_direct": false, 
    "gllbsc_dir-gap": 2.3, 
    "FermiLevel": 0.326011286624, 
    "XCFunctional": "RPBE", 
    "FermiWidth": 0.0036749309468, 
    "structure": {
        "lattice": {
            "a": 3.708288267118427, 
            "c": 3.708288267118427, 
            "b": 3.708288267118427, 
            "matrix": [
                [
                    3.708288267118427, 
                    0.0, 
                    0.0
                ], 
                [
                    0.0, 
                    3.708288267118427, 
                    0.0
                ], 
                [
                    0.0, 
                    0.0, 
                    3.708288267118427
                ]
            ], 
            "volume": 50.99416221854666, 
            "beta": 90.0, 
            "alpha": 90.0, 
            "gamma": 90.0
        }, 
        "sites": [
            {
                "label": "Si", 
                "xyz": [
                    0.24861049998381238, 
                    0.0, 
                    0.0
                ], 
                "abc": [
                    0.0670418484421111, 
                    0.0, 
                    0.0
                ], 
                "properties": {}, 
                "species": [
                    {
                        "occu": 1, 
                        "element": "Si"
                    }
                ]
            }, 
            {
                "label": "Si", 
                "xyz": [
                    1.8119719567979808, 
                    1.8541441335592133, 
                    1.8541441335592133
                ], 
                "abc": [
                    0.48862758940960027, 
                    0.49999999999999994, 
                    0.49999999999999994
                ], 
                "properties": {}, 
                "species": [
                    {
                        "occu": 1, 
                        "element": "Si"
                    }
                ]
            }, 
            {
                "label": "F", 
                "xyz": [
                    1.5993601669064295, 
                    0.0, 
                    1.8541441335592133
                ], 
                "abc": [
                    0.4312933762695943, 
                    0.0, 
                    0.49999999999999994
                ], 
                "properties": {}, 
                "species": [
                    {
                        "occu": 1, 
                        "element": "F"
                    }
                ]
            }, 
            {
                "label": "N", 
                "xyz": [
                    1.4329146445496252, 
                    1.8541441335592133, 
                    0.0
                ], 
                "abc": [
                    0.38640864499541455, 
                    0.49999999999999994, 
                    0.0
                ], 
                "properties": {}, 
                "species": [
                    {
                        "occu": 1, 
                        "element": "N"
                    }
                ]
            }, 
            {
                "label": "O", 
                "xyz": [
                    3.5104147884838612, 
                    1.8541441335592133, 
                    1.8541441335592133
                ], 
                "abc": [
                    0.9466402112292295, 
                    0.49999999999999994, 
                    0.49999999999999994
                ], 
                "properties": {}, 
                "species": [
                    {
                        "occu": 1, 
                        "element": "O"
                    }
                ]
            }
        ], 
        "@class": "Structure", 
        "@module": "pymatgen.core.structure"
    }
}