{
    "A": "Si", 
    "gllbsc_ind-gap": 0.0, 
    "B": "Zr", 
    "anion": "ON2", 
    "CB_ind": 5.857528722667929, 
    "anion_idx": 2, 
    "heat_of_formation_all": 1.3, 
    "CB_dir": 5.857528722667929, 
    "filename": "/Users/ajain/Documents/papers_proposals/2012Paper_UNCOptimization/data/rawdata/abon2/52e23e4a56f51f5b1728618e78d57ad6d5e12d6c.json", 
    "sum_magnetic_moments": 0.21976242248592115, 
    "VB_dir": 5.857528722667929, 
    "VB_ind": 5.857528722667929, 
    "is_direct": true, 
    "gllbsc_dir-gap": 0.0, 
    "FermiLevel": 0.194109544703, 
    "XCFunctional": "RPBE", 
    "FermiWidth": 0.0018374654734, 
    "structure": {
        "lattice": {
            "a": 4.181549723375281, 
            "c": 4.181549723375281, 
            "b": 4.181549723375281, 
            "matrix": [
                [
                    4.181549723375281, 
                    0.0, 
                    0.0
                ], 
                [
                    0.0, 
                    4.181549723375281, 
                    0.0
                ], 
                [
                    0.0, 
                    0.0, 
                    4.181549723375281
                ]
            ], 
            "volume": 73.11589428042612, 
            "beta": 90.0, 
            "alpha": 90.0, 
            "gamma": 90.0
        }, 
        "sites": [
            {
                "label": "Si", 
                "xyz": [
                    1.349170282512163, 
                    0.0, 
                    3.5092716979550707e-16
                ], 
                "abc": [
                    0.3226483891773823, 
                    0.0, 
                    8.392275424438675e-17
                ], 
                "properties": {}, 
                "species": [
                    {
                        "occu": 1, 
                        "element": "Si"
                    }
                ]
            }, 
            {
                "label": "Zr", 
                "xyz": [
                    2.015068666431378, 
                    2.0907748616876405, 
                    2.0907748616876405
                ], 
                "abc": [
                    0.48189518234518236, 
                    0.5, 
                    0.5
                ], 
                "properties": {}, 
                "species": [
                    {
                        "occu": 1, 
                        "element": "Zr"
                    }
                ]
            }, 
            {
                "label": "N", 
                "xyz": [
                    1.529949734597836, 
                    7.634831684355479e-18, 
                    2.0907748616876405
                ], 
                "abc": [
                    0.365881033542484, 
                    1.8258378327240752e-18, 
                    0.5
                ], 
                "properties": {}, 
                "species": [
                    {
                        "occu": 1, 
                        "element": "N"
                    }
                ]
            }, 
            {
                "label": "N", 
                "xyz": [
                    1.5299497345978426, 
                    2.0907748616876405, 
                    5.705094406337732e-20
                ], 
                "abc": [
                    0.3658810335424856, 
                    0.5, 
                    1.364349292427562e-20
                ], 
                "properties": {}, 
                "species": [
                    {
                        "occu": 1, 
                        "element": "N"
                    }
                ]
            }, 
            {
                "label": "O", 
                "xyz": [
                    3.9272271443102524, 
                    2.0907748616876405, 
                    2.0907748616876405
                ], 
                "abc": [
                    0.9391798266457673, 
                    0.5, 
                    0.5
                ], 
                "properties": {}, 
                "species": [
                    {
                        "occu": 1, 
                        "element": "O"
                    }
                ]
            }
        ], 
        "@class": "Structure", 
        "@module": "pymatgen.core.structure"
    }
}