{
    "A": "Sn", 
    "gllbsc_ind-gap": 0.0, 
    "B": "Ba", 
    "anion": "O3", 
    "CB_ind": 5.4751703453885785, 
    "anion_idx": 0, 
    "heat_of_formation_all": 1.12, 
    "CB_dir": 5.4751703453885785, 
    "filename": "/Users/ajain/Documents/papers_proposals/2012Paper_UNCOptimization/data/rawdata/abo3/4f30f716a216ed09c56180cc9a657fef3057c939.json", 
    "sum_magnetic_moments": 1.9998442178202573, 
    "VB_dir": 5.4751703453885785, 
    "VB_ind": 5.4751703453885785, 
    "is_direct": true, 
    "gllbsc_dir-gap": 0.0, 
    "FermiLevel": 0.14995649279, 
    "XCFunctional": "RPBE", 
    "FermiWidth": 0.0018374654734, 
    "structure": {
        "lattice": {
            "a": 4.705788142748401, 
            "c": 4.705788142748401, 
            "b": 4.705788142748401, 
            "matrix": [
                [
                    4.705788142748401, 
                    0.0, 
                    0.0
                ], 
                [
                    0.0, 
                    4.705788142748401, 
                    0.0
                ], 
                [
                    0.0, 
                    0.0, 
                    4.705788142748401
                ]
            ], 
            "volume": 104.20705280046464, 
            "beta": 90.0, 
            "alpha": 90.0, 
            "gamma": 90.0
        }, 
        "sites": [
            {
                "label": "Sn", 
                "xyz": [
                    1.1252241011762472, 
                    4.705788142748399, 
                    4.7057881427484
                ], 
                "abc": [
                    0.23911490850054792, 
                    0.9999999999999996, 
                    0.9999999999999999
                ], 
                "properties": {}, 
                "species": [
                    {
                        "occu": 1, 
                        "element": "Sn"
                    }
                ]
            }, 
            {
                "label": "Ba", 
                "xyz": [
                    2.9812065857937995, 
                    2.3528940713742004, 
                    2.3528940713742004
                ], 
                "abc": [
                    0.6335190823215928, 
                    0.5, 
                    0.5
                ], 
                "properties": {}, 
                "species": [
                    {
                        "occu": 1, 
                        "element": "Ba"
                    }
                ]
            }, 
            {
                "label": "O", 
                "xyz": [
                    1.8657219462389734, 
                    0.0, 
                    2.3528940713742004
                ], 
                "abc": [
                    0.39647385084983966, 
                    0.0, 
                    0.5
                ], 
                "properties": {}, 
                "species": [
                    {
                        "occu": 1, 
                        "element": "O"
                    }
                ]
            }, 
            {
                "label": "O", 
                "xyz": [
                    1.8657219462389734, 
                    2.3528940713742004, 
                    0.0
                ], 
                "abc": [
                    0.39647385084983966, 
                    0.5, 
                    0.0
                ], 
                "properties": {}, 
                "species": [
                    {
                        "occu": 1, 
                        "element": "O"
                    }
                ]
            }, 
            {
                "label": "O", 
                "xyz": [
                    0.6019349056392524, 
                    2.3528940713742004, 
                    2.3528940713742004
                ], 
                "abc": [
                    0.1279137282384528, 
                    0.5, 
                    0.5
                ], 
                "properties": {}, 
                "species": [
                    {
                        "occu": 1, 
                        "element": "O"
                    }
                ]
            }
        ], 
        "@class": "Structure", 
        "@module": "pymatgen.core.structure"
    }
}