{
    "A": "Sn", 
    "gllbsc_ind-gap": 0.0, 
    "B": "Bi", 
    "anion": "O2F", 
    "CB_ind": 6.363121147843592, 
    "anion_idx": 4, 
    "heat_of_formation_all": 0.64, 
    "CB_dir": 6.363121147843592, 
    "filename": "/Users/ajain/Documents/papers_proposals/2012Paper_UNCOptimization/data/rawdata/abo2f/f1a57484cc7b44feef7bd758cabb58b7a3ecf6d1.json", 
    "sum_magnetic_moments": 3.5525951653141515e-16, 
    "VB_dir": 6.363121147843592, 
    "VB_ind": 6.363121147843592, 
    "is_direct": true, 
    "gllbsc_dir-gap": 0.0, 
    "FermiLevel": 0.198144443857, 
    "XCFunctional": "RPBE", 
    "FermiWidth": 0.0036749309468, 
    "structure": {
        "lattice": {
            "a": 4.602364480087534, 
            "c": 4.602364480087534, 
            "b": 4.602364480087534, 
            "matrix": [
                [
                    4.602364480087534, 
                    0.0, 
                    0.0
                ], 
                [
                    0.0, 
                    4.602364480087534, 
                    0.0
                ], 
                [
                    0.0, 
                    0.0, 
                    4.602364480087534
                ]
            ], 
            "volume": 97.48617436174787, 
            "beta": 90.0, 
            "alpha": 90.0, 
            "gamma": 90.0
        }, 
        "sites": [
            {
                "label": "Sn", 
                "xyz": [
                    0.013130580732371697, 
                    0.0, 
                    0.0
                ], 
                "abc": [
                    0.002853007576688486, 
                    0.0, 
                    0.0
                ], 
                "properties": {}, 
                "species": [
                    {
                        "occu": 1, 
                        "element": "Sn"
                    }
                ]
            }, 
            {
                "label": "Bi", 
                "xyz": [
                    2.3059323945377384, 
                    2.301182240043767, 
                    2.301182240043767
                ], 
                "abc": [
                    0.5010321117578852, 
                    0.5, 
                    0.5
                ], 
                "properties": {}, 
                "species": [
                    {
                        "occu": 1, 
                        "element": "Bi"
                    }
                ]
            }, 
            {
                "label": "F", 
                "xyz": [
                    2.301888993665115, 
                    0.0, 
                    2.301182240043767
                ], 
                "abc": [
                    0.5001535631574608, 
                    0.0, 
                    0.5
                ], 
                "properties": {}, 
                "species": [
                    {
                        "occu": 1, 
                        "element": "F"
                    }
                ]
            }, 
            {
                "label": "O", 
                "xyz": [
                    2.310474045990085, 
                    2.301182240043767, 
                    0.0
                ], 
                "abc": [
                    0.502018920054359, 
                    0.5, 
                    0.0
                ], 
                "properties": {}, 
                "species": [
                    {
                        "occu": 1, 
                        "element": "O"
                    }
                ]
            }, 
            {
                "label": "O", 
                "xyz": [
                    0.025627663897258412, 
                    2.301182240043767, 
                    2.301182240043767
                ], 
                "abc": [
                    0.00556836904337724, 
                    0.5, 
                    0.5
                ], 
                "properties": {}, 
                "species": [
                    {
                        "occu": 1, 
                        "element": "O"
                    }
                ]
            }
        ], 
        "@class": "Structure", 
        "@module": "pymatgen.core.structure"
    }
}