{
    "A": "Sn", 
    "gllbsc_ind-gap": 0.0, 
    "B": "Bi", 
    "anion": "OFN", 
    "CB_ind": 6.318559490358718, 
    "anion_idx": 5, 
    "heat_of_formation_all": 0.94, 
    "CB_dir": 6.318559490358718, 
    "filename": "/Users/ajain/Documents/papers_proposals/2012Paper_UNCOptimization/data/rawdata/abofn/40de6effb1a3515e6ce92955fc043551bc2f4a14.json", 
    "sum_magnetic_moments": -2.5396312242596216e-14, 
    "VB_dir": 6.318559490358718, 
    "VB_ind": 6.318559490358718, 
    "is_direct": true, 
    "gllbsc_dir-gap": 0.0, 
    "FermiLevel": 0.209608730397, 
    "XCFunctional": "RPBE", 
    "FermiWidth": 0.0036749309468, 
    "structure": {
        "lattice": {
            "a": 4.49281130670545, 
            "c": 4.49281130670545, 
            "b": 4.49281130670545, 
            "matrix": [
                [
                    4.49281130670545, 
                    0.0, 
                    0.0
                ], 
                [
                    0.0, 
                    4.49281130670545, 
                    0.0
                ], 
                [
                    0.0, 
                    0.0, 
                    4.49281130670545
                ]
            ], 
            "volume": 90.68898415456607, 
            "beta": 90.0, 
            "alpha": 90.0, 
            "gamma": 90.0
        }, 
        "sites": [
            {
                "label": "Sn", 
                "xyz": [
                    0.0037031647719486934, 
                    0.0, 
                    0.0
                ], 
                "abc": [
                    0.0008242422214397873, 
                    0.0, 
                    0.0
                ], 
                "properties": {}, 
                "species": [
                    {
                        "occu": 1, 
                        "element": "Sn"
                    }
                ]
            }, 
            {
                "label": "Bi", 
                "xyz": [
                    2.26166206969373, 
                    2.2464056533527246, 
                    2.2464056533527246
                ], 
                "abc": [
                    0.503395739393336, 
                    0.4999999999999999, 
                    0.4999999999999999
                ], 
                "properties": {}, 
                "species": [
                    {
                        "occu": 1, 
                        "element": "Bi"
                    }
                ]
            }, 
            {
                "label": "F", 
                "xyz": [
                    2.2470156741183707, 
                    0.0, 
                    2.2464056533527246
                ], 
                "abc": [
                    0.5001357770723055, 
                    0.0, 
                    0.4999999999999999
                ], 
                "properties": {}, 
                "species": [
                    {
                        "occu": 1, 
                        "element": "F"
                    }
                ]
            }, 
            {
                "label": "N", 
                "xyz": [
                    2.2492511611473955, 
                    2.2464056533527246, 
                    0.0
                ], 
                "abc": [
                    0.5006333468290608, 
                    0.4999999999999999, 
                    0.0
                ], 
                "properties": {}, 
                "species": [
                    {
                        "occu": 1, 
                        "element": "N"
                    }
                ]
            }, 
            {
                "label": "O", 
                "xyz": [
                    0.015009070723866577, 
                    2.2464056533527246, 
                    2.2464056533527246
                ], 
                "abc": [
                    0.0033406857531420864, 
                    0.4999999999999999, 
                    0.4999999999999999
                ], 
                "properties": {}, 
                "species": [
                    {
                        "occu": 1, 
                        "element": "O"
                    }
                ]
            }
        ], 
        "@class": "Structure", 
        "@module": "pymatgen.core.structure"
    }
}