{
    "A": "Sn", 
    "gllbsc_ind-gap": 0.0, 
    "B": "Ca", 
    "anion": "O3", 
    "CB_ind": 5.263264710969107, 
    "anion_idx": 0, 
    "heat_of_formation_all": 0.98, 
    "CB_dir": 5.263264710969107, 
    "filename": "/Users/ajain/Documents/papers_proposals/2012Paper_UNCOptimization/data/rawdata/abo3/31b7ff5617ec2190c059531ff9c2757a01db1105.json", 
    "sum_magnetic_moments": 1.9966516888121044, 
    "VB_dir": 5.263264710969107, 
    "VB_ind": 5.263264710969107, 
    "is_direct": true, 
    "gllbsc_dir-gap": 0.0, 
    "FermiLevel": 0.132089160578, 
    "XCFunctional": "RPBE", 
    "FermiWidth": 0.0018374654734, 
    "structure": {
        "lattice": {
            "a": 4.422155786220584, 
            "c": 4.422155786220584, 
            "b": 4.422155786220584, 
            "matrix": [
                [
                    4.422155786220584, 
                    0.0, 
                    0.0
                ], 
                [
                    0.0, 
                    4.422155786220584, 
                    0.0
                ], 
                [
                    0.0, 
                    0.0, 
                    4.422155786220584
                ]
            ], 
            "volume": 86.47729854049093, 
            "beta": 90.0, 
            "alpha": 90.0, 
            "gamma": 90.0
        }, 
        "sites": [
            {
                "label": "Sn", 
                "xyz": [
                    0.8836492707216016, 
                    0.0, 
                    4.560065102306235e-17
                ], 
                "abc": [
                    0.19982318883361108, 
                    0.0, 
                    1.0311859922518731e-17
                ], 
                "properties": {}, 
                "species": [
                    {
                        "occu": 1, 
                        "element": "Sn"
                    }
                ]
            }, 
            {
                "label": "Ca", 
                "xyz": [
                    2.429151075339624, 
                    2.211077893110292, 
                    2.211077893110292
                ], 
                "abc": [
                    0.5493137720088576, 
                    0.5, 
                    0.5
                ], 
                "properties": {}, 
                "species": [
                    {
                        "occu": 1, 
                        "element": "Ca"
                    }
                ]
            }, 
            {
                "label": "O", 
                "xyz": [
                    1.7091829511624257, 
                    0.0, 
                    2.211077893110292
                ], 
                "abc": [
                    0.38650446383825543, 
                    0.0, 
                    0.5
                ], 
                "properties": {}, 
                "species": [
                    {
                        "occu": 1, 
                        "element": "O"
                    }
                ]
            }, 
            {
                "label": "O", 
                "xyz": [
                    1.7091829511624257, 
                    2.211077893110292, 
                    6.375346323288404e-18
                ], 
                "abc": [
                    0.38650446383825543, 
                    0.5, 
                    1.4416828875983865e-18
                ], 
                "properties": {}, 
                "species": [
                    {
                        "occu": 1, 
                        "element": "O"
                    }
                ]
            }, 
            {
                "label": "O", 
                "xyz": [
                    0.17801586313308723, 
                    2.211077893110292, 
                    2.211077893110292
                ], 
                "abc": [
                    0.04025544818836636, 
                    0.5, 
                    0.5
                ], 
                "properties": {}, 
                "species": [
                    {
                        "occu": 1, 
                        "element": "O"
                    }
                ]
            }
        ], 
        "@class": "Structure", 
        "@module": "pymatgen.core.structure"
    }
}