{
    "A": "Sn", 
    "gllbsc_ind-gap": 0.0, 
    "B": "In", 
    "anion": "O3", 
    "CB_ind": 5.636934852585309, 
    "anion_idx": 0, 
    "heat_of_formation_all": 0.82, 
    "CB_dir": 5.636934852585309, 
    "filename": "/Users/ajain/Documents/papers_proposals/2012Paper_UNCOptimization/data/rawdata/abo3/1ea2846aec7d4771371126fc5e054fbf257d7b19.json", 
    "sum_magnetic_moments": 0.9557943936793762, 
    "VB_dir": 5.636934852585309, 
    "VB_ind": 5.636934852585309, 
    "is_direct": true, 
    "gllbsc_dir-gap": 0.0, 
    "FermiLevel": 0.173884647848, 
    "XCFunctional": "RPBE", 
    "FermiWidth": 0.0018374654734, 
    "structure": {
        "lattice": {
            "a": 4.226851761358107, 
            "c": 4.226851761358107, 
            "b": 4.226851761358107, 
            "matrix": [
                [
                    4.226851761358107, 
                    0.0, 
                    0.0
                ], 
                [
                    0.0, 
                    4.226851761358107, 
                    0.0
                ], 
                [
                    0.0, 
                    0.0, 
                    4.226851761358107
                ]
            ], 
            "volume": 75.51809938695904, 
            "beta": 90.0, 
            "alpha": 90.0, 
            "gamma": 90.0
        }, 
        "sites": [
            {
                "label": "Sn", 
                "xyz": [
                    0.005582461552438372, 
                    0.0, 
                    0.0
                ], 
                "abc": [
                    0.0013207138238140392, 
                    0.0, 
                    0.0
                ], 
                "properties": {}, 
                "species": [
                    {
                        "occu": 1, 
                        "element": "Sn"
                    }
                ]
            }, 
            {
                "label": "In", 
                "xyz": [
                    2.11507807851095, 
                    2.1134258806790545, 
                    2.1134258806790545
                ], 
                "abc": [
                    0.5003908814231436, 
                    0.5000000000000002, 
                    0.5000000000000002
                ], 
                "properties": {}, 
                "species": [
                    {
                        "occu": 1, 
                        "element": "In"
                    }
                ]
            }, 
            {
                "label": "O", 
                "xyz": [
                    2.1153919573612754, 
                    8.096219900966311e-19, 
                    2.1134258806790545
                ], 
                "abc": [
                    0.5004651397288629, 
                    1.91542555974685e-19, 
                    0.5000000000000002
                ], 
                "properties": {}, 
                "species": [
                    {
                        "occu": 1, 
                        "element": "O"
                    }
                ]
            }, 
            {
                "label": "O", 
                "xyz": [
                    2.1153919573612754, 
                    2.1134258806790545, 
                    0.0
                ], 
                "abc": [
                    0.5004651397288629, 
                    0.5000000000000002, 
                    0.0
                ], 
                "properties": {}, 
                "species": [
                    {
                        "occu": 1, 
                        "element": "O"
                    }
                ]
            }, 
            {
                "label": "O", 
                "xyz": [
                    0.0017130899337082577, 
                    2.1134258806790545, 
                    2.1134258806790545
                ], 
                "abc": [
                    0.0004052874409671358, 
                    0.5000000000000002, 
                    0.5000000000000002
                ], 
                "properties": {}, 
                "species": [
                    {
                        "occu": 1, 
                        "element": "O"
                    }
                ]
            }
        ], 
        "@class": "Structure", 
        "@module": "pymatgen.core.structure"
    }
}