{
    "A": "Sn", 
    "gllbsc_ind-gap": 0.0, 
    "B": "La", 
    "anion": "O2S", 
    "CB_ind": 5.397232752023678, 
    "anion_idx": 6, 
    "heat_of_formation_all": 0.82, 
    "CB_dir": 5.397232752023678, 
    "filename": "/Users/ajain/Documents/papers_proposals/2012Paper_UNCOptimization/data/rawdata/abo2s/df6d21fa67bfcf07bb893af9f0c6de6e6e35e222.json", 
    "sum_magnetic_moments": 0.9909693626500946, 
    "VB_dir": 5.397232752023678, 
    "VB_ind": 5.397232752023678, 
    "is_direct": true, 
    "gllbsc_dir-gap": 0.0, 
    "FermiLevel": 0.144313779449, 
    "XCFunctional": "RPBE", 
    "FermiWidth": 0.0018374654734, 
    "structure": {
        "lattice": {
            "a": 5.039520964007074, 
            "c": 5.039520964007074, 
            "b": 5.039520964007074, 
            "matrix": [
                [
                    5.039520964007074, 
                    0.0, 
                    0.0
                ], 
                [
                    0.0, 
                    5.039520964007074, 
                    0.0
                ], 
                [
                    0.0, 
                    0.0, 
                    5.039520964007074
                ]
            ], 
            "volume": 127.9875626275256, 
            "beta": 90.0, 
            "alpha": 90.0, 
            "gamma": 90.0
        }, 
        "sites": [
            {
                "label": "Sn", 
                "xyz": [
                    0.9919119748572399, 
                    3.1181220787400855e-16, 
                    5.039520964007073
                ], 
                "abc": [
                    0.19682663926623317, 
                    6.187338243079305e-17, 
                    0.9999999999999999
                ], 
                "properties": {}, 
                "species": [
                    {
                        "occu": 1, 
                        "element": "Sn"
                    }
                ]
            }, 
            {
                "label": "La", 
                "xyz": [
                    2.784100886312797, 
                    2.519760482003537, 
                    2.519760482003537
                ], 
                "abc": [
                    0.5524534784550386, 
                    0.5, 
                    0.5
                ], 
                "properties": {}, 
                "species": [
                    {
                        "occu": 1, 
                        "element": "La"
                    }
                ]
            }, 
            {
                "label": "S", 
                "xyz": [
                    1.6516479219961433, 
                    4.972832165843891e-18, 
                    2.519760482003537
                ], 
                "abc": [
                    0.32773907158883386, 
                    9.867668378325078e-19, 
                    0.5
                ], 
                "properties": {}, 
                "species": [
                    {
                        "occu": 1, 
                        "element": "S"
                    }
                ]
            }, 
            {
                "label": "O", 
                "xyz": [
                    2.3148200493890996, 
                    2.519760482003537, 
                    0.0
                ], 
                "abc": [
                    0.4593333505152278, 
                    0.5, 
                    0.0
                ], 
                "properties": {}, 
                "species": [
                    {
                        "occu": 1, 
                        "element": "O"
                    }
                ]
            }, 
            {
                "label": "O", 
                "xyz": [
                    0.18652979842213482, 
                    2.519760482003537, 
                    2.519760482003537
                ], 
                "abc": [
                    0.0370133986452989, 
                    0.5, 
                    0.5
                ], 
                "properties": {}, 
                "species": [
                    {
                        "occu": 1, 
                        "element": "O"
                    }
                ]
            }
        ], 
        "@class": "Structure", 
        "@module": "pymatgen.core.structure"
    }
}