{
    "A": "Sn", 
    "gllbsc_ind-gap": 0.0, 
    "B": "Pt", 
    "anion": "ON2", 
    "CB_ind": 6.249388008464419, 
    "anion_idx": 2, 
    "heat_of_formation_all": 1.34, 
    "CB_dir": 6.249388008464419, 
    "filename": "/Users/ajain/Documents/papers_proposals/2012Paper_UNCOptimization/data/rawdata/abon2/6160efc7096315012cfa24f2058d57416d8d1fe3.json", 
    "sum_magnetic_moments": 0.017857106114579583, 
    "VB_dir": 6.249388008464419, 
    "VB_ind": 6.249388008464419, 
    "is_direct": true, 
    "gllbsc_dir-gap": 0.0, 
    "FermiLevel": 0.269337475228, 
    "XCFunctional": "RPBE", 
    "FermiWidth": 0.0018374654734, 
    "structure": {
        "lattice": {
            "a": 4.0777877301500896, 
            "c": 4.0777877301500896, 
            "b": 4.0777877301500896, 
            "matrix": [
                [
                    4.0777877301500896, 
                    0.0, 
                    0.0
                ], 
                [
                    0.0, 
                    4.0777877301500896, 
                    0.0
                ], 
                [
                    0.0, 
                    0.0, 
                    4.0777877301500896
                ]
            ], 
            "volume": 67.80689290693195, 
            "beta": 90.0, 
            "alpha": 90.0, 
            "gamma": 90.0
        }, 
        "sites": [
            {
                "label": "Sn", 
                "xyz": [
                    0.7664374404324752, 
                    1.4443757347880197e-17, 
                    0.0
                ], 
                "abc": [
                    0.18795422693673788, 
                    3.542057189756802e-18, 
                    0.0
                ], 
                "properties": {}, 
                "species": [
                    {
                        "occu": 1, 
                        "element": "Sn"
                    }
                ]
            }, 
            {
                "label": "Pt", 
                "xyz": [
                    2.2047904301211023, 
                    2.0388938650750448, 
                    2.0388938650750448
                ], 
                "abc": [
                    0.5406829820540834, 
                    0.5, 
                    0.5
                ], 
                "properties": {}, 
                "species": [
                    {
                        "occu": 1, 
                        "element": "Pt"
                    }
                ]
            }, 
            {
                "label": "N", 
                "xyz": [
                    1.7603270551214958, 
                    1.7489719174288458e-18, 
                    2.0388938650750448
                ], 
                "abc": [
                    0.43168678009061157, 
                    4.28902148215663e-19, 
                    0.5
                ], 
                "properties": {}, 
                "species": [
                    {
                        "occu": 1, 
                        "element": "N"
                    }
                ]
            }, 
            {
                "label": "N", 
                "xyz": [
                    1.7603270551214958, 
                    2.0388938650750448, 
                    1.5531880004048258e-19
                ], 
                "abc": [
                    0.43168678009061157, 
                    0.5, 
                    3.808898606764061e-20
                ], 
                "properties": {}, 
                "species": [
                    {
                        "occu": 1, 
                        "element": "N"
                    }
                ]
            }, 
            {
                "label": "O", 
                "xyz": [
                    0.07182936217397272, 
                    2.0388938650750448, 
                    2.0388938650750448
                ], 
                "abc": [
                    0.01761478696963192, 
                    0.5, 
                    0.5
                ], 
                "properties": {}, 
                "species": [
                    {
                        "occu": 1, 
                        "element": "O"
                    }
                ]
            }
        ], 
        "@class": "Structure", 
        "@module": "pymatgen.core.structure"
    }
}