{
    "A": "Sn", 
    "gllbsc_ind-gap": 1.2, 
    "B": "Ta", 
    "anion": "O2N", 
    "CB_ind": 5.3043679282306995, 
    "anion_idx": 1, 
    "heat_of_formation_all": 0.14, 
    "CB_dir": 5.2343679282307, 
    "filename": "/Users/ajain/Documents/papers_proposals/2012Paper_UNCOptimization/data/rawdata/abo2n/cbf9fbc8a2dc1efc907506de3c169e7b10ca9d1b.json", 
    "sum_magnetic_moments": -0.00012779491960673611, 
    "VB_dir": 6.604367928230699, 
    "VB_ind": 6.5343679282307, 
    "is_direct": false, 
    "gllbsc_dir-gap": 1.4, 
    "FermiLevel": 0.276898918278, 
    "XCFunctional": "RPBE", 
    "FermiWidth": 0.0018374654734, 
    "structure": {
        "lattice": {
            "a": 4.12911182479956, 
            "c": 4.12911182479956, 
            "b": 4.12911182479956, 
            "matrix": [
                [
                    4.12911182479956, 
                    0.0, 
                    0.0
                ], 
                [
                    0.0, 
                    4.12911182479956, 
                    0.0
                ], 
                [
                    0.0, 
                    0.0, 
                    4.12911182479956
                ]
            ], 
            "volume": 70.39955822648598, 
            "beta": 90.0, 
            "alpha": 90.0, 
            "gamma": 90.0
        }, 
        "sites": [
            {
                "label": "Sn", 
                "xyz": [
                    0.6130055144192527, 
                    4.129111824799559, 
                    0.0
                ], 
                "abc": [
                    0.1484594122003489, 
                    0.9999999999999999, 
                    0.0
                ], 
                "properties": {}, 
                "species": [
                    {
                        "occu": 1, 
                        "element": "Sn"
                    }
                ]
            }, 
            {
                "label": "Ta", 
                "xyz": [
                    2.2861199822268725, 
                    2.0645559123997796, 
                    2.0645559123997796
                ], 
                "abc": [
                    0.5536590141483629, 
                    0.4999999999999999, 
                    0.4999999999999999
                ], 
                "properties": {}, 
                "species": [
                    {
                        "occu": 1, 
                        "element": "Ta"
                    }
                ]
            }, 
            {
                "label": "N", 
                "xyz": [
                    1.955820639274339, 
                    9.724964135106875e-18, 
                    2.0645559123997796
                ], 
                "abc": [
                    0.47366618349438394, 
                    2.3552193662323387e-18, 
                    0.4999999999999999
                ], 
                "properties": {}, 
                "species": [
                    {
                        "occu": 1, 
                        "element": "N"
                    }
                ]
            }, 
            {
                "label": "O", 
                "xyz": [
                    2.0033864792418346, 
                    2.0645559123997796, 
                    0.0
                ], 
                "abc": [
                    0.48518581337745315, 
                    0.4999999999999999, 
                    0.0
                ], 
                "properties": {}, 
                "species": [
                    {
                        "occu": 1, 
                        "element": "O"
                    }
                ]
            }, 
            {
                "label": "O", 
                "xyz": [
                    0.07724303561676148, 
                    2.0645559123997796, 
                    2.0645559123997796
                ], 
                "abc": [
                    0.01870693720447038, 
                    0.4999999999999999, 
                    0.4999999999999999
                ], 
                "properties": {}, 
                "species": [
                    {
                        "occu": 1, 
                        "element": "O"
                    }
                ]
            }
        ], 
        "@class": "Structure", 
        "@module": "pymatgen.core.structure"
    }
}