{
    "A": "Sn", 
    "gllbsc_ind-gap": 0.0, 
    "B": "Te", 
    "anion": "OFN", 
    "CB_ind": 6.695209688660962, 
    "anion_idx": 5, 
    "heat_of_formation_all": 1.02, 
    "CB_dir": 6.695209688660962, 
    "filename": "/Users/ajain/Documents/papers_proposals/2012Paper_UNCOptimization/data/rawdata/abofn/a2c0ba40dc32964c477a134ea62dd99e63365b75.json", 
    "sum_magnetic_moments": 1.1369576615281477e-15, 
    "VB_dir": 6.695209688660962, 
    "VB_ind": 6.695209688660962, 
    "is_direct": true, 
    "gllbsc_dir-gap": 0.0, 
    "FermiLevel": 0.247155907714, 
    "XCFunctional": "RPBE", 
    "FermiWidth": 0.0036749309468, 
    "structure": {
        "lattice": {
            "a": 4.395825755317814, 
            "c": 4.395825755317814, 
            "b": 4.395825755317814, 
            "matrix": [
                [
                    4.395825755317814, 
                    0.0, 
                    0.0
                ], 
                [
                    0.0, 
                    4.395825755317814, 
                    0.0
                ], 
                [
                    0.0, 
                    0.0, 
                    4.395825755317814
                ]
            ], 
            "volume": 84.94178979713168, 
            "beta": 90.0, 
            "alpha": 90.0, 
            "gamma": 90.0
        }, 
        "sites": [
            {
                "label": "Sn", 
                "xyz": [
                    0.033799381594475875, 
                    0.0, 
                    0.0
                ], 
                "abc": [
                    0.007688972101222928, 
                    0.0, 
                    0.0
                ], 
                "properties": {}, 
                "species": [
                    {
                        "occu": 1, 
                        "element": "Sn"
                    }
                ]
            }, 
            {
                "label": "Te", 
                "xyz": [
                    2.3001951002076644, 
                    2.197912877658906, 
                    2.197912877658906
                ], 
                "abc": [
                    0.5232680338671346, 
                    0.49999999999999983, 
                    0.49999999999999983
                ], 
                "properties": {}, 
                "species": [
                    {
                        "occu": 1, 
                        "element": "Te"
                    }
                ]
            }, 
            {
                "label": "F", 
                "xyz": [
                    2.2003806534294967, 
                    0.0, 
                    2.197912877658906
                ], 
                "abc": [
                    0.5005613907165462, 
                    0.0, 
                    0.49999999999999983
                ], 
                "properties": {}, 
                "species": [
                    {
                        "occu": 1, 
                        "element": "F"
                    }
                ]
            }, 
            {
                "label": "N", 
                "xyz": [
                    2.236229885383951, 
                    2.197912877658906, 
                    0.0
                ], 
                "abc": [
                    0.5087166802912263, 
                    0.49999999999999983, 
                    0.0
                ], 
                "properties": {}, 
                "species": [
                    {
                        "occu": 1, 
                        "element": "N"
                    }
                ]
            }, 
            {
                "label": "O", 
                "xyz": [
                    4.249568343474415, 
                    2.197912877658906, 
                    2.197912877658906
                ], 
                "abc": [
                    0.9667281143556555, 
                    0.49999999999999983, 
                    0.49999999999999983
                ], 
                "properties": {}, 
                "species": [
                    {
                        "occu": 1, 
                        "element": "O"
                    }
                ]
            }
        ], 
        "@class": "Structure", 
        "@module": "pymatgen.core.structure"
    }
}