{
    "A": "Sn", 
    "gllbsc_ind-gap": 0.0, 
    "B": "V", 
    "anion": "O2S", 
    "CB_ind": 5.590237493624849, 
    "anion_idx": 6, 
    "heat_of_formation_all": 0.4, 
    "CB_dir": 5.590237493624849, 
    "filename": "/Users/ajain/Documents/papers_proposals/2012Paper_UNCOptimization/data/rawdata/abo2s/261827077c147c9dedfce2e2896a5c104a90006e.json", 
    "sum_magnetic_moments": 0.9999927558204011, 
    "VB_dir": 5.590237493624849, 
    "VB_ind": 5.590237493624849, 
    "is_direct": true, 
    "gllbsc_dir-gap": 0.0, 
    "FermiLevel": 0.22542669023, 
    "XCFunctional": "RPBE", 
    "FermiWidth": 0.0018374654734, 
    "structure": {
        "lattice": {
            "a": 4.332276107409133, 
            "c": 4.332276107409133, 
            "b": 4.332276107409133, 
            "matrix": [
                [
                    4.332276107409133, 
                    0.0, 
                    0.0
                ], 
                [
                    0.0, 
                    4.332276107409133, 
                    0.0
                ], 
                [
                    0.0, 
                    0.0, 
                    4.332276107409133
                ]
            ], 
            "volume": 81.3108278392386, 
            "beta": 90.0, 
            "alpha": 90.0, 
            "gamma": 90.0
        }, 
        "sites": [
            {
                "label": "Sn", 
                "xyz": [
                    0.09251719827832633, 
                    0.0, 
                    0.0
                ], 
                "abc": [
                    0.021355332851500812, 
                    0.0, 
                    0.0
                ], 
                "properties": {}, 
                "species": [
                    {
                        "occu": 1, 
                        "element": "Sn"
                    }
                ]
            }, 
            {
                "label": "V", 
                "xyz": [
                    2.516681113367055, 
                    2.166138053704567, 
                    2.166138053704567
                ], 
                "abc": [
                    0.5809142933117729, 
                    0.5000000000000001, 
                    0.5000000000000001
                ], 
                "properties": {}, 
                "species": [
                    {
                        "occu": 1, 
                        "element": "V"
                    }
                ]
            }, 
            {
                "label": "S", 
                "xyz": [
                    1.7226093330651944, 
                    0.0, 
                    2.166138053704567
                ], 
                "abc": [
                    0.3976222406783257, 
                    0.0, 
                    0.5000000000000001
                ], 
                "properties": {}, 
                "species": [
                    {
                        "occu": 1, 
                        "element": "S"
                    }
                ]
            }, 
            {
                "label": "O", 
                "xyz": [
                    2.2330043470810557, 
                    2.166138053704567, 
                    0.0
                ], 
                "abc": [
                    0.5154344487097978, 
                    0.5000000000000001, 
                    0.0
                ], 
                "properties": {}, 
                "species": [
                    {
                        "occu": 1, 
                        "element": "O"
                    }
                ]
            }, 
            {
                "label": "O", 
                "xyz": [
                    4.289487317895153, 
                    2.166138053704567, 
                    2.166138053704567
                ], 
                "abc": [
                    0.9901232542771681, 
                    0.5000000000000001, 
                    0.5000000000000001
                ], 
                "properties": {}, 
                "species": [
                    {
                        "occu": 1, 
                        "element": "O"
                    }
                ]
            }
        ], 
        "@class": "Structure", 
        "@module": "pymatgen.core.structure"
    }
}