{
    "A": "Sn", 
    "gllbsc_ind-gap": 0.0, 
    "B": "W", 
    "anion": "N3", 
    "CB_ind": 5.919770537883195, 
    "anion_idx": 3, 
    "heat_of_formation_all": 0.56, 
    "CB_dir": 5.919770537883195, 
    "filename": "/Users/ajain/Documents/papers_proposals/2012Paper_UNCOptimization/data/rawdata/abn3/65e1ebe0a209baf1139b2973381dc47c201c0ea0.json", 
    "sum_magnetic_moments": -0.002687626216971493, 
    "VB_dir": 5.919770537883195, 
    "VB_ind": 5.919770537883195, 
    "is_direct": true, 
    "gllbsc_dir-gap": 0.0, 
    "FermiLevel": 0.267645047572, 
    "XCFunctional": "RPBE", 
    "FermiWidth": 0.0018374654734, 
    "structure": {
        "lattice": {
            "a": 4.099710314030234, 
            "c": 4.099710314030234, 
            "b": 4.099710314030234, 
            "matrix": [
                [
                    4.099710314030234, 
                    0.0, 
                    0.0
                ], 
                [
                    0.0, 
                    4.099710314030234, 
                    0.0
                ], 
                [
                    0.0, 
                    0.0, 
                    4.099710314030234
                ]
            ], 
            "volume": 68.9063921687113, 
            "beta": 90.0, 
            "alpha": 90.0, 
            "gamma": 90.0
        }, 
        "sites": [
            {
                "label": "Sn", 
                "xyz": [
                    0.608903628125851, 
                    0.0, 
                    0.0
                ], 
                "abc": [
                    0.14852357398083238, 
                    0.0, 
                    0.0
                ], 
                "properties": {}, 
                "species": [
                    {
                        "occu": 1, 
                        "element": "Sn"
                    }
                ]
            }, 
            {
                "label": "W", 
                "xyz": [
                    2.182473010758453, 
                    2.0498551570151156, 
                    2.0498551570151156
                ], 
                "abc": [
                    0.532348103545142, 
                    0.49999999999999967, 
                    0.49999999999999967
                ], 
                "properties": {}, 
                "species": [
                    {
                        "occu": 1, 
                        "element": "W"
                    }
                ]
            }, 
            {
                "label": "N", 
                "xyz": [
                    1.7783393876061597, 
                    4.9766456053750586e-18, 
                    2.0498551570151156
                ], 
                "abc": [
                    0.43377196225797654, 
                    1.213901769679612e-18, 
                    0.49999999999999967
                ], 
                "properties": {}, 
                "species": [
                    {
                        "occu": 1, 
                        "element": "N"
                    }
                ]
            }, 
            {
                "label": "N", 
                "xyz": [
                    1.7783393876061597, 
                    2.0498551570151156, 
                    4.0229477063436544e-20
                ], 
                "abc": [
                    0.43377196225797654, 
                    0.49999999999999967, 
                    9.812760898193517e-21
                ], 
                "properties": {}, 
                "species": [
                    {
                        "occu": 1, 
                        "element": "N"
                    }
                ]
            }, 
            {
                "label": "N", 
                "xyz": [
                    4.004687936630478, 
                    2.0498551570151156, 
                    2.0498551570151156
                ], 
                "abc": [
                    0.976822172758264, 
                    0.49999999999999967, 
                    0.49999999999999967
                ], 
                "properties": {}, 
                "species": [
                    {
                        "occu": 1, 
                        "element": "N"
                    }
                ]
            }
        ], 
        "@class": "Structure", 
        "@module": "pymatgen.core.structure"
    }
}