{
    "A": "Sn", 
    "gllbsc_ind-gap": 0.0, 
    "B": "Y", 
    "anion": "O2F", 
    "CB_ind": 6.04867101608311, 
    "anion_idx": 4, 
    "heat_of_formation_all": 0.44, 
    "CB_dir": 6.04867101608311, 
    "filename": "/Users/ajain/Documents/papers_proposals/2012Paper_UNCOptimization/data/rawdata/abo2f/abad5853527370dc69712f39c5b5113d32a018d2.json", 
    "sum_magnetic_moments": -2.997935559162656e-15, 
    "VB_dir": 6.04867101608311, 
    "VB_ind": 6.04867101608311, 
    "is_direct": true, 
    "gllbsc_dir-gap": 0.0, 
    "FermiLevel": 0.191078845093, 
    "XCFunctional": "RPBE", 
    "FermiWidth": 0.0036749309468, 
    "structure": {
        "lattice": {
            "a": 4.4071170806392646, 
            "c": 4.4071170806392646, 
            "b": 4.4071170806392646, 
            "matrix": [
                [
                    4.4071170806392646, 
                    0.0, 
                    0.0
                ], 
                [
                    0.0, 
                    4.4071170806392646, 
                    0.0
                ], 
                [
                    0.0, 
                    0.0, 
                    4.4071170806392646
                ]
            ], 
            "volume": 85.59802902147491, 
            "beta": 90.0, 
            "alpha": 90.0, 
            "gamma": 90.0
        }, 
        "sites": [
            {
                "label": "Sn", 
                "xyz": [
                    0.0031350934318749276, 
                    0.0, 
                    0.0
                ], 
                "abc": [
                    0.0007113705795672153, 
                    0.0, 
                    0.0
                ], 
                "properties": {}, 
                "species": [
                    {
                        "occu": 1, 
                        "element": "Sn"
                    }
                ]
            }, 
            {
                "label": "Y", 
                "xyz": [
                    2.224666575384232, 
                    2.2035585403196323, 
                    2.2035585403196323
                ], 
                "abc": [
                    0.5047895335382235, 
                    0.5, 
                    0.5
                ], 
                "properties": {}, 
                "species": [
                    {
                        "occu": 1, 
                        "element": "Y"
                    }
                ]
            }, 
            {
                "label": "F", 
                "xyz": [
                    2.2032663892932685, 
                    0.0, 
                    2.2035585403196323
                ], 
                "abc": [
                    0.49993370926594, 
                    0.0, 
                    0.5
                ], 
                "properties": {}, 
                "species": [
                    {
                        "occu": 1, 
                        "element": "F"
                    }
                ]
            }, 
            {
                "label": "O", 
                "xyz": [
                    2.2034479963507834, 
                    2.2035585403196323, 
                    0.0
                ], 
                "abc": [
                    0.49997491694302054, 
                    0.5, 
                    0.0
                ], 
                "properties": {}, 
                "species": [
                    {
                        "occu": 1, 
                        "element": "O"
                    }
                ]
            }, 
            {
                "label": "O", 
                "xyz": [
                    0.019342007740453502, 
                    2.2035585403196323, 
                    2.2035585403196323
                ], 
                "abc": [
                    0.004388811866474827, 
                    0.5, 
                    0.5
                ], 
                "properties": {}, 
                "species": [
                    {
                        "occu": 1, 
                        "element": "O"
                    }
                ]
            }
        ], 
        "@class": "Structure", 
        "@module": "pymatgen.core.structure"
    }
}