{
    "A": "Sr", 
    "gllbsc_ind-gap": 0.0, 
    "B": "Co", 
    "anion": "O3", 
    "CB_ind": 5.1638863558351416, 
    "anion_idx": 0, 
    "heat_of_formation_all": 0.44, 
    "CB_dir": 5.1638863558351416, 
    "filename": "/Users/ajain/Documents/papers_proposals/2012Paper_UNCOptimization/data/rawdata/abo3/73bd1a23a16919ef8ae8d3310e53f34158209e17.json", 
    "sum_magnetic_moments": 2.607233492209183, 
    "VB_dir": 5.1638863558351416, 
    "VB_ind": 5.1638863558351416, 
    "is_direct": true, 
    "gllbsc_dir-gap": 0.0, 
    "FermiLevel": 0.248844104208, 
    "XCFunctional": "RPBE", 
    "FermiWidth": 0.0018374654734, 
    "structure": {
        "lattice": {
            "a": 3.8470486052090687, 
            "c": 3.8470486052090687, 
            "b": 3.8470486052090687, 
            "matrix": [
                [
                    3.8470486052090687, 
                    0.0, 
                    0.0
                ], 
                [
                    0.0, 
                    3.8470486052090687, 
                    0.0
                ], 
                [
                    0.0, 
                    0.0, 
                    3.8470486052090687
                ]
            ], 
            "volume": 56.93548443537095, 
            "beta": 90.0, 
            "alpha": 90.0, 
            "gamma": 90.0
        }, 
        "sites": [
            {
                "label": "Sr", 
                "xyz": [
                    0.006143320517330136, 
                    1.0983526097437038e-18, 
                    5.474889470359605e-19
                ], 
                "abc": [
                    0.0015968918378134907, 
                    2.8550525934517367e-19, 
                    1.4231401867255772e-19
                ], 
                "properties": {}, 
                "species": [
                    {
                        "occu": 1, 
                        "element": "Sr"
                    }
                ]
            }, 
            {
                "label": "Co", 
                "xyz": [
                    1.9306134261581398, 
                    1.9235243026045348, 
                    1.9235243026045348
                ], 
                "abc": [
                    0.5018427434329804, 
                    0.5000000000000001, 
                    0.5000000000000001
                ], 
                "properties": {}, 
                "species": [
                    {
                        "occu": 1, 
                        "element": "Co"
                    }
                ]
            }, 
            {
                "label": "O", 
                "xyz": [
                    1.9229002839581888, 
                    6.040607473557274e-20, 
                    1.9235243026045348
                ], 
                "abc": [
                    0.49983779288738367, 
                    1.5701926576591815e-20, 
                    0.5000000000000001
                ], 
                "properties": {}, 
                "species": [
                    {
                        "occu": 1, 
                        "element": "O"
                    }
                ]
            }, 
            {
                "label": "O", 
                "xyz": [
                    1.9229002839581888, 
                    1.9235243026045348, 
                    1.2097020613106147e-19
                ], 
                "abc": [
                    0.49983779288738367, 
                    0.5000000000000001, 
                    3.144493832681568e-20
                ], 
                "properties": {}, 
                "species": [
                    {
                        "occu": 1, 
                        "element": "O"
                    }
                ]
            }, 
            {
                "label": "O", 
                "xyz": [
                    0.01085633781696123, 
                    1.9235243026045348, 
                    1.9235243026045348
                ], 
                "abc": [
                    0.002821991331812466, 
                    0.5000000000000001, 
                    0.5000000000000001
                ], 
                "properties": {}, 
                "species": [
                    {
                        "occu": 1, 
                        "element": "O"
                    }
                ]
            }
        ], 
        "@class": "Structure", 
        "@module": "pymatgen.core.structure"
    }
}