{
    "A": "Sr", 
    "gllbsc_ind-gap": 0.0, 
    "B": "Li", 
    "anion": "O3", 
    "CB_ind": 4.808352341795283, 
    "anion_idx": 0, 
    "heat_of_formation_all": 1.12, 
    "CB_dir": 4.808352341795283, 
    "filename": "/Users/ajain/Documents/papers_proposals/2012Paper_UNCOptimization/data/rawdata/abo3/1a8326901ae6cb6fbda58e29103aac112e3e1186.json", 
    "sum_magnetic_moments": 2.999999806771143, 
    "VB_dir": 4.808352341795283, 
    "VB_ind": 4.808352341795283, 
    "is_direct": true, 
    "gllbsc_dir-gap": 0.0, 
    "FermiLevel": 0.133229896992, 
    "XCFunctional": "RPBE", 
    "FermiWidth": 0.0018374654734, 
    "structure": {
        "lattice": {
            "a": 3.9003437023797347, 
            "c": 3.9003437023797347, 
            "b": 3.9003437023797347, 
            "matrix": [
                [
                    3.9003437023797347, 
                    0.0, 
                    0.0
                ], 
                [
                    0.0, 
                    3.9003437023797347, 
                    0.0
                ], 
                [
                    0.0, 
                    0.0, 
                    3.9003437023797347
                ]
            ], 
            "volume": 59.33468452176441, 
            "beta": 90.0, 
            "alpha": 90.0, 
            "gamma": 90.0
        }, 
        "sites": [
            {
                "label": "Sr", 
                "xyz": [
                    0.0029650740447440442, 
                    3.0600914911238187e-18, 
                    0.0
                ], 
                "abc": [
                    0.0007602083998225463, 
                    7.84569700679648e-19, 
                    0.0
                ], 
                "properties": {}, 
                "species": [
                    {
                        "occu": 1, 
                        "element": "Sr"
                    }
                ]
            }, 
            {
                "label": "Li", 
                "xyz": [
                    1.9683705537551421, 
                    1.9501718511898671, 
                    1.9501718511898671
                ], 
                "abc": [
                    0.5046659227888484, 
                    0.49999999999999994, 
                    0.49999999999999994
                ], 
                "properties": {}, 
                "species": [
                    {
                        "occu": 1, 
                        "element": "Li"
                    }
                ]
            }, 
            {
                "label": "O", 
                "xyz": [
                    1.9509571807386656, 
                    0.0, 
                    1.9501718511898671
                ], 
                "abc": [
                    0.5002013488063421, 
                    0.0, 
                    0.49999999999999994
                ], 
                "properties": {}, 
                "species": [
                    {
                        "occu": 1, 
                        "element": "O"
                    }
                ]
            }, 
            {
                "label": "O", 
                "xyz": [
                    1.9509571807386656, 
                    1.9501718511898671, 
                    0.0
                ], 
                "abc": [
                    0.5002013488063421, 
                    0.49999999999999994, 
                    0.0
                ], 
                "properties": {}, 
                "species": [
                    {
                        "occu": 1, 
                        "element": "O"
                    }
                ]
            }, 
            {
                "label": "O", 
                "xyz": [
                    0.015913884832041432, 
                    1.9501718511898671, 
                    1.9501718511898671
                ], 
                "abc": [
                    0.0040801237137977914, 
                    0.49999999999999994, 
                    0.49999999999999994
                ], 
                "properties": {}, 
                "species": [
                    {
                        "occu": 1, 
                        "element": "O"
                    }
                ]
            }
        ], 
        "@class": "Structure", 
        "@module": "pymatgen.core.structure"
    }
}