{
    "A": "Sr", 
    "gllbsc_ind-gap": 0.0, 
    "B": "Mn", 
    "anion": "O2N", 
    "CB_ind": 4.981262857850317, 
    "anion_idx": 1, 
    "heat_of_formation_all": 0.34, 
    "CB_dir": 4.981262857850317, 
    "filename": "/Users/ajain/Documents/papers_proposals/2012Paper_UNCOptimization/data/rawdata/abo2n/5a2b242670598c39c621649202ec0f3ef3a16471.json", 
    "sum_magnetic_moments": 2.0050598249770126, 
    "VB_dir": 4.981262857850317, 
    "VB_ind": 4.981262857850317, 
    "is_direct": true, 
    "gllbsc_dir-gap": 0.0, 
    "FermiLevel": 0.258586911943, 
    "XCFunctional": "RPBE", 
    "FermiWidth": 0.0018374654734, 
    "structure": {
        "lattice": {
            "a": 3.885619586721504, 
            "c": 3.885619586721504, 
            "b": 3.885619586721504, 
            "matrix": [
                [
                    3.885619586721504, 
                    0.0, 
                    0.0
                ], 
                [
                    0.0, 
                    3.885619586721504, 
                    0.0
                ], 
                [
                    0.0, 
                    0.0, 
                    3.885619586721504
                ]
            ], 
            "volume": 58.66523828483307, 
            "beta": 90.0, 
            "alpha": 90.0, 
            "gamma": 90.0
        }, 
        "sites": [
            {
                "label": "Sr", 
                "xyz": [
                    0.014061697433241828, 
                    3.2395679580921564e-18, 
                    1.0718296157188492e-18
                ], 
                "abc": [
                    0.003618907389003153, 
                    8.337326611083783e-19, 
                    2.758452266870537e-19
                ], 
                "properties": {}, 
                "species": [
                    {
                        "occu": 1, 
                        "element": "Sr"
                    }
                ]
            }, 
            {
                "label": "Mn", 
                "xyz": [
                    2.011140779577051, 
                    1.9428097933607518, 
                    1.9428097933607518
                ], 
                "abc": [
                    0.5175856088562579, 
                    0.49999999999999994, 
                    0.49999999999999994
                ], 
                "properties": {}, 
                "species": [
                    {
                        "occu": 1, 
                        "element": "Mn"
                    }
                ]
            }, 
            {
                "label": "N", 
                "xyz": [
                    1.9227352949473993, 
                    0.0, 
                    1.9428097933607518
                ], 
                "abc": [
                    0.49483364288105963, 
                    0.0, 
                    0.49999999999999994
                ], 
                "properties": {}, 
                "species": [
                    {
                        "occu": 1, 
                        "element": "N"
                    }
                ]
            }, 
            {
                "label": "O", 
                "xyz": [
                    1.9168439353347122, 
                    1.9428097933607518, 
                    7.376603021442337e-20
                ], 
                "abc": [
                    0.49331744720590404, 
                    0.49999999999999994, 
                    1.8984367503835738e-20
                ], 
                "properties": {}, 
                "species": [
                    {
                        "occu": 1, 
                        "element": "O"
                    }
                ]
            }, 
            {
                "label": "O", 
                "xyz": [
                    3.8706209537142935, 
                    1.9428097933607518, 
                    1.9428097933607518
                ], 
                "abc": [
                    0.9961399636087728, 
                    0.49999999999999994, 
                    0.49999999999999994
                ], 
                "properties": {}, 
                "species": [
                    {
                        "occu": 1, 
                        "element": "O"
                    }
                ]
            }
        ], 
        "@class": "Structure", 
        "@module": "pymatgen.core.structure"
    }
}