{
    "A": "Sr", 
    "gllbsc_ind-gap": 0.0, 
    "B": "Ni", 
    "anion": "O3", 
    "CB_ind": 5.1876840756188995, 
    "anion_idx": 0, 
    "heat_of_formation_all": 0.64, 
    "CB_dir": 5.1876840756188995, 
    "filename": "/Users/ajain/Documents/papers_proposals/2012Paper_UNCOptimization/data/rawdata/abo3/880c2718bb5c0a29e4e75d076f695b54a87ca0da.json", 
    "sum_magnetic_moments": 1.481804613793127, 
    "VB_dir": 5.1876840756188995, 
    "VB_ind": 5.1876840756188995, 
    "is_direct": true, 
    "gllbsc_dir-gap": 0.0, 
    "FermiLevel": 0.224953609215, 
    "XCFunctional": "RPBE", 
    "FermiWidth": 0.0018374654734, 
    "structure": {
        "lattice": {
            "a": 3.8702971592441973, 
            "c": 3.8702971592441973, 
            "b": 3.8702971592441973, 
            "matrix": [
                [
                    3.8702971592441973, 
                    0.0, 
                    0.0
                ], 
                [
                    0.0, 
                    3.8702971592441973, 
                    0.0
                ], 
                [
                    0.0, 
                    0.0, 
                    3.8702971592441973
                ]
            ], 
            "volume": 57.97395559808448, 
            "beta": 90.0, 
            "alpha": 90.0, 
            "gamma": 90.0
        }, 
        "sites": [
            {
                "label": "Sr", 
                "xyz": [
                    0.005555616478428563, 
                    1.4255813941343994e-18, 
                    1.5964388519298371e-21
                ], 
                "abc": [
                    0.001435449592070465, 
                    3.683390022725777e-19, 
                    4.124848264213372e-22
                ], 
                "properties": {}, 
                "species": [
                    {
                        "occu": 1, 
                        "element": "Sr"
                    }
                ]
            }, 
            {
                "label": "Ni", 
                "xyz": [
                    1.968793747904438, 
                    1.9351485796220986, 
                    1.9351485796220986
                ], 
                "abc": [
                    0.5086931744251156, 
                    0.5, 
                    0.5
                ], 
                "properties": {}, 
                "species": [
                    {
                        "occu": 1, 
                        "element": "Ni"
                    }
                ]
            }, 
            {
                "label": "O", 
                "xyz": [
                    1.9325910525385492, 
                    1.6653557141312464e-20, 
                    1.9351485796220986
                ], 
                "abc": [
                    0.4993391910289264, 
                    4.302914338640762e-21, 
                    0.5
                ], 
                "properties": {}, 
                "species": [
                    {
                        "occu": 1, 
                        "element": "O"
                    }
                ]
            }, 
            {
                "label": "O", 
                "xyz": [
                    1.9325910525385492, 
                    1.9351485796220986, 
                    1.5310900432098559e-21
                ], 
                "abc": [
                    0.4993391910289264, 
                    0.5, 
                    3.956001258334519e-22
                ], 
                "properties": {}, 
                "species": [
                    {
                        "occu": 1, 
                        "element": "O"
                    }
                ]
            }, 
            {
                "label": "O", 
                "xyz": [
                    0.014130593062286836, 
                    1.9351485796220986, 
                    1.9351485796220986
                ], 
                "abc": [
                    0.003651035690770137, 
                    0.5, 
                    0.5
                ], 
                "properties": {}, 
                "species": [
                    {
                        "occu": 1, 
                        "element": "O"
                    }
                ]
            }
        ], 
        "@class": "Structure", 
        "@module": "pymatgen.core.structure"
    }
}