{
    "A": "Sr", 
    "gllbsc_ind-gap": 0.0, 
    "B": "Sc", 
    "anion": "O2S", 
    "CB_ind": 4.725321474604588, 
    "anion_idx": 6, 
    "heat_of_formation_all": 0.82, 
    "CB_dir": 4.725321474604588, 
    "filename": "/Users/ajain/Documents/papers_proposals/2012Paper_UNCOptimization/data/rawdata/abo2s/537c0067118676120553e275e0c15450027f3268.json", 
    "sum_magnetic_moments": 0.9968567254477493, 
    "VB_dir": 4.725321474604588, 
    "VB_ind": 4.725321474604588, 
    "is_direct": true, 
    "gllbsc_dir-gap": 0.0, 
    "FermiLevel": 0.16214991568, 
    "XCFunctional": "RPBE", 
    "FermiWidth": 0.0018374654734, 
    "structure": {
        "lattice": {
            "a": 4.546818126206356, 
            "c": 4.546818126206356, 
            "b": 4.546818126206356, 
            "matrix": [
                [
                    4.546818126206356, 
                    0.0, 
                    0.0
                ], 
                [
                    0.0, 
                    4.546818126206356, 
                    0.0
                ], 
                [
                    0.0, 
                    0.0, 
                    4.546818126206356
                ]
            ], 
            "volume": 93.99889493812637, 
            "beta": 90.0, 
            "alpha": 90.0, 
            "gamma": 90.0
        }, 
        "sites": [
            {
                "label": "Sr", 
                "xyz": [
                    0.0, 
                    0.0, 
                    0.0
                ], 
                "abc": [
                    0.0, 
                    0.0, 
                    0.0
                ], 
                "properties": {}, 
                "species": [
                    {
                        "occu": 1, 
                        "element": "Sr"
                    }
                ]
            }, 
            {
                "label": "Sc", 
                "xyz": [
                    2.3188772443652415, 
                    2.2734090631031774, 
                    2.2734090631031774
                ], 
                "abc": [
                    0.51, 
                    0.4999999999999999, 
                    0.4999999999999999
                ], 
                "properties": {}, 
                "species": [
                    {
                        "occu": 1, 
                        "element": "Sc"
                    }
                ]
            }, 
            {
                "label": "S", 
                "xyz": [
                    2.2734090631031774, 
                    0.0, 
                    2.2734090631031774
                ], 
                "abc": [
                    0.4999999999999999, 
                    0.0, 
                    0.4999999999999999
                ], 
                "properties": {}, 
                "species": [
                    {
                        "occu": 1, 
                        "element": "S"
                    }
                ]
            }, 
            {
                "label": "O", 
                "xyz": [
                    2.2734090631031774, 
                    2.2734090631031774, 
                    0.0
                ], 
                "abc": [
                    0.4999999999999999, 
                    0.4999999999999999, 
                    0.0
                ], 
                "properties": {}, 
                "species": [
                    {
                        "occu": 1, 
                        "element": "O"
                    }
                ]
            }, 
            {
                "label": "O", 
                "xyz": [
                    0.0, 
                    2.2734090631031774, 
                    2.2734090631031774
                ], 
                "abc": [
                    0.0, 
                    0.4999999999999999, 
                    0.4999999999999999
                ], 
                "properties": {}, 
                "species": [
                    {
                        "occu": 1, 
                        "element": "O"
                    }
                ]
            }
        ], 
        "@class": "Structure", 
        "@module": "pymatgen.core.structure"
    }
}