{
    "A": "Sr", 
    "gllbsc_ind-gap": 0.0, 
    "B": "Ta", 
    "anion": "OFN", 
    "CB_ind": 5.418995542694888, 
    "anion_idx": 5, 
    "heat_of_formation_all": 0.64, 
    "CB_dir": 5.418995542694888, 
    "filename": "/Users/ajain/Documents/papers_proposals/2012Paper_UNCOptimization/data/rawdata/abofn/a2b89f72ddc26721fed16ae4a7f5ae66ac2aaafa.json", 
    "sum_magnetic_moments": 1.494929504759372e-12, 
    "VB_dir": 5.418995542694888, 
    "VB_ind": 5.418995542694888, 
    "is_direct": true, 
    "gllbsc_dir-gap": 0.0, 
    "FermiLevel": 0.324978308397, 
    "XCFunctional": "RPBE", 
    "FermiWidth": 0.0036749309468, 
    "structure": {
        "lattice": {
            "a": 4.202021969517955, 
            "c": 4.202021969517955, 
            "b": 4.202021969517955, 
            "matrix": [
                [
                    4.202021969517955, 
                    0.0, 
                    0.0
                ], 
                [
                    0.0, 
                    4.202021969517955, 
                    0.0
                ], 
                [
                    0.0, 
                    0.0, 
                    4.202021969517955
                ]
            ], 
            "volume": 74.19505414850194, 
            "beta": 90.0, 
            "alpha": 90.0, 
            "gamma": 90.0
        }, 
        "sites": [
            {
                "label": "Sr", 
                "xyz": [
                    0.006196130888800355, 
                    0.0, 
                    0.0
                ], 
                "abc": [
                    0.0014745593749266282, 
                    0.0, 
                    0.0
                ], 
                "properties": {}, 
                "species": [
                    {
                        "occu": 1, 
                        "element": "Sr"
                    }
                ]
            }, 
            {
                "label": "Ta", 
                "xyz": [
                    2.1090787152608006, 
                    2.101010984758977, 
                    2.101010984758977
                ], 
                "abc": [
                    0.5019199639031751, 
                    0.4999999999999999, 
                    0.4999999999999999
                ], 
                "properties": {}, 
                "species": [
                    {
                        "occu": 1, 
                        "element": "Ta"
                    }
                ]
            }, 
            {
                "label": "F", 
                "xyz": [
                    2.10634228643973, 
                    0.0, 
                    2.101010984758977
                ], 
                "abc": [
                    0.5012687467413132, 
                    0.0, 
                    0.4999999999999999
                ], 
                "properties": {}, 
                "species": [
                    {
                        "occu": 1, 
                        "element": "F"
                    }
                ]
            }, 
            {
                "label": "N", 
                "xyz": [
                    2.1150355274215085, 
                    2.101010984758977, 
                    0.0
                ], 
                "abc": [
                    0.5033375700470551, 
                    0.4999999999999999, 
                    0.0
                ], 
                "properties": {}, 
                "species": [
                    {
                        "occu": 1, 
                        "element": "N"
                    }
                ]
            }, 
            {
                "label": "O", 
                "xyz": [
                    0.008190603710550458, 
                    2.101010984758977, 
                    2.101010984758977
                ], 
                "abc": [
                    0.001949205351606018, 
                    0.4999999999999999, 
                    0.4999999999999999
                ], 
                "properties": {}, 
                "species": [
                    {
                        "occu": 1, 
                        "element": "O"
                    }
                ]
            }
        ], 
        "@class": "Structure", 
        "@module": "pymatgen.core.structure"
    }
}