{
    "A": "Sr", 
    "gllbsc_ind-gap": 0.0, 
    "B": "Zn", 
    "anion": "O3", 
    "CB_ind": 5.199421037438992, 
    "anion_idx": 0, 
    "heat_of_formation_all": 0.74, 
    "CB_dir": 5.199421037438992, 
    "filename": "/Users/ajain/Documents/papers_proposals/2012Paper_UNCOptimization/data/rawdata/abo3/6bd0dec8a3b3c8ec7edfcb8c120f83e269a7c4a3.json", 
    "sum_magnetic_moments": 1.1749471814002632, 
    "VB_dir": 5.199421037438992, 
    "VB_ind": 5.199421037438992, 
    "is_direct": true, 
    "gllbsc_dir-gap": 0.0, 
    "FermiLevel": 0.192946620499, 
    "XCFunctional": "RPBE", 
    "FermiWidth": 0.0018374654734, 
    "structure": {
        "lattice": {
            "a": 3.94093902425862, 
            "c": 3.94093902425862, 
            "b": 3.94093902425862, 
            "matrix": [
                [
                    3.94093902425862, 
                    0.0, 
                    0.0
                ], 
                [
                    0.0, 
                    3.94093902425862, 
                    0.0
                ], 
                [
                    0.0, 
                    0.0, 
                    3.94093902425862
                ]
            ], 
            "volume": 61.206725534252065, 
            "beta": 90.0, 
            "alpha": 90.0, 
            "gamma": 90.0
        }, 
        "sites": [
            {
                "label": "Sr", 
                "xyz": [
                    0.0032350960416440864, 
                    0.0, 
                    0.0
                ], 
                "abc": [
                    0.0008208947212149981, 
                    0.0, 
                    0.0
                ], 
                "properties": {}, 
                "species": [
                    {
                        "occu": 1, 
                        "element": "Sr"
                    }
                ]
            }, 
            {
                "label": "Zn", 
                "xyz": [
                    1.9896263455419365, 
                    1.97046951212931, 
                    1.97046951212931
                ], 
                "abc": [
                    0.5048609819372251, 
                    0.5, 
                    0.5
                ], 
                "properties": {}, 
                "species": [
                    {
                        "occu": 1, 
                        "element": "Zn"
                    }
                ]
            }, 
            {
                "label": "O", 
                "xyz": [
                    1.971564692181378, 
                    0.0, 
                    1.97046951212931
                ], 
                "abc": [
                    0.5002778982484445, 
                    0.0, 
                    0.5
                ], 
                "properties": {}, 
                "species": [
                    {
                        "occu": 1, 
                        "element": "O"
                    }
                ]
            }, 
            {
                "label": "O", 
                "xyz": [
                    1.971564692181378, 
                    1.97046951212931, 
                    0.0
                ], 
                "abc": [
                    0.5002778982484445, 
                    0.5, 
                    0.0
                ], 
                "properties": {}, 
                "species": [
                    {
                        "occu": 1, 
                        "element": "O"
                    }
                ]
            }, 
            {
                "label": "O", 
                "xyz": [
                    0.015745317538210946, 
                    1.97046951212931, 
                    1.97046951212931
                ], 
                "abc": [
                    0.0039953212778198206, 
                    0.5, 
                    0.5
                ], 
                "properties": {}, 
                "species": [
                    {
                        "occu": 1, 
                        "element": "O"
                    }
                ]
            }
        ], 
        "@class": "Structure", 
        "@module": "pymatgen.core.structure"
    }
}