{
    "A": "Ta", 
    "gllbsc_ind-gap": 0.0, 
    "B": "Bi", 
    "anion": "O2S", 
    "CB_ind": 5.685925998839422, 
    "anion_idx": 6, 
    "heat_of_formation_all": 1.26, 
    "CB_dir": 5.685925998839422, 
    "filename": "/Users/ajain/Documents/papers_proposals/2012Paper_UNCOptimization/data/rawdata/abo2s/b63bd1427e901f397ef973105f91d9dcbc63c832.json", 
    "sum_magnetic_moments": 1.6315555097889562, 
    "VB_dir": 5.685925998839422, 
    "VB_ind": 5.685925998839422, 
    "is_direct": true, 
    "gllbsc_dir-gap": 0.0, 
    "FermiLevel": 0.240227948372, 
    "XCFunctional": "RPBE", 
    "FermiWidth": 0.0018374654734, 
    "structure": {
        "lattice": {
            "a": 4.572745011365263, 
            "c": 4.572745011365263, 
            "b": 4.572745011365263, 
            "matrix": [
                [
                    4.572745011365263, 
                    0.0, 
                    0.0
                ], 
                [
                    0.0, 
                    4.572745011365263, 
                    0.0
                ], 
                [
                    0.0, 
                    0.0, 
                    4.572745011365263
                ]
            ], 
            "volume": 95.61608419031921, 
            "beta": 90.0, 
            "alpha": 90.0, 
            "gamma": 90.0
        }, 
        "sites": [
            {
                "label": "Ta", 
                "xyz": [
                    1.5727681465831342, 
                    1.7265201976723672e-16, 
                    8.492401507444822e-16
                ], 
                "abc": [
                    0.3439439860902194, 
                    3.775675646425096e-17, 
                    1.8571780159045619e-16
                ], 
                "properties": {}, 
                "species": [
                    {
                        "occu": 1, 
                        "element": "Ta"
                    }
                ]
            }, 
            {
                "label": "Bi", 
                "xyz": [
                    2.666172374094133, 
                    2.2863725056826314, 
                    2.2863725056826314
                ], 
                "abc": [
                    0.5830573031007706, 
                    0.5, 
                    0.5
                ], 
                "properties": {}, 
                "species": [
                    {
                        "occu": 1, 
                        "element": "Bi"
                    }
                ]
            }, 
            {
                "label": "S", 
                "xyz": [
                    0.5825520241689658, 
                    0.0, 
                    2.2863725056826314
                ], 
                "abc": [
                    0.1273965687395799, 
                    0.0, 
                    0.5
                ], 
                "properties": {}, 
                "species": [
                    {
                        "occu": 1, 
                        "element": "S"
                    }
                ]
            }, 
            {
                "label": "O", 
                "xyz": [
                    1.8759368201449798, 
                    2.2863725056826314, 
                    0.0
                ], 
                "abc": [
                    0.41024304121101435, 
                    0.5, 
                    0.0
                ], 
                "properties": {}, 
                "species": [
                    {
                        "occu": 1, 
                        "element": "O"
                    }
                ]
            }, 
            {
                "label": "O", 
                "xyz": [
                    0.25939500422008016, 
                    2.2863725056826314, 
                    2.2863725056826314
                ], 
                "abc": [
                    0.056726321624182105, 
                    0.5, 
                    0.5
                ], 
                "properties": {}, 
                "species": [
                    {
                        "occu": 1, 
                        "element": "O"
                    }
                ]
            }
        ], 
        "@class": "Structure", 
        "@module": "pymatgen.core.structure"
    }
}