{
    "A": "Ta", 
    "gllbsc_ind-gap": 0.0, 
    "B": "Ge", 
    "anion": "ON2", 
    "CB_ind": 5.957733839030804, 
    "anion_idx": 2, 
    "heat_of_formation_all": 0.92, 
    "CB_dir": 5.957733839030804, 
    "filename": "/Users/ajain/Documents/papers_proposals/2012Paper_UNCOptimization/data/rawdata/abon2/b3f5a0057563910d96d0a6ebe62af5528e36e5b9.json", 
    "sum_magnetic_moments": 0.35784443169735886, 
    "VB_dir": 5.957733839030804, 
    "VB_ind": 5.957733839030804, 
    "is_direct": true, 
    "gllbsc_dir-gap": 0.0, 
    "FermiLevel": 0.356403714817, 
    "XCFunctional": "RPBE", 
    "FermiWidth": 0.0018374654734, 
    "structure": {
        "lattice": {
            "a": 3.8346117581225974, 
            "c": 3.8346117581225974, 
            "b": 3.8346117581225974, 
            "matrix": [
                [
                    3.8346117581225974, 
                    0.0, 
                    0.0
                ], 
                [
                    0.0, 
                    3.8346117581225974, 
                    0.0
                ], 
                [
                    0.0, 
                    0.0, 
                    3.8346117581225974
                ]
            ], 
            "volume": 56.38507972717418, 
            "beta": 90.0, 
            "alpha": 90.0, 
            "gamma": 90.0
        }, 
        "sites": [
            {
                "label": "Ta", 
                "xyz": [
                    0.4232700190101527, 
                    5.744700979726646e-14, 
                    5.448144581440377e-15
                ], 
                "abc": [
                    0.1103814533801417, 
                    1.4981180213506717e-14, 
                    1.4207812746361984e-15
                ], 
                "properties": {}, 
                "species": [
                    {
                        "occu": 1, 
                        "element": "Ta"
                    }
                ]
            }, 
            {
                "label": "Ge", 
                "xyz": [
                    1.822608300531085, 
                    1.9173058790612985, 
                    1.9173058790612985
                ], 
                "abc": [
                    0.47530451985663935, 
                    0.49999999999999994, 
                    0.49999999999999994
                ], 
                "properties": {}, 
                "species": [
                    {
                        "occu": 1, 
                        "element": "Ge"
                    }
                ]
            }, 
            {
                "label": "N", 
                "xyz": [
                    1.4676869739312954, 
                    9.973744989109389e-18, 
                    1.9173058790612985
                ], 
                "abc": [
                    0.38274721575721293, 
                    2.6009790868613188e-18, 
                    0.49999999999999994
                ], 
                "properties": {}, 
                "species": [
                    {
                        "occu": 1, 
                        "element": "N"
                    }
                ]
            }, 
            {
                "label": "N", 
                "xyz": [
                    1.467686973931127, 
                    1.9173058790612985, 
                    0.0
                ], 
                "abc": [
                    0.38274721575716897, 
                    0.49999999999999994, 
                    0.0
                ], 
                "properties": {}, 
                "species": [
                    {
                        "occu": 1, 
                        "element": "N"
                    }
                ]
            }, 
            {
                "label": "O", 
                "xyz": [
                    3.6327303835412943, 
                    1.9173058790612985, 
                    1.9173058790612985
                ], 
                "abc": [
                    0.9473528515230593, 
                    0.49999999999999994, 
                    0.49999999999999994
                ], 
                "properties": {}, 
                "species": [
                    {
                        "occu": 1, 
                        "element": "O"
                    }
                ]
            }
        ], 
        "@class": "Structure", 
        "@module": "pymatgen.core.structure"
    }
}