{
    "A": "Ta", 
    "gllbsc_ind-gap": 0.0, 
    "B": "Ni", 
    "anion": "OFN", 
    "CB_ind": 6.3445866047220285, 
    "anion_idx": 5, 
    "heat_of_formation_all": 1.5, 
    "CB_dir": 6.3445866047220285, 
    "filename": "/Users/ajain/Documents/papers_proposals/2012Paper_UNCOptimization/data/rawdata/abofn/7e8eff2ca447e8fe20c9107d157284507cbc351f.json", 
    "sum_magnetic_moments": 0.8218700002705929, 
    "VB_dir": 6.3445866047220285, 
    "VB_ind": 6.3445866047220285, 
    "is_direct": true, 
    "gllbsc_dir-gap": 0.0, 
    "FermiLevel": 0.348694984145, 
    "XCFunctional": "RPBE", 
    "FermiWidth": 0.0036749309468, 
    "structure": {
        "lattice": {
            "a": 3.7586230799132627, 
            "c": 3.7586230799132627, 
            "b": 3.7586230799132627, 
            "matrix": [
                [
                    3.7586230799132627, 
                    0.0, 
                    0.0
                ], 
                [
                    0.0, 
                    3.7586230799132627, 
                    0.0
                ], 
                [
                    0.0, 
                    0.0, 
                    3.7586230799132627
                ]
            ], 
            "volume": 53.09899834698739, 
            "beta": 90.0, 
            "alpha": 90.0, 
            "gamma": 90.0
        }, 
        "sites": [
            {
                "label": "Ta", 
                "xyz": [
                    0.0016384297298343274, 
                    0.0, 
                    0.0
                ], 
                "abc": [
                    0.00043591221971428355, 
                    0.0, 
                    0.0
                ], 
                "properties": {}, 
                "species": [
                    {
                        "occu": 1, 
                        "element": "Ta"
                    }
                ]
            }, 
            {
                "label": "Ni", 
                "xyz": [
                    1.899584090883405, 
                    1.8793115399566314, 
                    1.8793115399566314
                ], 
                "abc": [
                    0.5053936110367421, 
                    0.5, 
                    0.5
                ], 
                "properties": {}, 
                "species": [
                    {
                        "occu": 1, 
                        "element": "Ni"
                    }
                ]
            }, 
            {
                "label": "F", 
                "xyz": [
                    1.8779582495014626, 
                    0.0, 
                    1.8793115399566314
                ], 
                "abc": [
                    0.4996399504748425, 
                    0.0, 
                    0.5
                ], 
                "properties": {}, 
                "species": [
                    {
                        "occu": 1, 
                        "element": "F"
                    }
                ]
            }, 
            {
                "label": "N", 
                "xyz": [
                    1.879388039670378, 
                    1.8793115399566314, 
                    0.0
                ], 
                "abc": [
                    0.5000203531219066, 
                    0.5, 
                    0.0
                ], 
                "properties": {}, 
                "species": [
                    {
                        "occu": 1, 
                        "element": "N"
                    }
                ]
            }, 
            {
                "label": "O", 
                "xyz": [
                    0.018132716746205778, 
                    1.8793115399566314, 
                    1.8793115399566314
                ], 
                "abc": [
                    0.004824297717722795, 
                    0.5, 
                    0.5
                ], 
                "properties": {}, 
                "species": [
                    {
                        "occu": 1, 
                        "element": "O"
                    }
                ]
            }
        ], 
        "@class": "Structure", 
        "@module": "pymatgen.core.structure"
    }
}