{
    "A": "Ta", 
    "gllbsc_ind-gap": 0.0, 
    "B": "Pd", 
    "anion": "ON2", 
    "CB_ind": 5.9183621037903436, 
    "anion_idx": 2, 
    "heat_of_formation_all": 1.48, 
    "CB_dir": 5.9183621037903436, 
    "filename": "/Users/ajain/Documents/papers_proposals/2012Paper_UNCOptimization/data/rawdata/abon2/731dfdb085770243a37ac280b6e87b5224b666dd.json", 
    "sum_magnetic_moments": 0.16942808056326977, 
    "VB_dir": 5.9183621037903436, 
    "VB_ind": 5.9183621037903436, 
    "is_direct": true, 
    "gllbsc_dir-gap": 0.0, 
    "FermiLevel": 0.293529037779, 
    "XCFunctional": "RPBE", 
    "FermiWidth": 0.0018374654734, 
    "structure": {
        "lattice": {
            "a": 3.984285444438177, 
            "c": 3.984285444438177, 
            "b": 3.984285444438177, 
            "matrix": [
                [
                    3.984285444438177, 
                    0.0, 
                    0.0
                ], 
                [
                    0.0, 
                    3.984285444438177, 
                    0.0
                ], 
                [
                    0.0, 
                    0.0, 
                    3.984285444438177
                ]
            ], 
            "volume": 63.24866081944417, 
            "beta": 90.0, 
            "alpha": 90.0, 
            "gamma": 90.0
        }, 
        "sites": [
            {
                "label": "Ta", 
                "xyz": [
                    0.9966644825450879, 
                    3.984285444426089, 
                    1.222718075527449e-13
                ], 
                "abc": [
                    0.25014886519648627, 
                    0.9999999999969662, 
                    3.0688515985577536e-14
                ], 
                "properties": {}, 
                "species": [
                    {
                        "occu": 1, 
                        "element": "Ta"
                    }
                ]
            }, 
            {
                "label": "Pd", 
                "xyz": [
                    2.245781650462746, 
                    1.9921427222190882, 
                    1.9921427222190882
                ], 
                "abc": [
                    0.5636598285390727, 
                    0.49999999999999994, 
                    0.49999999999999994
                ], 
                "properties": {}, 
                "species": [
                    {
                        "occu": 1, 
                        "element": "Pd"
                    }
                ]
            }, 
            {
                "label": "N", 
                "xyz": [
                    1.8253799738086796, 
                    6.657100782825309e-14, 
                    1.9921427222190882
                ], 
                "abc": [
                    0.4581448792422241, 
                    1.670839320038734e-14, 
                    0.49999999999999994
                ], 
                "properties": {}, 
                "species": [
                    {
                        "occu": 1, 
                        "element": "N"
                    }
                ]
            }, 
            {
                "label": "N", 
                "xyz": [
                    1.825379973790365, 
                    1.9921427222190882, 
                    4.438865894376386e-15
                ], 
                "abc": [
                    0.45814487923762737, 
                    0.49999999999999994, 
                    1.1140933440330627e-15
                ], 
                "properties": {}, 
                "species": [
                    {
                        "occu": 1, 
                        "element": "N"
                    }
                ]
            }, 
            {
                "label": "O", 
                "xyz": [
                    0.2132416263998344, 
                    1.9921427222190882, 
                    1.9921427222190882
                ], 
                "abc": [
                    0.05352066998550691, 
                    0.49999999999999994, 
                    0.49999999999999994
                ], 
                "properties": {}, 
                "species": [
                    {
                        "occu": 1, 
                        "element": "O"
                    }
                ]
            }
        ], 
        "@class": "Structure", 
        "@module": "pymatgen.core.structure"
    }
}