{
    "A": "Ta", 
    "gllbsc_ind-gap": 0.0, 
    "B": "Sb", 
    "anion": "O2N", 
    "CB_ind": 6.063592285056279, 
    "anion_idx": 1, 
    "heat_of_formation_all": 1.86, 
    "CB_dir": 6.063592285056279, 
    "filename": "/Users/ajain/Documents/papers_proposals/2012Paper_UNCOptimization/data/rawdata/abo2n/70846afcc6fac887875cca696f71a8e7487b1658.json", 
    "sum_magnetic_moments": -2.154659790512168, 
    "VB_dir": 6.063592285056279, 
    "VB_ind": 6.063592285056279, 
    "is_direct": true, 
    "gllbsc_dir-gap": 0.0, 
    "FermiLevel": 0.353523415913, 
    "XCFunctional": "RPBE", 
    "FermiWidth": 0.0018374654734, 
    "structure": {
        "lattice": {
            "a": 4.037813668107747, 
            "c": 4.037813668107747, 
            "b": 4.037813668107747, 
            "matrix": [
                [
                    4.037813668107747, 
                    0.0, 
                    0.0
                ], 
                [
                    0.0, 
                    4.037813668107747, 
                    0.0
                ], 
                [
                    0.0, 
                    0.0, 
                    4.037813668107747
                ]
            ], 
            "volume": 65.8322686198828, 
            "beta": 90.0, 
            "alpha": 90.0, 
            "gamma": 90.0
        }, 
        "sites": [
            {
                "label": "Ta", 
                "xyz": [
                    0.0026335618530436023, 
                    0.0, 
                    0.0
                ], 
                "abc": [
                    0.000652224711071865, 
                    0.0, 
                    0.0
                ], 
                "properties": {}, 
                "species": [
                    {
                        "occu": 1, 
                        "element": "Ta"
                    }
                ]
            }, 
            {
                "label": "Sb", 
                "xyz": [
                    2.0403135102983416, 
                    2.0189068340538734, 
                    2.0189068340538734
                ], 
                "abc": [
                    0.5053015512859216, 
                    0.5, 
                    0.5
                ], 
                "properties": {}, 
                "species": [
                    {
                        "occu": 1, 
                        "element": "Sb"
                    }
                ]
            }, 
            {
                "label": "N", 
                "xyz": [
                    2.0183734751894784, 
                    0.0, 
                    2.0189068340538734
                ], 
                "abc": [
                    0.49986790899525463, 
                    0.0, 
                    0.5
                ], 
                "properties": {}, 
                "species": [
                    {
                        "occu": 1, 
                        "element": "N"
                    }
                ]
            }, 
            {
                "label": "O", 
                "xyz": [
                    2.017974159325747, 
                    2.0189068340538734, 
                    0.0
                ], 
                "abc": [
                    0.4997690149162917, 
                    0.5, 
                    0.0
                ], 
                "properties": {}, 
                "species": [
                    {
                        "occu": 1, 
                        "element": "O"
                    }
                ]
            }, 
            {
                "label": "O", 
                "xyz": [
                    0.018218302839189945, 
                    2.0189068340538734, 
                    2.0189068340538734
                ], 
                "abc": [
                    0.004511922623642919, 
                    0.5, 
                    0.5
                ], 
                "properties": {}, 
                "species": [
                    {
                        "occu": 1, 
                        "element": "O"
                    }
                ]
            }
        ], 
        "@class": "Structure", 
        "@module": "pymatgen.core.structure"
    }
}