{
    "A": "Ta", 
    "gllbsc_ind-gap": 0.0, 
    "B": "Tl", 
    "anion": "N3", 
    "CB_ind": 6.129031970602228, 
    "anion_idx": 3, 
    "heat_of_formation_all": 2.96, 
    "CB_dir": 6.129031970602228, 
    "filename": "/Users/ajain/Documents/papers_proposals/2012Paper_UNCOptimization/data/rawdata/abn3/7bd9a42797169642bc69ca1346f0b9793428fe78.json", 
    "sum_magnetic_moments": 0.2905177649673761, 
    "VB_dir": 6.129031970602228, 
    "VB_ind": 6.129031970602228, 
    "is_direct": true, 
    "gllbsc_dir-gap": 0.0, 
    "FermiLevel": 0.300260984068, 
    "XCFunctional": "RPBE", 
    "FermiWidth": 0.0018374654734, 
    "structure": {
        "lattice": {
            "a": 4.104171594784292, 
            "c": 4.104171594784292, 
            "b": 4.104171594784292, 
            "matrix": [
                [
                    4.104171594784292, 
                    0.0, 
                    0.0
                ], 
                [
                    0.0, 
                    4.104171594784292, 
                    0.0
                ], 
                [
                    0.0, 
                    0.0, 
                    4.104171594784292
                ]
            ], 
            "volume": 69.13158764466424, 
            "beta": 90.0, 
            "alpha": 90.0, 
            "gamma": 90.0
        }, 
        "sites": [
            {
                "label": "Ta", 
                "xyz": [
                    0.0, 
                    0.0, 
                    0.0
                ], 
                "abc": [
                    0.0, 
                    0.0, 
                    0.0
                ], 
                "properties": {}, 
                "species": [
                    {
                        "occu": 1, 
                        "element": "Ta"
                    }
                ]
            }, 
            {
                "label": "Tl", 
                "xyz": [
                    2.0520857973921465, 
                    2.0520857973921465, 
                    2.0520857973921465
                ], 
                "abc": [
                    0.5000000000000001, 
                    0.5000000000000001, 
                    0.5000000000000001
                ], 
                "properties": {}, 
                "species": [
                    {
                        "occu": 1, 
                        "element": "Tl"
                    }
                ]
            }, 
            {
                "label": "N", 
                "xyz": [
                    2.0520857973921465, 
                    0.0, 
                    2.0520857973921465
                ], 
                "abc": [
                    0.5000000000000001, 
                    0.0, 
                    0.5000000000000001
                ], 
                "properties": {}, 
                "species": [
                    {
                        "occu": 1, 
                        "element": "N"
                    }
                ]
            }, 
            {
                "label": "N", 
                "xyz": [
                    2.0520857973921465, 
                    2.0520857973921465, 
                    0.0
                ], 
                "abc": [
                    0.5000000000000001, 
                    0.5000000000000001, 
                    0.0
                ], 
                "properties": {}, 
                "species": [
                    {
                        "occu": 1, 
                        "element": "N"
                    }
                ]
            }, 
            {
                "label": "N", 
                "xyz": [
                    0.0, 
                    2.0520857973921465, 
                    2.0520857973921465
                ], 
                "abc": [
                    0.0, 
                    0.5000000000000001, 
                    0.5000000000000001
                ], 
                "properties": {}, 
                "species": [
                    {
                        "occu": 1, 
                        "element": "N"
                    }
                ]
            }
        ], 
        "@class": "Structure", 
        "@module": "pymatgen.core.structure"
    }
}