{
    "A": "Ta", 
    "gllbsc_ind-gap": 0.0, 
    "B": "Zn", 
    "anion": "OFN", 
    "CB_ind": 6.358941019844157, 
    "anion_idx": 5, 
    "heat_of_formation_all": 1.76, 
    "CB_dir": 6.358941019844157, 
    "filename": "/Users/ajain/Documents/papers_proposals/2012Paper_UNCOptimization/data/rawdata/abofn/9b4fc5436790b20d5452e450c92b8397af38ecab.json", 
    "sum_magnetic_moments": 1.2136216539458502, 
    "VB_dir": 6.358941019844157, 
    "VB_ind": 6.358941019844157, 
    "is_direct": true, 
    "gllbsc_dir-gap": 0.0, 
    "FermiLevel": 0.283157203051, 
    "XCFunctional": "RPBE", 
    "FermiWidth": 0.0036749309468, 
    "structure": {
        "lattice": {
            "a": 3.8886963962873407, 
            "c": 3.8886963962873407, 
            "b": 3.8886963962873407, 
            "matrix": [
                [
                    3.8886963962873407, 
                    0.0, 
                    0.0
                ], 
                [
                    0.0, 
                    3.8886963962873407, 
                    0.0
                ], 
                [
                    0.0, 
                    0.0, 
                    3.8886963962873407
                ]
            ], 
            "volume": 58.804710044359084, 
            "beta": 90.0, 
            "alpha": 90.0, 
            "gamma": 90.0
        }, 
        "sites": [
            {
                "label": "Ta", 
                "xyz": [
                    0.0019495153283294207, 
                    0.0, 
                    0.0
                ], 
                "abc": [
                    0.0005013287563901064, 
                    0.0, 
                    0.0
                ], 
                "properties": {}, 
                "species": [
                    {
                        "occu": 1, 
                        "element": "Ta"
                    }
                ]
            }, 
            {
                "label": "Zn", 
                "xyz": [
                    1.96520860882444, 
                    1.9443481981436699, 
                    1.9443481981436699
                ], 
                "abc": [
                    0.5053643711297919, 
                    0.4999999999999999, 
                    0.4999999999999999
                ], 
                "properties": {}, 
                "species": [
                    {
                        "occu": 1, 
                        "element": "Zn"
                    }
                ]
            }, 
            {
                "label": "F", 
                "xyz": [
                    1.9419514687942867, 
                    0.0, 
                    1.9443481981436699
                ], 
                "abc": [
                    0.49938366766002307, 
                    0.0, 
                    0.4999999999999999
                ], 
                "properties": {}, 
                "species": [
                    {
                        "occu": 1, 
                        "element": "F"
                    }
                ]
            }, 
            {
                "label": "N", 
                "xyz": [
                    1.944607406771963, 
                    1.9443481981436699, 
                    0.0
                ], 
                "abc": [
                    0.5000666569466673, 
                    0.4999999999999999, 
                    0.0
                ], 
                "properties": {}, 
                "species": [
                    {
                        "occu": 1, 
                        "element": "N"
                    }
                ]
            }, 
            {
                "label": "O", 
                "xyz": [
                    0.018144831341729076, 
                    1.9443481981436699, 
                    1.9443481981436699
                ], 
                "abc": [
                    0.004666044733924847, 
                    0.4999999999999999, 
                    0.4999999999999999
                ], 
                "properties": {}, 
                "species": [
                    {
                        "occu": 1, 
                        "element": "O"
                    }
                ]
            }
        ], 
        "@class": "Structure", 
        "@module": "pymatgen.core.structure"
    }
}