{
    "A": "Te", 
    "gllbsc_ind-gap": 0.0, 
    "B": "Al", 
    "anion": "O3", 
    "CB_ind": 5.960634073679862, 
    "anion_idx": 0, 
    "heat_of_formation_all": 0.86, 
    "CB_dir": 5.960634073679862, 
    "filename": "/Users/ajain/Documents/papers_proposals/2012Paper_UNCOptimization/data/rawdata/abo3/41a8656a97dc5be28b59796807ba16c72ec4938b.json", 
    "sum_magnetic_moments": 0.009318962063582958, 
    "VB_dir": 5.960634073679862, 
    "VB_ind": 5.960634073679862, 
    "is_direct": true, 
    "gllbsc_dir-gap": 0.0, 
    "FermiLevel": 0.336920148965, 
    "XCFunctional": "RPBE", 
    "FermiWidth": 0.0018374654734, 
    "structure": {
        "lattice": {
            "a": 3.7715112164862803, 
            "c": 3.7715112164862803, 
            "b": 3.7715112164862803, 
            "matrix": [
                [
                    3.7715112164862803, 
                    0.0, 
                    0.0
                ], 
                [
                    0.0, 
                    3.7715112164862803, 
                    0.0
                ], 
                [
                    0.0, 
                    0.0, 
                    3.7715112164862803
                ]
            ], 
            "volume": 53.64709513934312, 
            "beta": 90.0, 
            "alpha": 90.0, 
            "gamma": 90.0
        }, 
        "sites": [
            {
                "label": "Te", 
                "xyz": [
                    0.010342661726248308, 
                    0.0, 
                    0.0
                ], 
                "abc": [
                    0.00274231233385646, 
                    0.0, 
                    0.0
                ], 
                "properties": {}, 
                "species": [
                    {
                        "occu": 1, 
                        "element": "Te"
                    }
                ]
            }, 
            {
                "label": "Al", 
                "xyz": [
                    1.8928890107745373, 
                    1.8857556082431401, 
                    1.8857556082431401
                ], 
                "abc": [
                    0.5018913910424594, 
                    0.5, 
                    0.5
                ], 
                "properties": {}, 
                "species": [
                    {
                        "occu": 1, 
                        "element": "Al"
                    }
                ]
            }, 
            {
                "label": "O", 
                "xyz": [
                    1.8941268593466603, 
                    0.0, 
                    1.8857556082431401
                ], 
                "abc": [
                    0.5022196012746634, 
                    0.0, 
                    0.5
                ], 
                "properties": {}, 
                "species": [
                    {
                        "occu": 1, 
                        "element": "O"
                    }
                ]
            }, 
            {
                "label": "O", 
                "xyz": [
                    1.8941268593466603, 
                    1.8857556082431401, 
                    0.0
                ], 
                "abc": [
                    0.5022196012746634, 
                    0.5, 
                    0.0
                ], 
                "properties": {}, 
                "species": [
                    {
                        "occu": 1, 
                        "element": "O"
                    }
                ]
            }, 
            {
                "label": "O", 
                "xyz": [
                    0.007717901149515303, 
                    1.8857556082431401, 
                    1.8857556082431401
                ], 
                "abc": [
                    0.002046368340568179, 
                    0.5, 
                    0.5
                ], 
                "properties": {}, 
                "species": [
                    {
                        "occu": 1, 
                        "element": "O"
                    }
                ]
            }
        ], 
        "@class": "Structure", 
        "@module": "pymatgen.core.structure"
    }
}