{
    "A": "Te", 
    "gllbsc_ind-gap": 0.0, 
    "B": "Al", 
    "anion": "O2N", 
    "CB_ind": 5.918891078723054, 
    "anion_idx": 1, 
    "heat_of_formation_all": 1.16, 
    "CB_dir": 5.918891078723054, 
    "filename": "/Users/ajain/Documents/papers_proposals/2012Paper_UNCOptimization/data/rawdata/abo2n/17035a0fb63b19c065d7bfae4cedd63a9649566b.json", 
    "sum_magnetic_moments": -0.004061300591515641, 
    "VB_dir": 5.918891078723054, 
    "VB_ind": 5.918891078723054, 
    "is_direct": true, 
    "gllbsc_dir-gap": 0.0, 
    "FermiLevel": 0.317125466031, 
    "XCFunctional": "RPBE", 
    "FermiWidth": 0.0018374654734, 
    "structure": {
        "lattice": {
            "a": 3.7801761904023814, 
            "c": 3.7801761904023814, 
            "b": 3.7801761904023814, 
            "matrix": [
                [
                    3.7801761904023814, 
                    0.0, 
                    0.0
                ], 
                [
                    0.0, 
                    3.7801761904023814, 
                    0.0
                ], 
                [
                    0.0, 
                    0.0, 
                    3.7801761904023814
                ]
            ], 
            "volume": 54.0177047888699, 
            "beta": 90.0, 
            "alpha": 90.0, 
            "gamma": 90.0
        }, 
        "sites": [
            {
                "label": "Te", 
                "xyz": [
                    0.0032074811960616577, 
                    0.0, 
                    0.0
                ], 
                "abc": [
                    0.0008485004493190665, 
                    0.0, 
                    0.0
                ], 
                "properties": {}, 
                "species": [
                    {
                        "occu": 1, 
                        "element": "Te"
                    }
                ]
            }, 
            {
                "label": "Al", 
                "xyz": [
                    1.9071405379348898, 
                    1.890088095201192, 
                    1.890088095201192
                ], 
                "abc": [
                    0.5045110179723882, 
                    0.5000000000000003, 
                    0.5000000000000003
                ], 
                "properties": {}, 
                "species": [
                    {
                        "occu": 1, 
                        "element": "Al"
                    }
                ]
            }, 
            {
                "label": "N", 
                "xyz": [
                    1.890705890439675, 
                    0.0, 
                    1.890088095201192
                ], 
                "abc": [
                    0.5001634302760948, 
                    0.0, 
                    0.5000000000000003
                ], 
                "properties": {}, 
                "species": [
                    {
                        "occu": 1, 
                        "element": "N"
                    }
                ]
            }, 
            {
                "label": "O", 
                "xyz": [
                    1.891064003660099, 
                    1.890088095201192, 
                    0.0
                ], 
                "abc": [
                    0.500258164807605, 
                    0.5000000000000003, 
                    0.0
                ], 
                "properties": {}, 
                "species": [
                    {
                        "occu": 1, 
                        "element": "O"
                    }
                ]
            }, 
            {
                "label": "O", 
                "xyz": [
                    0.01586493791345098, 
                    1.890088095201192, 
                    1.890088095201192
                ], 
                "abc": [
                    0.004196877900488082, 
                    0.5000000000000003, 
                    0.5000000000000003
                ], 
                "properties": {}, 
                "species": [
                    {
                        "occu": 1, 
                        "element": "O"
                    }
                ]
            }
        ], 
        "@class": "Structure", 
        "@module": "pymatgen.core.structure"
    }
}