{
    "A": "Te", 
    "gllbsc_ind-gap": 0.0, 
    "B": "Ba", 
    "anion": "N3", 
    "CB_ind": 5.629399551898358, 
    "anion_idx": 3, 
    "heat_of_formation_all": 3.18, 
    "CB_dir": 5.629399551898358, 
    "filename": "/Users/ajain/Documents/papers_proposals/2012Paper_UNCOptimization/data/rawdata/abn3/7eabb9fe78a08bbd18bd1934baf55d18e84881d6.json", 
    "sum_magnetic_moments": 1.1408382016565568, 
    "VB_dir": 5.629399551898358, 
    "VB_ind": 5.629399551898358, 
    "is_direct": true, 
    "gllbsc_dir-gap": 0.0, 
    "FermiLevel": 0.204134189337, 
    "XCFunctional": "RPBE", 
    "FermiWidth": 0.0018374654734, 
    "structure": {
        "lattice": {
            "a": 4.572384048933056, 
            "c": 4.572384048933056, 
            "b": 4.572384048933056, 
            "matrix": [
                [
                    4.572384048933056, 
                    0.0, 
                    0.0
                ], 
                [
                    0.0, 
                    4.572384048933056, 
                    0.0
                ], 
                [
                    0.0, 
                    0.0, 
                    4.572384048933056
                ]
            ], 
            "volume": 95.59344280761667, 
            "beta": 90.0, 
            "alpha": 90.0, 
            "gamma": 90.0
        }, 
        "sites": [
            {
                "label": "Te", 
                "xyz": [
                    0.0, 
                    0.0, 
                    0.0
                ], 
                "abc": [
                    0.0, 
                    0.0, 
                    0.0
                ], 
                "properties": {}, 
                "species": [
                    {
                        "occu": 1, 
                        "element": "Te"
                    }
                ]
            }, 
            {
                "label": "Ba", 
                "xyz": [
                    2.286192024466529, 
                    2.286192024466529, 
                    2.286192024466529
                ], 
                "abc": [
                    0.5000000000000002, 
                    0.5000000000000002, 
                    0.5000000000000002
                ], 
                "properties": {}, 
                "species": [
                    {
                        "occu": 1, 
                        "element": "Ba"
                    }
                ]
            }, 
            {
                "label": "N", 
                "xyz": [
                    2.286192024466529, 
                    0.0, 
                    2.286192024466529
                ], 
                "abc": [
                    0.5000000000000002, 
                    0.0, 
                    0.5000000000000002
                ], 
                "properties": {}, 
                "species": [
                    {
                        "occu": 1, 
                        "element": "N"
                    }
                ]
            }, 
            {
                "label": "N", 
                "xyz": [
                    2.286192024466529, 
                    2.286192024466529, 
                    0.0
                ], 
                "abc": [
                    0.5000000000000002, 
                    0.5000000000000002, 
                    0.0
                ], 
                "properties": {}, 
                "species": [
                    {
                        "occu": 1, 
                        "element": "N"
                    }
                ]
            }, 
            {
                "label": "N", 
                "xyz": [
                    0.0, 
                    2.286192024466529, 
                    2.286192024466529
                ], 
                "abc": [
                    0.0, 
                    0.5000000000000002, 
                    0.5000000000000002
                ], 
                "properties": {}, 
                "species": [
                    {
                        "occu": 1, 
                        "element": "N"
                    }
                ]
            }
        ], 
        "@class": "Structure", 
        "@module": "pymatgen.core.structure"
    }
}