{
    "A": "Te", 
    "gllbsc_ind-gap": 0.0, 
    "B": "Be", 
    "anion": "OFN", 
    "CB_ind": 6.872420240063908, 
    "anion_idx": 5, 
    "heat_of_formation_all": 1.42, 
    "CB_dir": 6.872420240063908, 
    "filename": "/Users/ajain/Documents/papers_proposals/2012Paper_UNCOptimization/data/rawdata/abofn/167dc3550c46fb9e595888ca06e04ff0662d282a.json", 
    "sum_magnetic_moments": -3.989033531742218e-16, 
    "VB_dir": 6.872420240063908, 
    "VB_ind": 6.872420240063908, 
    "is_direct": true, 
    "gllbsc_dir-gap": 0.0, 
    "FermiLevel": 0.317355892924, 
    "XCFunctional": "RPBE", 
    "FermiWidth": 0.0036749309468, 
    "structure": {
        "lattice": {
            "a": 3.683081006728084, 
            "c": 3.683081006728084, 
            "b": 3.683081006728084, 
            "matrix": [
                [
                    3.683081006728084, 
                    0.0, 
                    0.0
                ], 
                [
                    0.0, 
                    3.683081006728084, 
                    0.0
                ], 
                [
                    0.0, 
                    0.0, 
                    3.683081006728084
                ]
            ], 
            "volume": 49.961309504121125, 
            "beta": 90.0, 
            "alpha": 90.0, 
            "gamma": 90.0
        }, 
        "sites": [
            {
                "label": "Te", 
                "xyz": [
                    0.0, 
                    0.0, 
                    0.0
                ], 
                "abc": [
                    0.0, 
                    0.0, 
                    0.0
                ], 
                "properties": {}, 
                "species": [
                    {
                        "occu": 1, 
                        "element": "Te"
                    }
                ]
            }, 
            {
                "label": "Be", 
                "xyz": [
                    1.8783713134313231, 
                    1.841540503364042, 
                    1.841540503364042
                ], 
                "abc": [
                    0.5100000000000001, 
                    0.5, 
                    0.5
                ], 
                "properties": {}, 
                "species": [
                    {
                        "occu": 1, 
                        "element": "Be"
                    }
                ]
            }, 
            {
                "label": "F", 
                "xyz": [
                    1.841540503364042, 
                    0.0, 
                    1.841540503364042
                ], 
                "abc": [
                    0.5, 
                    0.0, 
                    0.5
                ], 
                "properties": {}, 
                "species": [
                    {
                        "occu": 1, 
                        "element": "F"
                    }
                ]
            }, 
            {
                "label": "N", 
                "xyz": [
                    1.841540503364042, 
                    1.841540503364042, 
                    0.0
                ], 
                "abc": [
                    0.5, 
                    0.5, 
                    0.0
                ], 
                "properties": {}, 
                "species": [
                    {
                        "occu": 1, 
                        "element": "N"
                    }
                ]
            }, 
            {
                "label": "O", 
                "xyz": [
                    0.0, 
                    1.841540503364042, 
                    1.841540503364042
                ], 
                "abc": [
                    0.0, 
                    0.5, 
                    0.5
                ], 
                "properties": {}, 
                "species": [
                    {
                        "occu": 1, 
                        "element": "O"
                    }
                ]
            }
        ], 
        "@class": "Structure", 
        "@module": "pymatgen.core.structure"
    }
}