{
    "A": "Te", 
    "gllbsc_ind-gap": 0.0, 
    "B": "Cr", 
    "anion": "O2N", 
    "CB_ind": 6.096041705382657, 
    "anion_idx": 1, 
    "heat_of_formation_all": 0.64, 
    "CB_dir": 6.096041705382657, 
    "filename": "/Users/ajain/Documents/papers_proposals/2012Paper_UNCOptimization/data/rawdata/abo2n/a494508835da6c0388ce9e26b130964f7b2a2578.json", 
    "sum_magnetic_moments": 2.7309498901374964, 
    "VB_dir": 6.096041705382657, 
    "VB_ind": 6.096041705382657, 
    "is_direct": true, 
    "gllbsc_dir-gap": 0.0, 
    "FermiLevel": 0.317750714173, 
    "XCFunctional": "RPBE", 
    "FermiWidth": 0.0018374654734, 
    "structure": {
        "lattice": {
            "a": 3.922599331185144, 
            "c": 3.922599331185144, 
            "b": 3.922599331185144, 
            "matrix": [
                [
                    3.922599331185144, 
                    0.0, 
                    0.0
                ], 
                [
                    0.0, 
                    3.922599331185144, 
                    0.0
                ], 
                [
                    0.0, 
                    0.0, 
                    3.922599331185144
                ]
            ], 
            "volume": 60.356194562438525, 
            "beta": 90.0, 
            "alpha": 90.0, 
            "gamma": 90.0
        }, 
        "sites": [
            {
                "label": "Te", 
                "xyz": [
                    0.5538049108400027, 
                    0.0, 
                    0.0
                ], 
                "abc": [
                    0.14118314517549269, 
                    0.0, 
                    0.0
                ], 
                "properties": {}, 
                "species": [
                    {
                        "occu": 1, 
                        "element": "Te"
                    }
                ]
            }, 
            {
                "label": "Cr", 
                "xyz": [
                    2.0467786779513863, 
                    1.961299665592572, 
                    1.961299665592572
                ], 
                "abc": [
                    0.5217914207243257, 
                    0.5, 
                    0.5
                ], 
                "properties": {}, 
                "species": [
                    {
                        "occu": 1, 
                        "element": "Cr"
                    }
                ]
            }, 
            {
                "label": "N", 
                "xyz": [
                    1.6587962185304346, 
                    0.0, 
                    1.961299665592572
                ], 
                "abc": [
                    0.42288188990978554, 
                    0.0, 
                    0.5
                ], 
                "properties": {}, 
                "species": [
                    {
                        "occu": 1, 
                        "element": "N"
                    }
                ]
            }, 
            {
                "label": "O", 
                "xyz": [
                    1.6800494964327013, 
                    1.961299665592572, 
                    0.0
                ], 
                "abc": [
                    0.42830005172236235, 
                    0.5, 
                    0.0
                ], 
                "properties": {}, 
                "species": [
                    {
                        "occu": 1, 
                        "element": "O"
                    }
                ]
            }, 
            {
                "label": "O", 
                "xyz": [
                    3.883076669217365, 
                    1.961299665592572, 
                    1.961299665592572
                ], 
                "abc": [
                    0.9899243693706953, 
                    0.5, 
                    0.5
                ], 
                "properties": {}, 
                "species": [
                    {
                        "occu": 1, 
                        "element": "O"
                    }
                ]
            }
        ], 
        "@class": "Structure", 
        "@module": "pymatgen.core.structure"
    }
}