{
    "A": "Te", 
    "gllbsc_ind-gap": 0.0, 
    "B": "Fe", 
    "anion": "ON2", 
    "CB_ind": 6.160166280738875, 
    "anion_idx": 2, 
    "heat_of_formation_all": 1.0, 
    "CB_dir": 6.160166280738875, 
    "filename": "/Users/ajain/Documents/papers_proposals/2012Paper_UNCOptimization/data/rawdata/abon2/603651b07ebdb40c6af1467a37f35eccc9ad98a8.json", 
    "sum_magnetic_moments": 2.493862187199046, 
    "VB_dir": 6.160166280738875, 
    "VB_ind": 6.160166280738875, 
    "is_direct": true, 
    "gllbsc_dir-gap": 0.0, 
    "FermiLevel": 0.32006916553, 
    "XCFunctional": "RPBE", 
    "FermiWidth": 0.0018374654734, 
    "structure": {
        "lattice": {
            "a": 3.8546214163105614, 
            "c": 3.8546214163105614, 
            "b": 3.8546214163105614, 
            "matrix": [
                [
                    3.8546214163105614, 
                    0.0, 
                    0.0
                ], 
                [
                    0.0, 
                    3.8546214163105614, 
                    0.0
                ], 
                [
                    0.0, 
                    0.0, 
                    3.8546214163105614
                ]
            ], 
            "volume": 57.272374607486405, 
            "beta": 90.0, 
            "alpha": 90.0, 
            "gamma": 90.0
        }, 
        "sites": [
            {
                "label": "Te", 
                "xyz": [
                    0.5232930933726037, 
                    0.0, 
                    0.0
                ], 
                "abc": [
                    0.13575732526113343, 
                    0.0, 
                    0.0
                ], 
                "properties": {}, 
                "species": [
                    {
                        "occu": 1, 
                        "element": "Te"
                    }
                ]
            }, 
            {
                "label": "Fe", 
                "xyz": [
                    2.003646332825709, 
                    1.9273107081552803, 
                    1.9273107081552803
                ], 
                "abc": [
                    0.5198036632981438, 
                    0.4999999999999999, 
                    0.4999999999999999
                ], 
                "properties": {}, 
                "species": [
                    {
                        "occu": 1, 
                        "element": "Fe"
                    }
                ]
            }, 
            {
                "label": "N", 
                "xyz": [
                    1.6116016610356068, 
                    8.040503595178833e-18, 
                    1.9273107081552803
                ], 
                "abc": [
                    0.41809596507097346, 
                    2.0859385985757262e-18, 
                    0.4999999999999999
                ], 
                "properties": {}, 
                "species": [
                    {
                        "occu": 1, 
                        "element": "N"
                    }
                ]
            }, 
            {
                "label": "N", 
                "xyz": [
                    1.6116016610356096, 
                    1.9273107081552803, 
                    0.0
                ], 
                "abc": [
                    0.4180959650709742, 
                    0.4999999999999999, 
                    0.0
                ], 
                "properties": {}, 
                "species": [
                    {
                        "occu": 1, 
                        "element": "N"
                    }
                ]
            }, 
            {
                "label": "O", 
                "xyz": [
                    3.763216540665839, 
                    1.9273107081552803, 
                    1.9273107081552803
                ], 
                "abc": [
                    0.9762869382559987, 
                    0.4999999999999999, 
                    0.4999999999999999
                ], 
                "properties": {}, 
                "species": [
                    {
                        "occu": 1, 
                        "element": "O"
                    }
                ]
            }
        ], 
        "@class": "Structure", 
        "@module": "pymatgen.core.structure"
    }
}