{
    "A": "Te", 
    "gllbsc_ind-gap": 0.0, 
    "B": "Mo", 
    "anion": "N3", 
    "CB_ind": 6.068034437043714, 
    "anion_idx": 3, 
    "heat_of_formation_all": 1.28, 
    "CB_dir": 6.068034437043714, 
    "filename": "/Users/ajain/Documents/papers_proposals/2012Paper_UNCOptimization/data/rawdata/abn3/b93f01361934a00b827db0c5b57514d17ad0fe5d.json", 
    "sum_magnetic_moments": -0.08164233550967154, 
    "VB_dir": 6.068034437043714, 
    "VB_ind": 6.068034437043714, 
    "is_direct": true, 
    "gllbsc_dir-gap": 0.0, 
    "FermiLevel": 0.312174587372, 
    "XCFunctional": "RPBE", 
    "FermiWidth": 0.0018374654734, 
    "structure": {
        "lattice": {
            "a": 4.050204620385406, 
            "c": 4.050204620385406, 
            "b": 4.050204620385406, 
            "matrix": [
                [
                    4.050204620385406, 
                    0.0, 
                    0.0
                ], 
                [
                    0.0, 
                    4.050204620385406, 
                    0.0
                ], 
                [
                    0.0, 
                    0.0, 
                    4.050204620385406
                ]
            ], 
            "volume": 66.44019436633788, 
            "beta": 90.0, 
            "alpha": 90.0, 
            "gamma": 90.0
        }, 
        "sites": [
            {
                "label": "Te", 
                "xyz": [
                    0.0, 
                    0.0, 
                    0.0
                ], 
                "abc": [
                    0.0, 
                    0.0, 
                    0.0
                ], 
                "properties": {}, 
                "species": [
                    {
                        "occu": 1, 
                        "element": "Te"
                    }
                ]
            }, 
            {
                "label": "Mo", 
                "xyz": [
                    2.0251023101927026, 
                    2.0251023101927026, 
                    2.0251023101927026
                ], 
                "abc": [
                    0.4999999999999999, 
                    0.4999999999999999, 
                    0.4999999999999999
                ], 
                "properties": {}, 
                "species": [
                    {
                        "occu": 1, 
                        "element": "Mo"
                    }
                ]
            }, 
            {
                "label": "N", 
                "xyz": [
                    2.0251023101927026, 
                    0.0, 
                    2.0251023101927026
                ], 
                "abc": [
                    0.4999999999999999, 
                    0.0, 
                    0.4999999999999999
                ], 
                "properties": {}, 
                "species": [
                    {
                        "occu": 1, 
                        "element": "N"
                    }
                ]
            }, 
            {
                "label": "N", 
                "xyz": [
                    2.0251023101927026, 
                    2.0251023101927026, 
                    0.0
                ], 
                "abc": [
                    0.4999999999999999, 
                    0.4999999999999999, 
                    0.0
                ], 
                "properties": {}, 
                "species": [
                    {
                        "occu": 1, 
                        "element": "N"
                    }
                ]
            }, 
            {
                "label": "N", 
                "xyz": [
                    0.0, 
                    2.0251023101927026, 
                    2.0251023101927026
                ], 
                "abc": [
                    0.0, 
                    0.4999999999999999, 
                    0.4999999999999999
                ], 
                "properties": {}, 
                "species": [
                    {
                        "occu": 1, 
                        "element": "N"
                    }
                ]
            }
        ], 
        "@class": "Structure", 
        "@module": "pymatgen.core.structure"
    }
}