{
    "A": "Te", 
    "gllbsc_ind-gap": 0.0, 
    "B": "Te", 
    "anion": "O2N", 
    "CB_ind": 6.5895204547660695, 
    "anion_idx": 1, 
    "heat_of_formation_all": 1.56, 
    "CB_dir": 6.5895204547660695, 
    "filename": "/Users/ajain/Documents/papers_proposals/2012Paper_UNCOptimization/data/rawdata/abo2n/1411eba55fc10856bf5cba5b877253403593a444.json", 
    "sum_magnetic_moments": -0.00362830971814193, 
    "VB_dir": 6.5895204547660695, 
    "VB_ind": 6.5895204547660695, 
    "is_direct": true, 
    "gllbsc_dir-gap": 0.0, 
    "FermiLevel": 0.302819451178, 
    "XCFunctional": "RPBE", 
    "FermiWidth": 0.0018374654734, 
    "structure": {
        "lattice": {
            "a": 4.178335710626711, 
            "c": 4.178335710626711, 
            "b": 4.178335710626711, 
            "matrix": [
                [
                    4.178335710626711, 
                    0.0, 
                    0.0
                ], 
                [
                    0.0, 
                    4.178335710626711, 
                    0.0
                ], 
                [
                    0.0, 
                    0.0, 
                    4.178335710626711
                ]
            ], 
            "volume": 72.94742934048593, 
            "beta": 90.0, 
            "alpha": 90.0, 
            "gamma": 90.0
        }, 
        "sites": [
            {
                "label": "Te", 
                "xyz": [
                    0.0, 
                    0.0, 
                    0.0
                ], 
                "abc": [
                    0.0, 
                    0.0, 
                    0.0
                ], 
                "properties": {}, 
                "species": [
                    {
                        "occu": 1, 
                        "element": "Te"
                    }
                ]
            }, 
            {
                "label": "Te", 
                "xyz": [
                    2.1309512124196215, 
                    2.0891678553133555, 
                    2.0891678553133555
                ], 
                "abc": [
                    0.5099999999999998, 
                    0.5, 
                    0.5
                ], 
                "properties": {}, 
                "species": [
                    {
                        "occu": 1, 
                        "element": "Te"
                    }
                ]
            }, 
            {
                "label": "N", 
                "xyz": [
                    2.0891678553133555, 
                    0.0, 
                    2.0891678553133555
                ], 
                "abc": [
                    0.5, 
                    0.0, 
                    0.5
                ], 
                "properties": {}, 
                "species": [
                    {
                        "occu": 1, 
                        "element": "N"
                    }
                ]
            }, 
            {
                "label": "O", 
                "xyz": [
                    2.0891678553133555, 
                    2.0891678553133555, 
                    0.0
                ], 
                "abc": [
                    0.5, 
                    0.5, 
                    0.0
                ], 
                "properties": {}, 
                "species": [
                    {
                        "occu": 1, 
                        "element": "O"
                    }
                ]
            }, 
            {
                "label": "O", 
                "xyz": [
                    0.0, 
                    2.0891678553133555, 
                    2.0891678553133555
                ], 
                "abc": [
                    0.0, 
                    0.5, 
                    0.5
                ], 
                "properties": {}, 
                "species": [
                    {
                        "occu": 1, 
                        "element": "O"
                    }
                ]
            }
        ], 
        "@class": "Structure", 
        "@module": "pymatgen.core.structure"
    }
}