{
    "A": "Te", 
    "gllbsc_ind-gap": 0.0, 
    "B": "W", 
    "anion": "OFN", 
    "CB_ind": 6.726064497052362, 
    "anion_idx": 5, 
    "heat_of_formation_all": 0.9, 
    "CB_dir": 6.726064497052362, 
    "filename": "/Users/ajain/Documents/papers_proposals/2012Paper_UNCOptimization/data/rawdata/abofn/30611ef0eda7d4997c1b6a11e1d0006c96af17f9.json", 
    "sum_magnetic_moments": 4.037972864689653e-13, 
    "VB_dir": 6.726064497052362, 
    "VB_ind": 6.726064497052362, 
    "is_direct": true, 
    "gllbsc_dir-gap": 0.0, 
    "FermiLevel": 0.2825167295, 
    "XCFunctional": "RPBE", 
    "FermiWidth": 0.0036749309468, 
    "structure": {
        "lattice": {
            "a": 4.147726078416688, 
            "c": 4.147726078416688, 
            "b": 4.147726078416688, 
            "matrix": [
                [
                    4.147726078416688, 
                    0.0, 
                    0.0
                ], 
                [
                    0.0, 
                    4.147726078416688, 
                    0.0
                ], 
                [
                    0.0, 
                    0.0, 
                    4.147726078416688
                ]
            ], 
            "volume": 71.35595152029254, 
            "beta": 90.0, 
            "alpha": 90.0, 
            "gamma": 90.0
        }, 
        "sites": [
            {
                "label": "Te", 
                "xyz": [
                    0.0026466286080404147, 
                    0.0, 
                    0.0
                ], 
                "abc": [
                    0.0006380914645768297, 
                    0.0, 
                    0.0
                ], 
                "properties": {}, 
                "species": [
                    {
                        "occu": 1, 
                        "element": "Te"
                    }
                ]
            }, 
            {
                "label": "W", 
                "xyz": [
                    2.094860054277772, 
                    2.0738630392083435, 
                    2.0738630392083435
                ], 
                "abc": [
                    0.5050622955017906, 
                    0.4999999999999999, 
                    0.4999999999999999
                ], 
                "properties": {}, 
                "species": [
                    {
                        "occu": 1, 
                        "element": "W"
                    }
                ]
            }, 
            {
                "label": "F", 
                "xyz": [
                    2.072342515317354, 
                    0.0, 
                    2.0738630392083435
                ], 
                "abc": [
                    0.4996334078330529, 
                    0.0, 
                    0.4999999999999999
                ], 
                "properties": {}, 
                "species": [
                    {
                        "occu": 1, 
                        "element": "F"
                    }
                ]
            }, 
            {
                "label": "N", 
                "xyz": [
                    2.0832458143255086, 
                    2.0738630392083435, 
                    0.0
                ], 
                "abc": [
                    0.5022621491727695, 
                    0.4999999999999999, 
                    0.0
                ], 
                "properties": {}, 
                "species": [
                    {
                        "occu": 1, 
                        "element": "N"
                    }
                ]
            }, 
            {
                "label": "O", 
                "xyz": [
                    0.011886158770100297, 
                    2.0738630392083435, 
                    2.0738630392083435
                ], 
                "abc": [
                    0.0028657048574040845, 
                    0.4999999999999999, 
                    0.4999999999999999
                ], 
                "properties": {}, 
                "species": [
                    {
                        "occu": 1, 
                        "element": "O"
                    }
                ]
            }
        ], 
        "@class": "Structure", 
        "@module": "pymatgen.core.structure"
    }
}