{
    "A": "Ti", 
    "gllbsc_ind-gap": 0.0, 
    "B": "Ag", 
    "anion": "O2S", 
    "CB_ind": 5.578487707907735, 
    "anion_idx": 6, 
    "heat_of_formation_all": 2.12, 
    "CB_dir": 5.578487707907735, 
    "filename": "/Users/ajain/Documents/papers_proposals/2012Paper_UNCOptimization/data/rawdata/abo2s/36e6a190a2cc9b03cb006a20d006227a2e0b714f.json", 
    "sum_magnetic_moments": -0.8953487988872584, 
    "VB_dir": 5.578487707907735, 
    "VB_ind": 5.578487707907735, 
    "is_direct": true, 
    "gllbsc_dir-gap": 0.0, 
    "FermiLevel": 0.173803635382, 
    "XCFunctional": "RPBE", 
    "FermiWidth": 0.0018374654734, 
    "structure": {
        "lattice": {
            "a": 4.348664227266679, 
            "c": 4.348664227266679, 
            "b": 4.348664227266679, 
            "matrix": [
                [
                    4.348664227266679, 
                    0.0, 
                    0.0
                ], 
                [
                    0.0, 
                    4.348664227266679, 
                    0.0
                ], 
                [
                    0.0, 
                    0.0, 
                    4.348664227266679
                ]
            ], 
            "volume": 82.23706980394655, 
            "beta": 90.0, 
            "alpha": 90.0, 
            "gamma": 90.0
        }, 
        "sites": [
            {
                "label": "Ti", 
                "xyz": [
                    0.0025146310298216137, 
                    3.0562319835737625e-18, 
                    1.4014046510972316e-18
                ], 
                "abc": [
                    0.0005782536655864476, 
                    7.027978762790649e-19, 
                    3.2226094677769003e-19
                ], 
                "properties": {}, 
                "species": [
                    {
                        "occu": 1, 
                        "element": "Ti"
                    }
                ]
            }, 
            {
                "label": "Ag", 
                "xyz": [
                    2.195593471593769, 
                    2.1743321136333393, 
                    2.1743321136333393
                ], 
                "abc": [
                    0.5048891698345249, 
                    0.5, 
                    0.5
                ], 
                "properties": {}, 
                "species": [
                    {
                        "occu": 1, 
                        "element": "Ag"
                    }
                ]
            }, 
            {
                "label": "S", 
                "xyz": [
                    2.16769314576064, 
                    9.827143263119858e-20, 
                    2.1743321136333393
                ], 
                "abc": [
                    0.4984733316885971, 
                    2.2598073223272603e-20, 
                    0.5
                ], 
                "properties": {}, 
                "species": [
                    {
                        "occu": 1, 
                        "element": "S"
                    }
                ]
            }, 
            {
                "label": "O", 
                "xyz": [
                    2.177459073035461, 
                    2.1743321136333393, 
                    0.0
                ], 
                "abc": [
                    0.5007190620472639, 
                    0.5, 
                    0.0
                ], 
                "properties": {}, 
                "species": [
                    {
                        "occu": 1, 
                        "element": "O"
                    }
                ]
            }, 
            {
                "label": "O", 
                "xyz": [
                    0.020771809000323025, 
                    2.1743321136333393, 
                    2.1743321136333393
                ], 
                "abc": [
                    0.004776595274953889, 
                    0.5, 
                    0.5
                ], 
                "properties": {}, 
                "species": [
                    {
                        "occu": 1, 
                        "element": "O"
                    }
                ]
            }
        ], 
        "@class": "Structure", 
        "@module": "pymatgen.core.structure"
    }
}