{
    "A": "Ti", 
    "gllbsc_ind-gap": 0.0, 
    "B": "Au", 
    "anion": "ON2", 
    "CB_ind": 6.022429728592949, 
    "anion_idx": 2, 
    "heat_of_formation_all": 1.86, 
    "CB_dir": 6.022429728592949, 
    "filename": "/Users/ajain/Documents/papers_proposals/2012Paper_UNCOptimization/data/rawdata/abon2/f5bc4e3fdeefe9f79837f1a770b935874fae32a5.json", 
    "sum_magnetic_moments": 0.002134323769130474, 
    "VB_dir": 6.022429728592949, 
    "VB_ind": 6.022429728592949, 
    "is_direct": true, 
    "gllbsc_dir-gap": 0.0, 
    "FermiLevel": 0.236944800989, 
    "XCFunctional": "RPBE", 
    "FermiWidth": 0.0018374654734, 
    "structure": {
        "lattice": {
            "a": 4.086429764909018, 
            "c": 4.086429764909018, 
            "b": 4.086429764909018, 
            "matrix": [
                [
                    4.086429764909018, 
                    0.0, 
                    0.0
                ], 
                [
                    0.0, 
                    4.086429764909018, 
                    0.0
                ], 
                [
                    0.0, 
                    0.0, 
                    4.086429764909018
                ]
            ], 
            "volume": 68.23891560613482, 
            "beta": 90.0, 
            "alpha": 90.0, 
            "gamma": 90.0
        }, 
        "sites": [
            {
                "label": "Ti", 
                "xyz": [
                    0.9233070669522514, 
                    0.0, 
                    0.0
                ], 
                "abc": [
                    0.22594468033706885, 
                    0.0, 
                    0.0
                ], 
                "properties": {}, 
                "species": [
                    {
                        "occu": 1, 
                        "element": "Ti"
                    }
                ]
            }, 
            {
                "label": "Au", 
                "xyz": [
                    2.0486877629239295, 
                    2.043214882454509, 
                    2.043214882454509
                ], 
                "abc": [
                    0.5013392816674392, 
                    0.5, 
                    0.5
                ], 
                "properties": {}, 
                "species": [
                    {
                        "occu": 1, 
                        "element": "Au"
                    }
                ]
            }, 
            {
                "label": "N", 
                "xyz": [
                    1.5021107362329928, 
                    1.3797608221545943e-18, 
                    2.043214882454509
                ], 
                "abc": [
                    0.3675851103894934, 
                    3.3764457032955123e-19, 
                    0.5
                ], 
                "properties": {}, 
                "species": [
                    {
                        "occu": 1, 
                        "element": "N"
                    }
                ]
            }, 
            {
                "label": "N", 
                "xyz": [
                    1.5021107362329915, 
                    2.043214882454509, 
                    0.0
                ], 
                "abc": [
                    0.3675851103894931, 
                    0.5, 
                    0.0
                ], 
                "properties": {}, 
                "species": [
                    {
                        "occu": 1, 
                        "element": "N"
                    }
                ]
            }, 
            {
                "label": "O", 
                "xyz": [
                    4.041505383552795, 
                    2.043214882454509, 
                    2.043214882454509
                ], 
                "abc": [
                    0.989006447206802, 
                    0.5, 
                    0.5
                ], 
                "properties": {}, 
                "species": [
                    {
                        "occu": 1, 
                        "element": "O"
                    }
                ]
            }
        ], 
        "@class": "Structure", 
        "@module": "pymatgen.core.structure"
    }
}