{
    "A": "Ti", 
    "gllbsc_ind-gap": 0.0, 
    "B": "Cd", 
    "anion": "OFN", 
    "CB_ind": 6.137628355470356, 
    "anion_idx": 5, 
    "heat_of_formation_all": 2.0, 
    "CB_dir": 6.137628355470356, 
    "filename": "/Users/ajain/Documents/papers_proposals/2012Paper_UNCOptimization/data/rawdata/abofn/ef3dc07a85181b4939af7a7140a0ee1efbe908c3.json", 
    "sum_magnetic_moments": 0.719674747467181, 
    "VB_dir": 6.137628355470356, 
    "VB_ind": 6.137628355470356, 
    "is_direct": true, 
    "gllbsc_dir-gap": 0.0, 
    "FermiLevel": 0.171735102566, 
    "XCFunctional": "RPBE", 
    "FermiWidth": 0.0036749309468, 
    "structure": {
        "lattice": {
            "a": 4.248788168053004, 
            "c": 4.248788168053004, 
            "b": 4.248788168053004, 
            "matrix": [
                [
                    4.248788168053004, 
                    0.0, 
                    0.0
                ], 
                [
                    0.0, 
                    4.248788168053004, 
                    0.0
                ], 
                [
                    0.0, 
                    0.0, 
                    4.248788168053004
                ]
            ], 
            "volume": 76.69997757843502, 
            "beta": 90.0, 
            "alpha": 90.0, 
            "gamma": 90.0
        }, 
        "sites": [
            {
                "label": "Ti", 
                "xyz": [
                    0.006448906150047668, 
                    0.0, 
                    0.0
                ], 
                "abc": [
                    0.0015178224696014587, 
                    0.0, 
                    0.0
                ], 
                "properties": {}, 
                "species": [
                    {
                        "occu": 1, 
                        "element": "Ti"
                    }
                ]
            }, 
            {
                "label": "Cd", 
                "xyz": [
                    2.125760627623751, 
                    2.124394084026501, 
                    2.124394084026501
                ], 
                "abc": [
                    0.5003216313789245, 
                    0.4999999999999998, 
                    0.4999999999999998
                ], 
                "properties": {}, 
                "species": [
                    {
                        "occu": 1, 
                        "element": "Cd"
                    }
                ]
            }, 
            {
                "label": "F", 
                "xyz": [
                    2.1218842208688304, 
                    0.0, 
                    2.124394084026501
                ], 
                "abc": [
                    0.49940927552553843, 
                    0.0, 
                    0.4999999999999998
                ], 
                "properties": {}, 
                "species": [
                    {
                        "occu": 1, 
                        "element": "F"
                    }
                ]
            }, 
            {
                "label": "N", 
                "xyz": [
                    2.1327291462920432, 
                    2.124394084026501, 
                    0.0
                ], 
                "abc": [
                    0.5019617504888131, 
                    0.4999999999999998, 
                    0.0
                ], 
                "properties": {}, 
                "species": [
                    {
                        "occu": 1, 
                        "element": "N"
                    }
                ]
            }, 
            {
                "label": "O", 
                "xyz": [
                    0.0026634603762215646, 
                    2.124394084026501, 
                    2.124394084026501
                ], 
                "abc": [
                    0.0006268753044099369, 
                    0.4999999999999998, 
                    0.4999999999999998
                ], 
                "properties": {}, 
                "species": [
                    {
                        "occu": 1, 
                        "element": "O"
                    }
                ]
            }
        ], 
        "@class": "Structure", 
        "@module": "pymatgen.core.structure"
    }
}