{
    "A": "Ti", 
    "gllbsc_ind-gap": 0.0, 
    "B": "La", 
    "anion": "OFN", 
    "CB_ind": 5.684879072696844, 
    "anion_idx": 5, 
    "heat_of_formation_all": 1.98, 
    "CB_dir": 5.684879072696844, 
    "filename": "/Users/ajain/Documents/papers_proposals/2012Paper_UNCOptimization/data/rawdata/abofn/320cf52305ff0cf3cc690ddb1b8e001ed7e092fb.json", 
    "sum_magnetic_moments": 1.6887891802688557, 
    "VB_dir": 5.684879072696844, 
    "VB_ind": 5.684879072696844, 
    "is_direct": true, 
    "gllbsc_dir-gap": 0.0, 
    "FermiLevel": 0.172117465182, 
    "XCFunctional": "RPBE", 
    "FermiWidth": 0.0036749309468, 
    "structure": {
        "lattice": {
            "a": 4.669446682629499, 
            "c": 4.669446682629499, 
            "b": 4.669446682629499, 
            "matrix": [
                [
                    4.669446682629499, 
                    0.0, 
                    0.0
                ], 
                [
                    0.0, 
                    4.669446682629499, 
                    0.0
                ], 
                [
                    0.0, 
                    0.0, 
                    4.669446682629499
                ]
            ], 
            "volume": 101.81136555952924, 
            "beta": 90.0, 
            "alpha": 90.0, 
            "gamma": 90.0
        }, 
        "sites": [
            {
                "label": "Ti", 
                "xyz": [
                    0.002597246202350792, 
                    0.0, 
                    0.0
                ], 
                "abc": [
                    0.0005562214067059886, 
                    0.0, 
                    0.0
                ], 
                "properties": {}, 
                "species": [
                    {
                        "occu": 1, 
                        "element": "Ti"
                    }
                ]
            }, 
            {
                "label": "La", 
                "xyz": [
                    2.356496722223495, 
                    2.3347233413147492, 
                    2.3347233413147492
                ], 
                "abc": [
                    0.5046629466805442, 
                    0.4999999999999999, 
                    0.4999999999999999
                ], 
                "properties": {}, 
                "species": [
                    {
                        "occu": 1, 
                        "element": "La"
                    }
                ]
            }, 
            {
                "label": "F", 
                "xyz": [
                    2.3329099666202766, 
                    0.0, 
                    2.3347233413147492
                ], 
                "abc": [
                    0.49961165105467015, 
                    0.0, 
                    0.4999999999999999
                ], 
                "properties": {}, 
                "species": [
                    {
                        "occu": 1, 
                        "element": "F"
                    }
                ]
            }, 
            {
                "label": "N", 
                "xyz": [
                    2.337807937005029, 
                    2.3347233413147492, 
                    0.0
                ], 
                "abc": [
                    0.500660591264861, 
                    0.4999999999999999, 
                    0.0
                ], 
                "properties": {}, 
                "species": [
                    {
                        "occu": 1, 
                        "element": "N"
                    }
                ]
            }, 
            {
                "label": "O", 
                "xyz": [
                    0.023557834478099202, 
                    2.3347233413147492, 
                    2.3347233413147492
                ], 
                "abc": [
                    0.005045101931613257, 
                    0.4999999999999999, 
                    0.4999999999999999
                ], 
                "properties": {}, 
                "species": [
                    {
                        "occu": 1, 
                        "element": "O"
                    }
                ]
            }
        ], 
        "@class": "Structure", 
        "@module": "pymatgen.core.structure"
    }
}