{
    "A": "Ti", 
    "gllbsc_ind-gap": 0.0, 
    "B": "Li", 
    "anion": "ON2", 
    "CB_ind": 5.287493880086843, 
    "anion_idx": 2, 
    "heat_of_formation_all": 2.46, 
    "CB_dir": 5.287493880086843, 
    "filename": "/Users/ajain/Documents/papers_proposals/2012Paper_UNCOptimization/data/rawdata/abon2/2b484ba720d1b8e79e9dd4f4a13825bfb2b61fdb.json", 
    "sum_magnetic_moments": 0.6675533147243247, 
    "VB_dir": 5.287493880086843, 
    "VB_ind": 5.287493880086843, 
    "is_direct": true, 
    "gllbsc_dir-gap": 0.0, 
    "FermiLevel": 0.269854957353, 
    "XCFunctional": "RPBE", 
    "FermiWidth": 0.0018374654734, 
    "structure": {
        "lattice": {
            "a": 3.499129118640299, 
            "c": 3.499129118640299, 
            "b": 3.499129118640299, 
            "matrix": [
                [
                    3.499129118640299, 
                    0.0, 
                    0.0
                ], 
                [
                    0.0, 
                    3.499129118640299, 
                    0.0
                ], 
                [
                    0.0, 
                    0.0, 
                    3.499129118640299
                ]
            ], 
            "volume": 42.843003072931076, 
            "beta": 90.0, 
            "alpha": 90.0, 
            "gamma": 90.0
        }, 
        "sites": [
            {
                "label": "Ti", 
                "xyz": [
                    0.0015393011481193123, 
                    1.5248950359056447e-18, 
                    0.0
                ], 
                "abc": [
                    0.00043990978781527736, 
                    4.357927313348735e-19, 
                    0.0
                ], 
                "properties": {}, 
                "species": [
                    {
                        "occu": 1, 
                        "element": "Ti"
                    }
                ]
            }, 
            {
                "label": "Li", 
                "xyz": [
                    1.770930938375789, 
                    1.7495645593201492, 
                    1.7495645593201492
                ], 
                "abc": [
                    0.5061061990944599, 
                    0.49999999999999994, 
                    0.49999999999999994
                ], 
                "properties": {}, 
                "species": [
                    {
                        "occu": 1, 
                        "element": "Li"
                    }
                ]
            }, 
            {
                "label": "N", 
                "xyz": [
                    1.7476119827443846, 
                    2.8735708710228956e-35, 
                    1.7495645593201492
                ], 
                "abc": [
                    0.4994419821305355, 
                    8.21224588631218e-36, 
                    0.49999999999999994
                ], 
                "properties": {}, 
                "species": [
                    {
                        "occu": 1, 
                        "element": "N"
                    }
                ]
            }, 
            {
                "label": "N", 
                "xyz": [
                    1.7476119827443846, 
                    1.7495645593201492, 
                    0.0
                ], 
                "abc": [
                    0.4994419821305355, 
                    0.49999999999999994, 
                    0.0
                ], 
                "properties": {}, 
                "species": [
                    {
                        "occu": 1, 
                        "element": "N"
                    }
                ]
            }, 
            {
                "label": "O", 
                "xyz": [
                    0.015035173590532806, 
                    1.7495645593201492, 
                    1.7495645593201492
                ], 
                "abc": [
                    0.004296833034951055, 
                    0.49999999999999994, 
                    0.49999999999999994
                ], 
                "properties": {}, 
                "species": [
                    {
                        "occu": 1, 
                        "element": "O"
                    }
                ]
            }
        ], 
        "@class": "Structure", 
        "@module": "pymatgen.core.structure"
    }
}