{
    "A": "Ti", 
    "gllbsc_ind-gap": 0.0, 
    "B": "Li", 
    "anion": "O3", 
    "CB_ind": 5.362336997458943, 
    "anion_idx": 0, 
    "heat_of_formation_all": 1.18, 
    "CB_dir": 5.362336997458943, 
    "filename": "/Users/ajain/Documents/papers_proposals/2012Paper_UNCOptimization/data/rawdata/abo3/d970513f5d6ceb29df7e45872a04cd1f289fe455.json", 
    "sum_magnetic_moments": 0.9998798828825972, 
    "VB_dir": 5.362336997458943, 
    "VB_ind": 5.362336997458943, 
    "is_direct": true, 
    "gllbsc_dir-gap": 0.0, 
    "FermiLevel": 0.180916894907, 
    "XCFunctional": "RPBE", 
    "FermiWidth": 0.0018374654734, 
    "structure": {
        "lattice": {
            "a": 3.6245719085631336, 
            "c": 3.6245719085631336, 
            "b": 3.6245719085631336, 
            "matrix": [
                [
                    3.6245719085631336, 
                    0.0, 
                    0.0
                ], 
                [
                    0.0, 
                    3.6245719085631336, 
                    0.0
                ], 
                [
                    0.0, 
                    0.0, 
                    3.6245719085631336
                ]
            ], 
            "volume": 47.617891450786104, 
            "beta": 90.0, 
            "alpha": 90.0, 
            "gamma": 90.0
        }, 
        "sites": [
            {
                "label": "Ti", 
                "xyz": [
                    1.9910077388577754, 
                    2.4294074701766485e-12, 
                    3.6245719085630035
                ], 
                "abc": [
                    0.5493083842960804, 
                    6.702605249566489e-13, 
                    0.9999999999999641
                ], 
                "properties": {}, 
                "species": [
                    {
                        "occu": 1, 
                        "element": "Ti"
                    }
                ]
            }, 
            {
                "label": "Li", 
                "xyz": [
                    0.9341809864302774, 
                    1.8122859542815666, 
                    1.8122859542815666
                ], 
                "abc": [
                    0.25773553677421973, 
                    0.49999999999999994, 
                    0.49999999999999994
                ], 
                "properties": {}, 
                "species": [
                    {
                        "occu": 1, 
                        "element": "Li"
                    }
                ]
            }, 
            {
                "label": "O", 
                "xyz": [
                    1.096386209823072, 
                    3.6245719085631305, 
                    1.8122859542815666
                ], 
                "abc": [
                    0.3024870901947992, 
                    0.9999999999999991, 
                    0.49999999999999994
                ], 
                "properties": {}, 
                "species": [
                    {
                        "occu": 1, 
                        "element": "O"
                    }
                ]
            }, 
            {
                "label": "O", 
                "xyz": [
                    1.0963862098231052, 
                    1.8122859542815666, 
                    7.591775041905557e-16
                ], 
                "abc": [
                    0.30248709019480835, 
                    0.49999999999999994, 
                    2.0945301220179454e-16
                ], 
                "properties": {}, 
                "species": [
                    {
                        "occu": 1, 
                        "element": "O"
                    }
                ]
            }, 
            {
                "label": "O", 
                "xyz": [
                    2.8001466963031496, 
                    1.8122859542815666, 
                    1.8122859542815666
                ], 
                "abc": [
                    0.772545494183117, 
                    0.49999999999999994, 
                    0.49999999999999994
                ], 
                "properties": {}, 
                "species": [
                    {
                        "occu": 1, 
                        "element": "O"
                    }
                ]
            }
        ], 
        "@class": "Structure", 
        "@module": "pymatgen.core.structure"
    }
}