{
    "A": "Ti", 
    "gllbsc_ind-gap": 0.0, 
    "B": "Mo", 
    "anion": "O2S", 
    "CB_ind": 5.435666558495172, 
    "anion_idx": 6, 
    "heat_of_formation_all": 0.98, 
    "CB_dir": 5.435666558495172, 
    "filename": "/Users/ajain/Documents/papers_proposals/2012Paper_UNCOptimization/data/rawdata/abo2s/57058bc7919790801048b7cb149e1b2766753090.json", 
    "sum_magnetic_moments": -0.5528460642306674, 
    "VB_dir": 5.435666558495172, 
    "VB_ind": 5.435666558495172, 
    "is_direct": true, 
    "gllbsc_dir-gap": 0.0, 
    "FermiLevel": 0.255801790979, 
    "XCFunctional": "RPBE", 
    "FermiWidth": 0.0018374654734, 
    "structure": {
        "lattice": {
            "a": 4.271254165282124, 
            "c": 4.271254165282124, 
            "b": 4.271254165282124, 
            "matrix": [
                [
                    4.271254165282124, 
                    0.0, 
                    0.0
                ], 
                [
                    0.0, 
                    4.271254165282124, 
                    0.0
                ], 
                [
                    0.0, 
                    0.0, 
                    4.271254165282124
                ]
            ], 
            "volume": 77.92310436173044, 
            "beta": 90.0, 
            "alpha": 90.0, 
            "gamma": 90.0
        }, 
        "sites": [
            {
                "label": "Ti", 
                "xyz": [
                    3.190379680044776, 
                    2.7643963885129174e-16, 
                    1.5760912901410762e-15
                ], 
                "abc": [
                    0.7469421290769864, 
                    6.472095271179734e-17, 
                    3.6899964955304235e-16
                ], 
                "properties": {}, 
                "species": [
                    {
                        "occu": 1, 
                        "element": "Ti"
                    }
                ]
            }, 
            {
                "label": "Mo", 
                "xyz": [
                    3.1629332354162174, 
                    2.135627082641062, 
                    2.135627082641062
                ], 
                "abc": [
                    0.7405162776604047, 
                    0.5, 
                    0.5
                ], 
                "properties": {}, 
                "species": [
                    {
                        "occu": 1, 
                        "element": "Mo"
                    }
                ]
            }, 
            {
                "label": "S", 
                "xyz": [
                    2.090825685958404, 
                    1.0095597958865002e-16, 
                    2.135627082641062
                ], 
                "abc": [
                    0.4895109504260328, 
                    2.3636144252254234e-17, 
                    0.5
                ], 
                "properties": {}, 
                "species": [
                    {
                        "occu": 1, 
                        "element": "S"
                    }
                ]
            }, 
            {
                "label": "O", 
                "xyz": [
                    3.2620211827989394, 
                    2.135627082641062, 
                    0.0
                ], 
                "abc": [
                    0.7637150721007203, 
                    0.5, 
                    0.0
                ], 
                "properties": {}, 
                "species": [
                    {
                        "occu": 1, 
                        "element": "O"
                    }
                ]
            }, 
            {
                "label": "O", 
                "xyz": [
                    0.787006691432793, 
                    2.135627082641062, 
                    2.135627082641062
                ], 
                "abc": [
                    0.184256581551571, 
                    0.5, 
                    0.5
                ], 
                "properties": {}, 
                "species": [
                    {
                        "occu": 1, 
                        "element": "O"
                    }
                ]
            }
        ], 
        "@class": "Structure", 
        "@module": "pymatgen.core.structure"
    }
}