{
    "A": "Ti", 
    "gllbsc_ind-gap": 0.0, 
    "B": "Ni", 
    "anion": "O2N", 
    "CB_ind": 5.744857055415599, 
    "anion_idx": 1, 
    "heat_of_formation_all": 1.12, 
    "CB_dir": 5.744857055415599, 
    "filename": "/Users/ajain/Documents/papers_proposals/2012Paper_UNCOptimization/data/rawdata/abo2n/ae45218b0abe8f68b8c9ddd7dafb07a1098e6d66.json", 
    "sum_magnetic_moments": 0.15951488070093237, 
    "VB_dir": 5.744857055415599, 
    "VB_ind": 5.744857055415599, 
    "is_direct": true, 
    "gllbsc_dir-gap": 0.0, 
    "FermiLevel": 0.277942378264, 
    "XCFunctional": "RPBE", 
    "FermiWidth": 0.0018374654734, 
    "structure": {
        "lattice": {
            "a": 3.74197181385005, 
            "c": 3.74197181385005, 
            "b": 3.74197181385005, 
            "matrix": [
                [
                    3.74197181385005, 
                    0.0, 
                    0.0
                ], 
                [
                    0.0, 
                    3.74197181385005, 
                    0.0
                ], 
                [
                    0.0, 
                    0.0, 
                    3.74197181385005
                ]
            ], 
            "volume": 52.396410461812806, 
            "beta": 90.0, 
            "alpha": 90.0, 
            "gamma": 90.0
        }, 
        "sites": [
            {
                "label": "Ti", 
                "xyz": [
                    0.6948347957435849, 
                    0.0, 
                    0.0
                ], 
                "abc": [
                    0.1856868063975825, 
                    0.0, 
                    0.0
                ], 
                "properties": {}, 
                "species": [
                    {
                        "occu": 1, 
                        "element": "Ti"
                    }
                ]
            }, 
            {
                "label": "Ni", 
                "xyz": [
                    1.824076282041201, 
                    1.8709859069250254, 
                    1.8709859069250254
                ], 
                "abc": [
                    0.4874639288542477, 
                    0.5000000000000001, 
                    0.5000000000000001
                ], 
                "properties": {}, 
                "species": [
                    {
                        "occu": 1, 
                        "element": "Ni"
                    }
                ]
            }, 
            {
                "label": "N", 
                "xyz": [
                    1.6011354889567222, 
                    0.0, 
                    1.8709859069250254
                ], 
                "abc": [
                    0.4278855022452298, 
                    0.0, 
                    0.5000000000000001
                ], 
                "properties": {}, 
                "species": [
                    {
                        "occu": 1, 
                        "element": "N"
                    }
                ]
            }, 
            {
                "label": "O", 
                "xyz": [
                    1.600042318404606, 
                    1.8709859069250254, 
                    4.335921066826229e-19
                ], 
                "abc": [
                    0.4275933646753876, 
                    0.5000000000000001, 
                    1.158726276552328e-19
                ], 
                "properties": {}, 
                "species": [
                    {
                        "occu": 1, 
                        "element": "O"
                    }
                ]
            }, 
            {
                "label": "O", 
                "xyz": [
                    3.652061844354346, 
                    1.8709859069250254, 
                    1.8709859069250254
                ], 
                "abc": [
                    0.9759725690175103, 
                    0.5000000000000001, 
                    0.5000000000000001
                ], 
                "properties": {}, 
                "species": [
                    {
                        "occu": 1, 
                        "element": "O"
                    }
                ]
            }
        ], 
        "@class": "Structure", 
        "@module": "pymatgen.core.structure"
    }
}