{
    "A": "Ti", 
    "gllbsc_ind-gap": 0.0, 
    "B": "Re", 
    "anion": "O2F", 
    "CB_ind": 6.058998289905619, 
    "anion_idx": 4, 
    "heat_of_formation_all": 1.5, 
    "CB_dir": 6.058998289905619, 
    "filename": "/Users/ajain/Documents/papers_proposals/2012Paper_UNCOptimization/data/rawdata/abo2f/f09ec0c609217aaf70d464802cbd5d424d4e496b.json", 
    "sum_magnetic_moments": 3.296683821347574, 
    "VB_dir": 6.058998289905619, 
    "VB_ind": 6.058998289905619, 
    "is_direct": true, 
    "gllbsc_dir-gap": 0.0, 
    "FermiLevel": 0.311964273098, 
    "XCFunctional": "RPBE", 
    "FermiWidth": 0.0036749309468, 
    "structure": {
        "lattice": {
            "a": 4.034872478314103, 
            "c": 4.034872478314103, 
            "b": 4.034872478314103, 
            "matrix": [
                [
                    4.034872478314103, 
                    0.0, 
                    0.0
                ], 
                [
                    0.0, 
                    4.034872478314103, 
                    0.0
                ], 
                [
                    0.0, 
                    0.0, 
                    4.034872478314103
                ]
            ], 
            "volume": 65.68851444406538, 
            "beta": 90.0, 
            "alpha": 90.0, 
            "gamma": 90.0
        }, 
        "sites": [
            {
                "label": "Ti", 
                "xyz": [
                    0.000497490790878109, 
                    0.0, 
                    0.0
                ], 
                "abc": [
                    0.00012329777299082732, 
                    0.0, 
                    0.0
                ], 
                "properties": {}, 
                "species": [
                    {
                        "occu": 1, 
                        "element": "Ti"
                    }
                ]
            }, 
            {
                "label": "Re", 
                "xyz": [
                    2.035977150307941, 
                    2.0174362391570524, 
                    2.0174362391570524
                ], 
                "abc": [
                    0.5045951665760293, 
                    0.5000000000000002, 
                    0.5000000000000002
                ], 
                "properties": {}, 
                "species": [
                    {
                        "occu": 1, 
                        "element": "Re"
                    }
                ]
            }, 
            {
                "label": "F", 
                "xyz": [
                    2.016383609681016, 
                    0.0, 
                    2.0174362391570524
                ], 
                "abc": [
                    0.4997391170398339, 
                    0.0, 
                    0.5000000000000002
                ], 
                "properties": {}, 
                "species": [
                    {
                        "occu": 1, 
                        "element": "F"
                    }
                ]
            }, 
            {
                "label": "O", 
                "xyz": [
                    2.0201075710477565, 
                    2.0174362391570524, 
                    0.0
                ], 
                "abc": [
                    0.500662061045315, 
                    0.5000000000000002, 
                    0.0
                ], 
                "properties": {}, 
                "species": [
                    {
                        "occu": 1, 
                        "element": "O"
                    }
                ]
            }, 
            {
                "label": "O", 
                "xyz": [
                    0.020012374837527235, 
                    2.0174362391570524, 
                    2.0174362391570524
                ], 
                "abc": [
                    0.00495985311681747, 
                    0.5000000000000002, 
                    0.5000000000000002
                ], 
                "properties": {}, 
                "species": [
                    {
                        "occu": 1, 
                        "element": "O"
                    }
                ]
            }
        ], 
        "@class": "Structure", 
        "@module": "pymatgen.core.structure"
    }
}