{
    "A": "Ti", 
    "gllbsc_ind-gap": 0.0, 
    "B": "Re", 
    "anion": "ON2", 
    "CB_ind": 5.599708929150701, 
    "anion_idx": 2, 
    "heat_of_formation_all": 0.68, 
    "CB_dir": 5.599708929150701, 
    "filename": "/Users/ajain/Documents/papers_proposals/2012Paper_UNCOptimization/data/rawdata/abon2/1a609b251b7cde7ad6d52b9b2848349c9310fce1.json", 
    "sum_magnetic_moments": 0.7665572645528761, 
    "VB_dir": 5.599708929150701, 
    "VB_ind": 5.599708929150701, 
    "is_direct": true, 
    "gllbsc_dir-gap": 0.0, 
    "FermiLevel": 0.320680964275, 
    "XCFunctional": "RPBE", 
    "FermiWidth": 0.0018374654734, 
    "structure": {
        "lattice": {
            "a": 3.9412750068555047, 
            "c": 3.9412750068555047, 
            "b": 3.9412750068555047, 
            "matrix": [
                [
                    3.9412750068555047, 
                    0.0, 
                    0.0
                ], 
                [
                    0.0, 
                    3.9412750068555047, 
                    0.0
                ], 
                [
                    0.0, 
                    0.0, 
                    3.9412750068555047
                ]
            ], 
            "volume": 61.22238130643318, 
            "beta": 90.0, 
            "alpha": 90.0, 
            "gamma": 90.0
        }, 
        "sites": [
            {
                "label": "Ti", 
                "xyz": [
                    2.719340631336319, 
                    0.0, 
                    0.0
                ], 
                "abc": [
                    0.689964700916902, 
                    0.0, 
                    0.0
                ], 
                "properties": {}, 
                "species": [
                    {
                        "occu": 1, 
                        "element": "Ti"
                    }
                ]
            }, 
            {
                "label": "Re", 
                "xyz": [
                    2.035762840182756, 
                    1.9706375034277528, 
                    1.9706375034277528
                ], 
                "abc": [
                    0.5165239260497488, 
                    0.5000000000000001, 
                    0.5000000000000001
                ], 
                "properties": {}, 
                "species": [
                    {
                        "occu": 1, 
                        "element": "Re"
                    }
                ]
            }, 
            {
                "label": "N", 
                "xyz": [
                    2.0443221547504806, 
                    0.0, 
                    1.9706375034277528
                ], 
                "abc": [
                    0.5186956381360246, 
                    0.0, 
                    0.5000000000000001
                ], 
                "properties": {}, 
                "species": [
                    {
                        "occu": 1, 
                        "element": "N"
                    }
                ]
            }, 
            {
                "label": "N", 
                "xyz": [
                    2.0443221547503208, 
                    1.9706375034277528, 
                    0.0
                ], 
                "abc": [
                    0.518695638135984, 
                    0.5000000000000001, 
                    0.0
                ], 
                "properties": {}, 
                "species": [
                    {
                        "occu": 1, 
                        "element": "N"
                    }
                ]
            }, 
            {
                "label": "O", 
                "xyz": [
                    0.09578070184225373, 
                    1.9706375034277528, 
                    1.9706375034277528
                ], 
                "abc": [
                    0.02430195854784341, 
                    0.5000000000000001, 
                    0.5000000000000001
                ], 
                "properties": {}, 
                "species": [
                    {
                        "occu": 1, 
                        "element": "O"
                    }
                ]
            }
        ], 
        "@class": "Structure", 
        "@module": "pymatgen.core.structure"
    }
}