{
    "A": "Ti", 
    "gllbsc_ind-gap": 0.0, 
    "B": "Rh", 
    "anion": "O2F", 
    "CB_ind": 6.144204280049716, 
    "anion_idx": 4, 
    "heat_of_formation_all": 1.54, 
    "CB_dir": 6.144204280049716, 
    "filename": "/Users/ajain/Documents/papers_proposals/2012Paper_UNCOptimization/data/rawdata/abo2f/c53275e5d5f7165df020d752f9f19f6ed895de2a.json", 
    "sum_magnetic_moments": 1.2149086075127682, 
    "VB_dir": 6.144204280049716, 
    "VB_ind": 6.144204280049716, 
    "is_direct": true, 
    "gllbsc_dir-gap": 0.0, 
    "FermiLevel": 0.218322558559, 
    "XCFunctional": "RPBE", 
    "FermiWidth": 0.0036749309468, 
    "structure": {
        "lattice": {
            "a": 4.072498060546967, 
            "c": 4.072498060546967, 
            "b": 4.072498060546967, 
            "matrix": [
                [
                    4.072498060546967, 
                    0.0, 
                    0.0
                ], 
                [
                    0.0, 
                    4.072498060546967, 
                    0.0
                ], 
                [
                    0.0, 
                    0.0, 
                    4.072498060546967
                ]
            ], 
            "volume": 67.54335957919434, 
            "beta": 90.0, 
            "alpha": 90.0, 
            "gamma": 90.0
        }, 
        "sites": [
            {
                "label": "Ti", 
                "xyz": [
                    0.0015228625734965853, 
                    0.0, 
                    0.0
                ], 
                "abc": [
                    0.00037393819490046695, 
                    0.0, 
                    0.0
                ], 
                "properties": {}, 
                "species": [
                    {
                        "occu": 1, 
                        "element": "Ti"
                    }
                ]
            }, 
            {
                "label": "Rh", 
                "xyz": [
                    2.0556321457083304, 
                    2.036249030273484, 
                    2.036249030273484
                ], 
                "abc": [
                    0.5047595149578152, 
                    0.5000000000000001, 
                    0.5000000000000001
                ], 
                "properties": {}, 
                "species": [
                    {
                        "occu": 1, 
                        "element": "Rh"
                    }
                ]
            }, 
            {
                "label": "F", 
                "xyz": [
                    2.0360646381941847, 
                    0.0, 
                    2.036249030273484
                ], 
                "abc": [
                    0.4999547226108994, 
                    0.0, 
                    0.5000000000000001
                ], 
                "properties": {}, 
                "species": [
                    {
                        "occu": 1, 
                        "element": "F"
                    }
                ]
            }, 
            {
                "label": "O", 
                "xyz": [
                    2.0337451646967035, 
                    2.036249030273484, 
                    0.0
                ], 
                "abc": [
                    0.49938517697502754, 
                    0.5000000000000001, 
                    0.0
                ], 
                "properties": {}, 
                "species": [
                    {
                        "occu": 1, 
                        "element": "O"
                    }
                ]
            }, 
            {
                "label": "O", 
                "xyz": [
                    0.019506647202492837, 
                    2.036249030273484, 
                    2.036249030273484
                ], 
                "abc": [
                    0.004789848125765086, 
                    0.5000000000000001, 
                    0.5000000000000001
                ], 
                "properties": {}, 
                "species": [
                    {
                        "occu": 1, 
                        "element": "O"
                    }
                ]
            }
        ], 
        "@class": "Structure", 
        "@module": "pymatgen.core.structure"
    }
}