{
    "A": "Tl", 
    "gllbsc_ind-gap": 0.0, 
    "B": "Be", 
    "anion": "O3", 
    "CB_ind": 6.4868024283444345, 
    "anion_idx": 0, 
    "heat_of_formation_all": 1.4, 
    "CB_dir": 6.4868024283444345, 
    "filename": "/Users/ajain/Documents/papers_proposals/2012Paper_UNCOptimization/data/rawdata/abo3/309ae90b924bcc9ad95bce1516ed713a9bb27edd.json", 
    "sum_magnetic_moments": 1.1470314745531152, 
    "VB_dir": 6.4868024283444345, 
    "VB_ind": 6.4868024283444345, 
    "is_direct": true, 
    "gllbsc_dir-gap": 0.0, 
    "FermiLevel": 0.253130330453, 
    "XCFunctional": "RPBE", 
    "FermiWidth": 0.0018374654734, 
    "structure": {
        "lattice": {
            "a": 3.6507193292851143, 
            "c": 3.6507193292851143, 
            "b": 3.6507193292851143, 
            "matrix": [
                [
                    3.6507193292851143, 
                    0.0, 
                    0.0
                ], 
                [
                    0.0, 
                    3.6507193292851143, 
                    0.0
                ], 
                [
                    0.0, 
                    0.0, 
                    3.6507193292851143
                ]
            ], 
            "volume": 48.6558804594841, 
            "beta": 90.0, 
            "alpha": 90.0, 
            "gamma": 90.0
        }, 
        "sites": [
            {
                "label": "Tl", 
                "xyz": [
                    0.01993276756122904, 
                    0.0, 
                    0.0
                ], 
                "abc": [
                    0.0054599561794119855, 
                    0.0, 
                    0.0
                ], 
                "properties": {}, 
                "species": [
                    {
                        "occu": 1, 
                        "element": "Tl"
                    }
                ]
            }, 
            {
                "label": "Be", 
                "xyz": [
                    1.832703863700882, 
                    1.825359664642557, 
                    1.825359664642557
                ], 
                "abc": [
                    0.5020117128696834, 
                    0.49999999999999994, 
                    0.49999999999999994
                ], 
                "properties": {}, 
                "species": [
                    {
                        "occu": 1, 
                        "element": "Be"
                    }
                ]
            }, 
            {
                "label": "O", 
                "xyz": [
                    1.8305784137380359, 
                    4.800446057579289e-21, 
                    1.825359664642557
                ], 
                "abc": [
                    0.5014295125493804, 
                    1.3149315585756944e-21, 
                    0.49999999999999994
                ], 
                "properties": {}, 
                "species": [
                    {
                        "occu": 1, 
                        "element": "O"
                    }
                ]
            }, 
            {
                "label": "O", 
                "xyz": [
                    1.8305784137380359, 
                    1.825359664642557, 
                    0.0
                ], 
                "abc": [
                    0.5014295125493804, 
                    0.49999999999999994, 
                    0.0
                ], 
                "properties": {}, 
                "species": [
                    {
                        "occu": 1, 
                        "element": "O"
                    }
                ]
            }, 
            {
                "label": "O", 
                "xyz": [
                    0.004674041727348521, 
                    1.825359664642557, 
                    1.825359664642557
                ], 
                "abc": [
                    0.0012803070589005796, 
                    0.49999999999999994, 
                    0.49999999999999994
                ], 
                "properties": {}, 
                "species": [
                    {
                        "occu": 1, 
                        "element": "O"
                    }
                ]
            }
        ], 
        "@class": "Structure", 
        "@module": "pymatgen.core.structure"
    }
}