{
    "A": "Tl", 
    "gllbsc_ind-gap": 0.0, 
    "B": "Co", 
    "anion": "O2N", 
    "CB_ind": 6.275278902715404, 
    "anion_idx": 1, 
    "heat_of_formation_all": 1.24, 
    "CB_dir": 6.275278902715404, 
    "filename": "/Users/ajain/Documents/papers_proposals/2012Paper_UNCOptimization/data/rawdata/abo2n/fefc61f606c203e9cbfe4c28dd217027c79bd212.json", 
    "sum_magnetic_moments": 2.4705361161461283, 
    "VB_dir": 6.275278902715404, 
    "VB_ind": 6.275278902715404, 
    "is_direct": true, 
    "gllbsc_dir-gap": 0.0, 
    "FermiLevel": 0.274044736396, 
    "XCFunctional": "RPBE", 
    "FermiWidth": 0.0018374654734, 
    "structure": {
        "lattice": {
            "a": 3.832505752769478, 
            "c": 3.832505752769478, 
            "b": 3.832505752769478, 
            "matrix": [
                [
                    3.832505752769478, 
                    0.0, 
                    0.0
                ], 
                [
                    0.0, 
                    3.832505752769478, 
                    0.0
                ], 
                [
                    0.0, 
                    0.0, 
                    3.832505752769478
                ]
            ], 
            "volume": 56.29222906951056, 
            "beta": 90.0, 
            "alpha": 90.0, 
            "gamma": 90.0
        }, 
        "sites": [
            {
                "label": "Tl", 
                "xyz": [
                    0.006551240833117045, 
                    0.0, 
                    0.0
                ], 
                "abc": [
                    0.0017093883886235347, 
                    0.0, 
                    0.0
                ], 
                "properties": {}, 
                "species": [
                    {
                        "occu": 1, 
                        "element": "Tl"
                    }
                ]
            }, 
            {
                "label": "Co", 
                "xyz": [
                    1.9341113798861431, 
                    1.9162528763847384, 
                    1.9162528763847384
                ], 
                "abc": [
                    0.5046597460391283, 
                    0.49999999999999983, 
                    0.49999999999999983
                ], 
                "properties": {}, 
                "species": [
                    {
                        "occu": 1, 
                        "element": "Co"
                    }
                ]
            }, 
            {
                "label": "N", 
                "xyz": [
                    1.9160403725401423, 
                    0.0, 
                    1.9162528763847384
                ], 
                "abc": [
                    0.49994455224380463, 
                    0.0, 
                    0.49999999999999983
                ], 
                "properties": {}, 
                "species": [
                    {
                        "occu": 1, 
                        "element": "N"
                    }
                ]
            }, 
            {
                "label": "O", 
                "xyz": [
                    1.914219914606784, 
                    1.9162528763847384, 
                    0.0
                ], 
                "abc": [
                    0.49946954762520945, 
                    0.49999999999999983, 
                    0.0
                ], 
                "properties": {}, 
                "species": [
                    {
                        "occu": 1, 
                        "element": "O"
                    }
                ]
            }, 
            {
                "label": "O", 
                "xyz": [
                    0.015558827060981606, 
                    1.9162528763847384, 
                    1.9162528763847384
                ], 
                "abc": [
                    0.0040597009018808, 
                    0.49999999999999983, 
                    0.49999999999999983
                ], 
                "properties": {}, 
                "species": [
                    {
                        "occu": 1, 
                        "element": "O"
                    }
                ]
            }
        ], 
        "@class": "Structure", 
        "@module": "pymatgen.core.structure"
    }
}