{
    "A": "Tl", 
    "gllbsc_ind-gap": 0.0, 
    "B": "Hg", 
    "anion": "O2F", 
    "CB_ind": 7.00901042389843, 
    "anion_idx": 4, 
    "heat_of_formation_all": 1.08, 
    "CB_dir": 7.00901042389843, 
    "filename": "/Users/ajain/Documents/papers_proposals/2012Paper_UNCOptimization/data/rawdata/abo2f/ca1704d7231f13ded39cd512886027abab1d67a0.json", 
    "sum_magnetic_moments": 0.0, 
    "VB_dir": 7.00901042389843, 
    "VB_ind": 7.00901042389843, 
    "is_direct": true, 
    "gllbsc_dir-gap": 0.0, 
    "FermiLevel": 0.117118515542, 
    "XCFunctional": "RPBE", 
    "FermiWidth": 0.0036749309468, 
    "structure": {
        "lattice": {
            "a": 4.414669270840221, 
            "c": 4.414669270840221, 
            "b": 4.414669270840221, 
            "matrix": [
                [
                    4.414669270840221, 
                    0.0, 
                    0.0
                ], 
                [
                    0.0, 
                    4.414669270840221, 
                    0.0
                ], 
                [
                    0.0, 
                    0.0, 
                    4.414669270840221
                ]
            ], 
            "volume": 86.03883488213607, 
            "beta": 90.0, 
            "alpha": 90.0, 
            "gamma": 90.0
        }, 
        "sites": [
            {
                "label": "Tl", 
                "xyz": [
                    0.002038296063553442, 
                    0.0, 
                    0.0
                ], 
                "abc": [
                    0.00046170979942184966, 
                    0.0, 
                    0.0
                ], 
                "properties": {}, 
                "species": [
                    {
                        "occu": 1, 
                        "element": "Tl"
                    }
                ]
            }, 
            {
                "label": "Hg", 
                "xyz": [
                    2.2288239045241136, 
                    2.207334635420111, 
                    2.207334635420111
                ], 
                "abc": [
                    0.5048676962611772, 
                    0.5000000000000001, 
                    0.5000000000000001
                ], 
                "properties": {}, 
                "species": [
                    {
                        "occu": 1, 
                        "element": "Hg"
                    }
                ]
            }, 
            {
                "label": "F", 
                "xyz": [
                    2.2062013276387584, 
                    0.0, 
                    2.207334635420111
                ], 
                "abc": [
                    0.49974328591524675, 
                    0.0, 
                    0.5000000000000001
                ], 
                "properties": {}, 
                "species": [
                    {
                        "occu": 1, 
                        "element": "F"
                    }
                ]
            }, 
            {
                "label": "O", 
                "xyz": [
                    2.207932670380733, 
                    2.207334635420111, 
                    0.0
                ], 
                "abc": [
                    0.500135465404979, 
                    0.5000000000000001, 
                    0.0
                ], 
                "properties": {}, 
                "species": [
                    {
                        "occu": 1, 
                        "element": "O"
                    }
                ]
            }, 
            {
                "label": "O", 
                "xyz": [
                    0.020230329035180985, 
                    2.207334635420111, 
                    2.207334635420111
                ], 
                "abc": [
                    0.004582524260380359, 
                    0.5000000000000001, 
                    0.5000000000000001
                ], 
                "properties": {}, 
                "species": [
                    {
                        "occu": 1, 
                        "element": "O"
                    }
                ]
            }
        ], 
        "@class": "Structure", 
        "@module": "pymatgen.core.structure"
    }
}