{
    "A": "Tl", 
    "gllbsc_ind-gap": 0.0, 
    "B": "Li", 
    "anion": "O2F", 
    "CB_ind": 6.278210954933802, 
    "anion_idx": 4, 
    "heat_of_formation_all": 1.4, 
    "CB_dir": 6.278210954933802, 
    "filename": "/Users/ajain/Documents/papers_proposals/2012Paper_UNCOptimization/data/rawdata/abo2f/e89993a0ad02a8bf0ddcab61fe7368bd979a5463.json", 
    "sum_magnetic_moments": -1.0208211296353569, 
    "VB_dir": 6.278210954933802, 
    "VB_ind": 6.278210954933802, 
    "is_direct": true, 
    "gllbsc_dir-gap": 0.0, 
    "FermiLevel": 0.127120325934, 
    "XCFunctional": "RPBE", 
    "FermiWidth": 0.0036749309468, 
    "structure": {
        "lattice": {
            "a": 3.9045062150029044, 
            "c": 3.9045062150029044, 
            "b": 3.9045062150029044, 
            "matrix": [
                [
                    3.9045062150029044, 
                    0.0, 
                    0.0
                ], 
                [
                    0.0, 
                    3.9045062150029044, 
                    0.0
                ], 
                [
                    0.0, 
                    0.0, 
                    3.9045062150029044
                ]
            ], 
            "volume": 59.52485626197735, 
            "beta": 90.0, 
            "alpha": 90.0, 
            "gamma": 90.0
        }, 
        "sites": [
            {
                "label": "Tl", 
                "xyz": [
                    0.002150791529379598, 
                    0.0, 
                    0.0
                ], 
                "abc": [
                    0.0005508485352425026, 
                    0.0, 
                    0.0
                ], 
                "properties": {}, 
                "species": [
                    {
                        "occu": 1, 
                        "element": "Tl"
                    }
                ]
            }, 
            {
                "label": "Li", 
                "xyz": [
                    1.9717972738074372, 
                    1.9522531075014526, 
                    1.9522531075014526
                ], 
                "abc": [
                    0.5050055410927219, 
                    0.5000000000000001, 
                    0.5000000000000001
                ], 
                "properties": {}, 
                "species": [
                    {
                        "occu": 1, 
                        "element": "Li"
                    }
                ]
            }, 
            {
                "label": "F", 
                "xyz": [
                    1.952861107381202, 
                    0.0, 
                    1.9522531075014526
                ], 
                "abc": [
                    0.5001557174828954, 
                    0.0, 
                    0.5000000000000001
                ], 
                "properties": {}, 
                "species": [
                    {
                        "occu": 1, 
                        "element": "F"
                    }
                ]
            }, 
            {
                "label": "O", 
                "xyz": [
                    1.9525430208695076, 
                    1.9522531075014526, 
                    0.0
                ], 
                "abc": [
                    0.5000742509685198, 
                    0.5000000000000001, 
                    0.0
                ], 
                "properties": {}, 
                "species": [
                    {
                        "occu": 1, 
                        "element": "O"
                    }
                ]
            }, 
            {
                "label": "O", 
                "xyz": [
                    0.016503537149687025, 
                    1.9522531075014526, 
                    1.9522531075014526
                ], 
                "abc": [
                    0.004226792388310937, 
                    0.5000000000000001, 
                    0.5000000000000001
                ], 
                "properties": {}, 
                "species": [
                    {
                        "occu": 1, 
                        "element": "O"
                    }
                ]
            }
        ], 
        "@class": "Structure", 
        "@module": "pymatgen.core.structure"
    }
}