{
    "A": "Tl", 
    "gllbsc_ind-gap": 0.0, 
    "B": "Mn", 
    "anion": "O2F", 
    "CB_ind": 6.549847572559363, 
    "anion_idx": 4, 
    "heat_of_formation_all": 0.38, 
    "CB_dir": 6.549847572559363, 
    "filename": "/Users/ajain/Documents/papers_proposals/2012Paper_UNCOptimization/data/rawdata/abo2f/64270986923cdf9abc9994fda70f5ebe0d6adc5d.json", 
    "sum_magnetic_moments": -3.172333408882113, 
    "VB_dir": 6.549847572559363, 
    "VB_ind": 6.549847572559363, 
    "is_direct": true, 
    "gllbsc_dir-gap": 0.0, 
    "FermiLevel": 0.198761331028, 
    "XCFunctional": "RPBE", 
    "FermiWidth": 0.0036749309468, 
    "structure": {
        "lattice": {
            "a": 4.04854044243347, 
            "c": 4.04854044243347, 
            "b": 4.04854044243347, 
            "matrix": [
                [
                    4.04854044243347, 
                    0.0, 
                    0.0
                ], 
                [
                    0.0, 
                    4.04854044243347, 
                    0.0
                ], 
                [
                    0.0, 
                    0.0, 
                    4.04854044243347
                ]
            ], 
            "volume": 66.3583297011814, 
            "beta": 90.0, 
            "alpha": 90.0, 
            "gamma": 90.0
        }, 
        "sites": [
            {
                "label": "Tl", 
                "xyz": [
                    0.007825726765548014, 
                    0.0, 
                    0.0
                ], 
                "abc": [
                    0.0019329748280454814, 
                    0.0, 
                    0.0
                ], 
                "properties": {}, 
                "species": [
                    {
                        "occu": 1, 
                        "element": "Tl"
                    }
                ]
            }, 
            {
                "label": "Mn", 
                "xyz": [
                    2.042053586092081, 
                    2.0242702212167347, 
                    2.0242702212167347
                ], 
                "abc": [
                    0.5043925372929353, 
                    0.49999999999999994, 
                    0.49999999999999994
                ], 
                "properties": {}, 
                "species": [
                    {
                        "occu": 1, 
                        "element": "Mn"
                    }
                ]
            }, 
            {
                "label": "F", 
                "xyz": [
                    2.0271704278409577, 
                    0.0, 
                    2.0242702212167347
                ], 
                "abc": [
                    0.5007163585656265, 
                    0.0, 
                    0.49999999999999994
                ], 
                "properties": {}, 
                "species": [
                    {
                        "occu": 1, 
                        "element": "F"
                    }
                ]
            }, 
            {
                "label": "O", 
                "xyz": [
                    2.0267049975714895, 
                    2.0242702212167347, 
                    0.0
                ], 
                "abc": [
                    0.5006013960807295, 
                    0.49999999999999994, 
                    0.0
                ], 
                "properties": {}, 
                "species": [
                    {
                        "occu": 1, 
                        "element": "O"
                    }
                ]
            }, 
            {
                "label": "O", 
                "xyz": [
                    0.012576339323724796, 
                    2.0242702212167347, 
                    2.0242702212167347
                ], 
                "abc": [
                    0.003106388463336059, 
                    0.49999999999999994, 
                    0.49999999999999994
                ], 
                "properties": {}, 
                "species": [
                    {
                        "occu": 1, 
                        "element": "O"
                    }
                ]
            }
        ], 
        "@class": "Structure", 
        "@module": "pymatgen.core.structure"
    }
}