{
    "A": "Tl", 
    "gllbsc_ind-gap": 0.0, 
    "B": "Os", 
    "anion": "O3", 
    "CB_ind": 6.48415258986662, 
    "anion_idx": 0, 
    "heat_of_formation_all": 0.9, 
    "CB_dir": 6.48415258986662, 
    "filename": "/Users/ajain/Documents/papers_proposals/2012Paper_UNCOptimization/data/rawdata/abo3/50b2176d7bd0b31cb2f5942553bf5c6ae9a4df84.json", 
    "sum_magnetic_moments": 0.6148296779774576, 
    "VB_dir": 6.48415258986662, 
    "VB_ind": 6.48415258986662, 
    "is_direct": true, 
    "gllbsc_dir-gap": 0.0, 
    "FermiLevel": 0.291358296834, 
    "XCFunctional": "RPBE", 
    "FermiWidth": 0.0018374654734, 
    "structure": {
        "lattice": {
            "a": 4.019629697562592, 
            "c": 4.019629697562592, 
            "b": 4.019629697562592, 
            "matrix": [
                [
                    4.019629697562592, 
                    0.0, 
                    0.0
                ], 
                [
                    0.0, 
                    4.019629697562592, 
                    0.0
                ], 
                [
                    0.0, 
                    0.0, 
                    4.019629697562592
                ]
            ], 
            "volume": 64.94685694713493, 
            "beta": 90.0, 
            "alpha": 90.0, 
            "gamma": 90.0
        }, 
        "sites": [
            {
                "label": "Tl", 
                "xyz": [
                    0.006217557321754311, 
                    0.0, 
                    0.0
                ], 
                "abc": [
                    0.0015467985335874323, 
                    0.0, 
                    0.0
                ], 
                "properties": {}, 
                "species": [
                    {
                        "occu": 1, 
                        "element": "Tl"
                    }
                ]
            }, 
            {
                "label": "Os", 
                "xyz": [
                    2.0306053458614195, 
                    2.0098148487812963, 
                    2.0098148487812963
                ], 
                "abc": [
                    0.5051722418840547, 
                    0.5000000000000001, 
                    0.5000000000000001
                ], 
                "properties": {}, 
                "species": [
                    {
                        "occu": 1, 
                        "element": "Os"
                    }
                ]
            }, 
            {
                "label": "O", 
                "xyz": [
                    2.0111045613943137, 
                    0.0, 
                    2.0098148487812963
                ], 
                "abc": [
                    0.5003208535885283, 
                    0.0, 
                    0.5000000000000001
                ], 
                "properties": {}, 
                "species": [
                    {
                        "occu": 1, 
                        "element": "O"
                    }
                ]
            }, 
            {
                "label": "O", 
                "xyz": [
                    2.0111045613943137, 
                    2.0098148487812963, 
                    0.0
                ], 
                "abc": [
                    0.5003208535885283, 
                    0.5000000000000001, 
                    0.0
                ], 
                "properties": {}, 
                "species": [
                    {
                        "occu": 1, 
                        "element": "O"
                    }
                ]
            }, 
            {
                "label": "O", 
                "xyz": [
                    0.01826628296410353, 
                    2.0098148487812963, 
                    2.0098148487812963
                ], 
                "abc": [
                    0.004544270079201517, 
                    0.5000000000000001, 
                    0.5000000000000001
                ], 
                "properties": {}, 
                "species": [
                    {
                        "occu": 1, 
                        "element": "O"
                    }
                ]
            }
        ], 
        "@class": "Structure", 
        "@module": "pymatgen.core.structure"
    }
}