{
    "A": "Tl", 
    "gllbsc_ind-gap": 0.0, 
    "B": "Pb", 
    "anion": "ON2", 
    "CB_ind": 6.107692288265798, 
    "anion_idx": 2, 
    "heat_of_formation_all": 1.9, 
    "CB_dir": 6.107692288265798, 
    "filename": "/Users/ajain/Documents/papers_proposals/2012Paper_UNCOptimization/data/rawdata/abon2/7d11128937ed8d4dc2dd6d6601be8f464865ef43.json", 
    "sum_magnetic_moments": 0.0037748311348942904, 
    "VB_dir": 6.107692288265798, 
    "VB_ind": 6.107692288265798, 
    "is_direct": true, 
    "gllbsc_dir-gap": 0.0, 
    "FermiLevel": 0.167330272084, 
    "XCFunctional": "RPBE", 
    "FermiWidth": 0.0018374654734, 
    "structure": {
        "lattice": {
            "a": 4.474330727575295, 
            "c": 4.474330727575295, 
            "b": 4.474330727575295, 
            "matrix": [
                [
                    4.474330727575295, 
                    0.0, 
                    0.0
                ], 
                [
                    0.0, 
                    4.474330727575295, 
                    0.0
                ], 
                [
                    0.0, 
                    0.0, 
                    4.474330727575295
                ]
            ], 
            "volume": 89.57447009230118, 
            "beta": 90.0, 
            "alpha": 90.0, 
            "gamma": 90.0
        }, 
        "sites": [
            {
                "label": "Tl", 
                "xyz": [
                    0.5137434232909865, 
                    0.0, 
                    0.0
                ], 
                "abc": [
                    0.11482017190298124, 
                    0.0, 
                    0.0
                ], 
                "properties": {}, 
                "species": [
                    {
                        "occu": 1, 
                        "element": "Tl"
                    }
                ]
            }, 
            {
                "label": "Pb", 
                "xyz": [
                    2.5641369299518226, 
                    2.2371653637876467, 
                    2.2371653637876467
                ], 
                "abc": [
                    0.5730772010546851, 
                    0.4999999999999998, 
                    0.4999999999999998
                ], 
                "properties": {}, 
                "species": [
                    {
                        "occu": 1, 
                        "element": "Pb"
                    }
                ]
            }, 
            {
                "label": "N", 
                "xyz": [
                    1.9987037055596215, 
                    0.0, 
                    2.2371653637876467
                ], 
                "abc": [
                    0.4467045078365828, 
                    0.0, 
                    0.4999999999999998
                ], 
                "properties": {}, 
                "species": [
                    {
                        "occu": 1, 
                        "element": "N"
                    }
                ]
            }, 
            {
                "label": "N", 
                "xyz": [
                    1.9987037055596215, 
                    2.2371653637876467, 
                    0.0
                ], 
                "abc": [
                    0.4467045078365828, 
                    0.4999999999999998, 
                    0.0
                ], 
                "properties": {}, 
                "species": [
                    {
                        "occu": 1, 
                        "element": "N"
                    }
                ]
            }, 
            {
                "label": "O", 
                "xyz": [
                    0.24200355968498227, 
                    2.2371653637876467, 
                    2.2371653637876467
                ], 
                "abc": [
                    0.05408709691340307, 
                    0.4999999999999998, 
                    0.4999999999999998
                ], 
                "properties": {}, 
                "species": [
                    {
                        "occu": 1, 
                        "element": "O"
                    }
                ]
            }
        ], 
        "@class": "Structure", 
        "@module": "pymatgen.core.structure"
    }
}