{
    "A": "Tl", 
    "gllbsc_ind-gap": 0.0, 
    "B": "Rh", 
    "anion": "O2F", 
    "CB_ind": 6.742427672663608, 
    "anion_idx": 4, 
    "heat_of_formation_all": 0.78, 
    "CB_dir": 6.742427672663608, 
    "filename": "/Users/ajain/Documents/papers_proposals/2012Paper_UNCOptimization/data/rawdata/abo2f/1be4b84aacbf6296c3d8e5ee31fc58063b64b420.json", 
    "sum_magnetic_moments": -1.9903082067564486, 
    "VB_dir": 6.742427672663608, 
    "VB_ind": 6.742427672663608, 
    "is_direct": true, 
    "gllbsc_dir-gap": 0.0, 
    "FermiLevel": 0.172938765236, 
    "XCFunctional": "RPBE", 
    "FermiWidth": 0.0036749309468, 
    "structure": {
        "lattice": {
            "a": 4.213075001300194, 
            "c": 4.213075001300194, 
            "b": 4.213075001300194, 
            "matrix": [
                [
                    4.213075001300194, 
                    0.0, 
                    0.0
                ], 
                [
                    0.0, 
                    4.213075001300194, 
                    0.0
                ], 
                [
                    0.0, 
                    0.0, 
                    4.213075001300194
                ]
            ], 
            "volume": 74.7820853453551, 
            "beta": 90.0, 
            "alpha": 90.0, 
            "gamma": 90.0
        }, 
        "sites": [
            {
                "label": "Tl", 
                "xyz": [
                    0.006211749523978032, 
                    0.0, 
                    0.0
                ], 
                "abc": [
                    0.0014743980399259517, 
                    0.0, 
                    0.0
                ], 
                "properties": {}, 
                "species": [
                    {
                        "occu": 1, 
                        "element": "Tl"
                    }
                ]
            }, 
            {
                "label": "Rh", 
                "xyz": [
                    2.1339625010640115, 
                    2.106537500650097, 
                    2.106537500650097
                ], 
                "abc": [
                    0.5065094973162004, 
                    0.5, 
                    0.5
                ], 
                "properties": {}, 
                "species": [
                    {
                        "occu": 1, 
                        "element": "Rh"
                    }
                ]
            }, 
            {
                "label": "F", 
                "xyz": [
                    2.108668774154656, 
                    0.0, 
                    2.106537500650097
                ], 
                "abc": [
                    0.5005058712469874, 
                    0.0, 
                    0.5
                ], 
                "properties": {}, 
                "species": [
                    {
                        "occu": 1, 
                        "element": "F"
                    }
                ]
            }, 
            {
                "label": "O", 
                "xyz": [
                    2.1046148841622445, 
                    2.106537500650097, 
                    0.0
                ], 
                "abc": [
                    0.4995436548157204, 
                    0.5, 
                    0.0
                ], 
                "properties": {}, 
                "species": [
                    {
                        "occu": 1, 
                        "element": "O"
                    }
                ]
            }, 
            {
                "label": "O", 
                "xyz": [
                    0.015675021565890207, 
                    2.106537500650097, 
                    2.106537500650097
                ], 
                "abc": [
                    0.0037205655159361635, 
                    0.5, 
                    0.5
                ], 
                "properties": {}, 
                "species": [
                    {
                        "occu": 1, 
                        "element": "O"
                    }
                ]
            }
        ], 
        "@class": "Structure", 
        "@module": "pymatgen.core.structure"
    }
}