{
    "A": "Tl", 
    "gllbsc_ind-gap": 0.0, 
    "B": "Sn", 
    "anion": "N3", 
    "CB_ind": 6.187693688343172, 
    "anion_idx": 3, 
    "heat_of_formation_all": 1.8, 
    "CB_dir": 6.187693688343172, 
    "filename": "/Users/ajain/Documents/papers_proposals/2012Paper_UNCOptimization/data/rawdata/abn3/59c7f33d2334af328b8160192a0c1f5ad347b388.json", 
    "sum_magnetic_moments": 3.999966670886859, 
    "VB_dir": 6.187693688343172, 
    "VB_ind": 6.187693688343172, 
    "is_direct": true, 
    "gllbsc_dir-gap": 0.0, 
    "FermiLevel": 0.207966445615, 
    "XCFunctional": "RPBE", 
    "FermiWidth": 0.0018374654734, 
    "structure": {
        "lattice": {
            "a": 4.33518414144899, 
            "c": 4.33518414144899, 
            "b": 4.33518414144899, 
            "matrix": [
                [
                    4.33518414144899, 
                    0.0, 
                    0.0
                ], 
                [
                    0.0, 
                    4.33518414144899, 
                    0.0
                ], 
                [
                    0.0, 
                    0.0, 
                    4.33518414144899
                ]
            ], 
            "volume": 81.47467709860449, 
            "beta": 90.0, 
            "alpha": 90.0, 
            "gamma": 90.0
        }, 
        "sites": [
            {
                "label": "Tl", 
                "xyz": [
                    0.0, 
                    0.0, 
                    0.0
                ], 
                "abc": [
                    0.0, 
                    0.0, 
                    0.0
                ], 
                "properties": {}, 
                "species": [
                    {
                        "occu": 1, 
                        "element": "Tl"
                    }
                ]
            }, 
            {
                "label": "Sn", 
                "xyz": [
                    2.1675920707244947, 
                    2.1675920707244947, 
                    2.1675920707244947
                ], 
                "abc": [
                    0.4999999999999999, 
                    0.4999999999999999, 
                    0.4999999999999999
                ], 
                "properties": {}, 
                "species": [
                    {
                        "occu": 1, 
                        "element": "Sn"
                    }
                ]
            }, 
            {
                "label": "N", 
                "xyz": [
                    2.1675920707244947, 
                    0.0, 
                    2.1675920707244947
                ], 
                "abc": [
                    0.4999999999999999, 
                    0.0, 
                    0.4999999999999999
                ], 
                "properties": {}, 
                "species": [
                    {
                        "occu": 1, 
                        "element": "N"
                    }
                ]
            }, 
            {
                "label": "N", 
                "xyz": [
                    2.1675920707244947, 
                    2.1675920707244947, 
                    0.0
                ], 
                "abc": [
                    0.4999999999999999, 
                    0.4999999999999999, 
                    0.0
                ], 
                "properties": {}, 
                "species": [
                    {
                        "occu": 1, 
                        "element": "N"
                    }
                ]
            }, 
            {
                "label": "N", 
                "xyz": [
                    0.0, 
                    2.1675920707244947, 
                    2.1675920707244947
                ], 
                "abc": [
                    0.0, 
                    0.4999999999999999, 
                    0.4999999999999999
                ], 
                "properties": {}, 
                "species": [
                    {
                        "occu": 1, 
                        "element": "N"
                    }
                ]
            }
        ], 
        "@class": "Structure", 
        "@module": "pymatgen.core.structure"
    }
}