{
    "A": "Tl", 
    "gllbsc_ind-gap": 0.0, 
    "B": "Tl", 
    "anion": "O2N", 
    "CB_ind": 6.5895204547660695, 
    "anion_idx": 1, 
    "heat_of_formation_all": 1.78, 
    "CB_dir": 6.5895204547660695, 
    "filename": "/Users/ajain/Documents/papers_proposals/2012Paper_UNCOptimization/data/rawdata/abo2n/2eed8c774a39895b54a73ffdc6ff2d21b4a17781.json", 
    "sum_magnetic_moments": 2.3545222283363394, 
    "VB_dir": 6.5895204547660695, 
    "VB_ind": 6.5895204547660695, 
    "is_direct": true, 
    "gllbsc_dir-gap": 0.0, 
    "FermiLevel": 0.191821436516, 
    "XCFunctional": "RPBE", 
    "FermiWidth": 0.0018374654734, 
    "structure": {
        "lattice": {
            "a": 4.289286367930003, 
            "c": 4.289286367930003, 
            "b": 4.289286367930003, 
            "matrix": [
                [
                    4.289286367930003, 
                    0.0, 
                    0.0
                ], 
                [
                    0.0, 
                    4.289286367930003, 
                    0.0
                ], 
                [
                    0.0, 
                    0.0, 
                    4.289286367930003
                ]
            ], 
            "volume": 78.91419428601257, 
            "beta": 90.0, 
            "alpha": 90.0, 
            "gamma": 90.0
        }, 
        "sites": [
            {
                "label": "Tl", 
                "xyz": [
                    0.0018720414473340687, 
                    0.0, 
                    0.0
                ], 
                "abc": [
                    0.0004364458995628941, 
                    0.0, 
                    0.0
                ], 
                "properties": {}, 
                "species": [
                    {
                        "occu": 1, 
                        "element": "Tl"
                    }
                ]
            }, 
            {
                "label": "Tl", 
                "xyz": [
                    2.165124685601562, 
                    2.144643183965001, 
                    2.144643183965001
                ], 
                "abc": [
                    0.5047750371226543, 
                    0.49999999999999994, 
                    0.49999999999999994
                ], 
                "properties": {}, 
                "species": [
                    {
                        "occu": 1, 
                        "element": "Tl"
                    }
                ]
            }, 
            {
                "label": "N", 
                "xyz": [
                    2.1452079255124463, 
                    0.0, 
                    2.144643183965001
                ], 
                "abc": [
                    0.5001316632882494, 
                    0.0, 
                    0.49999999999999994
                ], 
                "properties": {}, 
                "species": [
                    {
                        "occu": 1, 
                        "element": "N"
                    }
                ]
            }, 
            {
                "label": "O", 
                "xyz": [
                    2.1443861726341273, 
                    2.144643183965001, 
                    0.0
                ], 
                "abc": [
                    0.4999400806314086, 
                    0.49999999999999994, 
                    0.0
                ], 
                "properties": {}, 
                "species": [
                    {
                        "occu": 1, 
                        "element": "O"
                    }
                ]
            }, 
            {
                "label": "O", 
                "xyz": [
                    0.020101247003269488, 
                    2.144643183965001, 
                    2.144643183965001
                ], 
                "abc": [
                    0.0046863849318995905, 
                    0.49999999999999994, 
                    0.49999999999999994
                ], 
                "properties": {}, 
                "species": [
                    {
                        "occu": 1, 
                        "element": "O"
                    }
                ]
            }
        ], 
        "@class": "Structure", 
        "@module": "pymatgen.core.structure"
    }
}