{
    "A": "Tl", 
    "gllbsc_ind-gap": 0.0, 
    "B": "V", 
    "anion": "N3", 
    "CB_ind": 5.971667461108291, 
    "anion_idx": 3, 
    "heat_of_formation_all": 1.24, 
    "CB_dir": 5.971667461108291, 
    "filename": "/Users/ajain/Documents/papers_proposals/2012Paper_UNCOptimization/data/rawdata/abn3/bd9469ad446884cc9a8216881fe6d985c1deccd3.json", 
    "sum_magnetic_moments": 2.1143778249012795, 
    "VB_dir": 5.971667461108291, 
    "VB_ind": 5.971667461108291, 
    "is_direct": true, 
    "gllbsc_dir-gap": 0.0, 
    "FermiLevel": 0.244536529078, 
    "XCFunctional": "RPBE", 
    "FermiWidth": 0.0018374654734, 
    "structure": {
        "lattice": {
            "a": 4.010220023696792, 
            "c": 4.010220023696792, 
            "b": 4.010220023696792, 
            "matrix": [
                [
                    4.010220023696792, 
                    0.0, 
                    0.0
                ], 
                [
                    0.0, 
                    4.010220023696792, 
                    0.0
                ], 
                [
                    0.0, 
                    0.0, 
                    4.010220023696792
                ]
            ], 
            "volume": 64.49181559152848, 
            "beta": 90.0, 
            "alpha": 90.0, 
            "gamma": 90.0
        }, 
        "sites": [
            {
                "label": "Tl", 
                "xyz": [
                    0.0, 
                    0.0, 
                    0.0
                ], 
                "abc": [
                    0.0, 
                    0.0, 
                    0.0
                ], 
                "properties": {}, 
                "species": [
                    {
                        "occu": 1, 
                        "element": "Tl"
                    }
                ]
            }, 
            {
                "label": "V", 
                "xyz": [
                    2.005110011848396, 
                    2.005110011848396, 
                    2.005110011848396
                ], 
                "abc": [
                    0.5, 
                    0.5, 
                    0.5
                ], 
                "properties": {}, 
                "species": [
                    {
                        "occu": 1, 
                        "element": "V"
                    }
                ]
            }, 
            {
                "label": "N", 
                "xyz": [
                    2.005110011848396, 
                    0.0, 
                    2.005110011848396
                ], 
                "abc": [
                    0.5, 
                    0.0, 
                    0.5
                ], 
                "properties": {}, 
                "species": [
                    {
                        "occu": 1, 
                        "element": "N"
                    }
                ]
            }, 
            {
                "label": "N", 
                "xyz": [
                    2.005110011848396, 
                    2.005110011848396, 
                    0.0
                ], 
                "abc": [
                    0.5, 
                    0.5, 
                    0.0
                ], 
                "properties": {}, 
                "species": [
                    {
                        "occu": 1, 
                        "element": "N"
                    }
                ]
            }, 
            {
                "label": "N", 
                "xyz": [
                    0.0, 
                    2.005110011848396, 
                    2.005110011848396
                ], 
                "abc": [
                    0.0, 
                    0.5, 
                    0.5
                ], 
                "properties": {}, 
                "species": [
                    {
                        "occu": 1, 
                        "element": "N"
                    }
                ]
            }
        ], 
        "@class": "Structure", 
        "@module": "pymatgen.core.structure"
    }
}