{
    "A": "V", 
    "gllbsc_ind-gap": 0.0, 
    "B": "As", 
    "anion": "ON2", 
    "CB_ind": 5.971568708821915, 
    "anion_idx": 2, 
    "heat_of_formation_all": 1.0, 
    "CB_dir": 5.971568708821915, 
    "filename": "/Users/ajain/Documents/papers_proposals/2012Paper_UNCOptimization/data/rawdata/abon2/866815f51aed8586fb763339b6625a50111df243.json", 
    "sum_magnetic_moments": 1.7184132236318255, 
    "VB_dir": 5.971568708821915, 
    "VB_ind": 5.971568708821915, 
    "is_direct": true, 
    "gllbsc_dir-gap": 0.0, 
    "FermiLevel": 0.292589480163, 
    "XCFunctional": "RPBE", 
    "FermiWidth": 0.0018374654734, 
    "structure": {
        "lattice": {
            "a": 3.7997334702268133, 
            "c": 3.7997334702268133, 
            "b": 3.7997334702268133, 
            "matrix": [
                [
                    3.7997334702268133, 
                    0.0, 
                    0.0
                ], 
                [
                    0.0, 
                    3.7997334702268133, 
                    0.0
                ], 
                [
                    0.0, 
                    0.0, 
                    3.7997334702268133
                ]
            ], 
            "volume": 54.860454740041185, 
            "beta": 90.0, 
            "alpha": 90.0, 
            "gamma": 90.0
        }, 
        "sites": [
            {
                "label": "V", 
                "xyz": [
                    0.6302156515468705, 
                    0.0, 
                    0.0
                ], 
                "abc": [
                    0.16585785726419694, 
                    0.0, 
                    0.0
                ], 
                "properties": {}, 
                "species": [
                    {
                        "occu": 1, 
                        "element": "V"
                    }
                ]
            }, 
            {
                "label": "As", 
                "xyz": [
                    1.9967212967409573, 
                    1.899866735113408, 
                    1.899866735113408
                ], 
                "abc": [
                    0.5254898303753314, 
                    0.5000000000000003, 
                    0.5000000000000003
                ], 
                "properties": {}, 
                "species": [
                    {
                        "occu": 1, 
                        "element": "As"
                    }
                ]
            }, 
            {
                "label": "N", 
                "xyz": [
                    1.6271582917625143, 
                    1.0197770201452415e-18, 
                    1.899866735113408
                ], 
                "abc": [
                    0.4282295862360541, 
                    2.683811978223749e-19, 
                    0.5000000000000003
                ], 
                "properties": {}, 
                "species": [
                    {
                        "occu": 1, 
                        "element": "N"
                    }
                ]
            }, 
            {
                "label": "N", 
                "xyz": [
                    1.6271582917624754, 
                    1.899866735113408, 
                    0.0
                ], 
                "abc": [
                    0.4282295862360439, 
                    0.5000000000000003, 
                    0.0
                ], 
                "properties": {}, 
                "species": [
                    {
                        "occu": 1, 
                        "element": "N"
                    }
                ]
            }, 
            {
                "label": "O", 
                "xyz": [
                    3.7693784583143417, 
                    1.899866735113408, 
                    1.899866735113408
                ], 
                "abc": [
                    0.9920112786461679, 
                    0.5000000000000003, 
                    0.5000000000000003
                ], 
                "properties": {}, 
                "species": [
                    {
                        "occu": 1, 
                        "element": "O"
                    }
                ]
            }
        ], 
        "@class": "Structure", 
        "@module": "pymatgen.core.structure"
    }
}