{
    "A": "V", 
    "gllbsc_ind-gap": 0.0, 
    "B": "Bi", 
    "anion": "N3", 
    "CB_ind": 5.635721338729062, 
    "anion_idx": 3, 
    "heat_of_formation_all": 2.34, 
    "CB_dir": 5.635721338729062, 
    "filename": "/Users/ajain/Documents/papers_proposals/2012Paper_UNCOptimization/data/rawdata/abn3/372f772c0d8a9b345975d9e780a55641975718ae.json", 
    "sum_magnetic_moments": 0.930565939415292, 
    "VB_dir": 5.635721338729062, 
    "VB_ind": 5.635721338729062, 
    "is_direct": true, 
    "gllbsc_dir-gap": 0.0, 
    "FermiLevel": 0.212693217243, 
    "XCFunctional": "RPBE", 
    "FermiWidth": 0.0018374654734, 
    "structure": {
        "lattice": {
            "a": 4.271460665888692, 
            "c": 4.271460665888692, 
            "b": 4.271460665888692, 
            "matrix": [
                [
                    4.271460665888692, 
                    0.0, 
                    0.0
                ], 
                [
                    0.0, 
                    4.271460665888692, 
                    0.0
                ], 
                [
                    0.0, 
                    0.0, 
                    4.271460665888692
                ]
            ], 
            "volume": 77.93440685907157, 
            "beta": 90.0, 
            "alpha": 90.0, 
            "gamma": 90.0
        }, 
        "sites": [
            {
                "label": "V", 
                "xyz": [
                    0.0, 
                    0.0, 
                    0.0
                ], 
                "abc": [
                    0.0, 
                    0.0, 
                    0.0
                ], 
                "properties": {}, 
                "species": [
                    {
                        "occu": 1, 
                        "element": "V"
                    }
                ]
            }, 
            {
                "label": "Bi", 
                "xyz": [
                    2.135730332944345, 
                    2.135730332944345, 
                    2.135730332944345
                ], 
                "abc": [
                    0.49999999999999983, 
                    0.49999999999999983, 
                    0.49999999999999983
                ], 
                "properties": {}, 
                "species": [
                    {
                        "occu": 1, 
                        "element": "Bi"
                    }
                ]
            }, 
            {
                "label": "N", 
                "xyz": [
                    2.135730332944345, 
                    0.0, 
                    2.135730332944345
                ], 
                "abc": [
                    0.49999999999999983, 
                    0.0, 
                    0.49999999999999983
                ], 
                "properties": {}, 
                "species": [
                    {
                        "occu": 1, 
                        "element": "N"
                    }
                ]
            }, 
            {
                "label": "N", 
                "xyz": [
                    2.135730332944345, 
                    2.135730332944345, 
                    0.0
                ], 
                "abc": [
                    0.49999999999999983, 
                    0.49999999999999983, 
                    0.0
                ], 
                "properties": {}, 
                "species": [
                    {
                        "occu": 1, 
                        "element": "N"
                    }
                ]
            }, 
            {
                "label": "N", 
                "xyz": [
                    0.0, 
                    2.135730332944345, 
                    2.135730332944345
                ], 
                "abc": [
                    0.0, 
                    0.49999999999999983, 
                    0.49999999999999983
                ], 
                "properties": {}, 
                "species": [
                    {
                        "occu": 1, 
                        "element": "N"
                    }
                ]
            }
        ], 
        "@class": "Structure", 
        "@module": "pymatgen.core.structure"
    }
}