{
    "A": "V", 
    "gllbsc_ind-gap": 0.0, 
    "B": "Hg", 
    "anion": "OFN", 
    "CB_ind": 6.396621067018006, 
    "anion_idx": 5, 
    "heat_of_formation_all": 2.4, 
    "CB_dir": 6.396621067018006, 
    "filename": "/Users/ajain/Documents/papers_proposals/2012Paper_UNCOptimization/data/rawdata/abofn/58f234dc4ddc1241bfaf178100072d232b729b4f.json", 
    "sum_magnetic_moments": 0.0, 
    "VB_dir": 6.396621067018006, 
    "VB_ind": 6.396621067018006, 
    "is_direct": true, 
    "gllbsc_dir-gap": 0.0, 
    "FermiLevel": 0.158319431991, 
    "XCFunctional": "RPBE", 
    "FermiWidth": 0.0036749309468, 
    "structure": {
        "lattice": {
            "a": 4.269987874273614, 
            "c": 4.269987874273614, 
            "b": 4.269987874273614, 
            "matrix": [
                [
                    4.269987874273614, 
                    0.0, 
                    0.0
                ], 
                [
                    0.0, 
                    4.269987874273614, 
                    0.0
                ], 
                [
                    0.0, 
                    0.0, 
                    4.269987874273614
                ]
            ], 
            "volume": 77.85381974041363, 
            "beta": 90.0, 
            "alpha": 90.0, 
            "gamma": 90.0
        }, 
        "sites": [
            {
                "label": "V", 
                "xyz": [
                    0.0011180821685613917, 
                    0.0, 
                    0.0
                ], 
                "abc": [
                    0.00026184668469382793, 
                    0.0, 
                    0.0
                ], 
                "properties": {}, 
                "species": [
                    {
                        "occu": 1, 
                        "element": "V"
                    }
                ]
            }, 
            {
                "label": "Hg", 
                "xyz": [
                    2.1581320598309293, 
                    2.1349939371368074, 
                    2.1349939371368074
                ], 
                "abc": [
                    0.5054187794849554, 
                    0.5000000000000001, 
                    0.5000000000000001
                ], 
                "properties": {}, 
                "species": [
                    {
                        "occu": 1, 
                        "element": "Hg"
                    }
                ]
            }, 
            {
                "label": "F", 
                "xyz": [
                    2.1324387280173345, 
                    0.0, 
                    2.1349939371368074
                ], 
                "abc": [
                    0.49940158867080925, 
                    0.0, 
                    0.5000000000000001
                ], 
                "properties": {}, 
                "species": [
                    {
                        "occu": 1, 
                        "element": "F"
                    }
                ]
            }, 
            {
                "label": "N", 
                "xyz": [
                    2.1353742858407117, 
                    2.1349939371368074, 
                    0.0
                ], 
                "abc": [
                    0.5000890748908671, 
                    0.5000000000000001, 
                    0.0
                ], 
                "properties": {}, 
                "species": [
                    {
                        "occu": 1, 
                        "element": "N"
                    }
                ]
            }, 
            {
                "label": "O", 
                "xyz": [
                    0.020964307146890855, 
                    2.1349939371368074, 
                    2.1349939371368074
                ], 
                "abc": [
                    0.004909687747171222, 
                    0.5000000000000001, 
                    0.5000000000000001
                ], 
                "properties": {}, 
                "species": [
                    {
                        "occu": 1, 
                        "element": "O"
                    }
                ]
            }
        ], 
        "@class": "Structure", 
        "@module": "pymatgen.core.structure"
    }
}