{
    "A": "V", 
    "gllbsc_ind-gap": 0.0, 
    "B": "Mn", 
    "anion": "O2F", 
    "CB_ind": 6.019732938730227, 
    "anion_idx": 4, 
    "heat_of_formation_all": 0.6, 
    "CB_dir": 6.019732938730227, 
    "filename": "/Users/ajain/Documents/papers_proposals/2012Paper_UNCOptimization/data/rawdata/abo2f/4ab94d6813f9e164268b3753220db4fe7e161324.json", 
    "sum_magnetic_moments": 6.998288878522951, 
    "VB_dir": 6.019732938730227, 
    "VB_ind": 6.019732938730227, 
    "is_direct": true, 
    "gllbsc_dir-gap": 0.0, 
    "FermiLevel": 0.218140253902, 
    "XCFunctional": "RPBE", 
    "FermiWidth": 0.0036749309468, 
    "structure": {
        "lattice": {
            "a": 3.9434345217532107, 
            "c": 3.9434345217532107, 
            "b": 3.9434345217532107, 
            "matrix": [
                [
                    3.9434345217532107, 
                    0.0, 
                    0.0
                ], 
                [
                    0.0, 
                    3.9434345217532107, 
                    0.0
                ], 
                [
                    0.0, 
                    0.0, 
                    3.9434345217532107
                ]
            ], 
            "volume": 61.32307189418478, 
            "beta": 90.0, 
            "alpha": 90.0, 
            "gamma": 90.0
        }, 
        "sites": [
            {
                "label": "V", 
                "xyz": [
                    0.006676075585709332, 
                    0.0, 
                    0.0
                ], 
                "abc": [
                    0.001692959664698887, 
                    0.0, 
                    0.0
                ], 
                "properties": {}, 
                "species": [
                    {
                        "occu": 1, 
                        "element": "V"
                    }
                ]
            }, 
            {
                "label": "Mn", 
                "xyz": [
                    1.9798086875001804, 
                    1.9717172608766047, 
                    1.9717172608766047
                ], 
                "abc": [
                    0.5020518729495672, 
                    0.49999999999999983, 
                    0.49999999999999983
                ], 
                "properties": {}, 
                "species": [
                    {
                        "occu": 1, 
                        "element": "Mn"
                    }
                ]
            }, 
            {
                "label": "F", 
                "xyz": [
                    1.9755938900904841, 
                    0.0, 
                    1.9717172608766047
                ], 
                "abc": [
                    0.5009830591055827, 
                    0.0, 
                    0.49999999999999983
                ], 
                "properties": {}, 
                "species": [
                    {
                        "occu": 1, 
                        "element": "F"
                    }
                ]
            }, 
            {
                "label": "O", 
                "xyz": [
                    1.9795507990124435, 
                    1.9717172608766047, 
                    0.0
                ], 
                "abc": [
                    0.5019864760255625, 
                    0.49999999999999983, 
                    0.0
                ], 
                "properties": {}, 
                "species": [
                    {
                        "occu": 1, 
                        "element": "O"
                    }
                ]
            }, 
            {
                "label": "O", 
                "xyz": [
                    0.010325326552402, 
                    1.9717172608766047, 
                    1.9717172608766047
                ], 
                "abc": [
                    0.0026183588177879687, 
                    0.49999999999999983, 
                    0.49999999999999983
                ], 
                "properties": {}, 
                "species": [
                    {
                        "occu": 1, 
                        "element": "O"
                    }
                ]
            }
        ], 
        "@class": "Structure", 
        "@module": "pymatgen.core.structure"
    }
}