{
    "A": "V", 
    "gllbsc_ind-gap": 0.0, 
    "B": "Re", 
    "anion": "O2F", 
    "CB_ind": 6.110792135996828, 
    "anion_idx": 4, 
    "heat_of_formation_all": 1.22, 
    "CB_dir": 6.110792135996828, 
    "filename": "/Users/ajain/Documents/papers_proposals/2012Paper_UNCOptimization/data/rawdata/abo2f/e8dc1a477d1cbfe58127b6eb85b796a321222592.json", 
    "sum_magnetic_moments": 3.1837022451179102, 
    "VB_dir": 6.110792135996828, 
    "VB_ind": 6.110792135996828, 
    "is_direct": true, 
    "gllbsc_dir-gap": 0.0, 
    "FermiLevel": 0.289552451198, 
    "XCFunctional": "RPBE", 
    "FermiWidth": 0.0036749309468, 
    "structure": {
        "lattice": {
            "a": 4.021636799836665, 
            "c": 4.021636799836665, 
            "b": 4.021636799836665, 
            "matrix": [
                [
                    4.021636799836665, 
                    0.0, 
                    0.0
                ], 
                [
                    0.0, 
                    4.021636799836665, 
                    0.0
                ], 
                [
                    0.0, 
                    0.0, 
                    4.021636799836665
                ]
            ], 
            "volume": 65.0441943347378, 
            "beta": 90.0, 
            "alpha": 90.0, 
            "gamma": 90.0
        }, 
        "sites": [
            {
                "label": "V", 
                "xyz": [
                    0.001026827375508265, 
                    0.0, 
                    0.0
                ], 
                "abc": [
                    0.00025532573591677114, 
                    0.0, 
                    0.0
                ], 
                "properties": {}, 
                "species": [
                    {
                        "occu": 1, 
                        "element": "V"
                    }
                ]
            }, 
            {
                "label": "Re", 
                "xyz": [
                    2.029310268886969, 
                    2.0108183999183322, 
                    2.0108183999183322
                ], 
                "abc": [
                    0.5045980952256522, 
                    0.4999999999999999, 
                    0.4999999999999999
                ], 
                "properties": {}, 
                "species": [
                    {
                        "occu": 1, 
                        "element": "Re"
                    }
                ]
            }, 
            {
                "label": "F", 
                "xyz": [
                    2.00950415280738, 
                    0.0, 
                    2.0108183999183322
                ], 
                "abc": [
                    0.49967320591680325, 
                    0.0, 
                    0.4999999999999999
                ], 
                "properties": {}, 
                "species": [
                    {
                        "occu": 1, 
                        "element": "F"
                    }
                ]
            }, 
            {
                "label": "O", 
                "xyz": [
                    2.0134806771135403, 
                    2.0108183999183322, 
                    0.0
                ], 
                "abc": [
                    0.5006619884707927, 
                    0.4999999999999999, 
                    0.0
                ], 
                "properties": {}, 
                "species": [
                    {
                        "occu": 1, 
                        "element": "O"
                    }
                ]
            }, 
            {
                "label": "O", 
                "xyz": [
                    0.01984847257584234, 
                    2.0108183999183322, 
                    2.0108183999183322
                ], 
                "abc": [
                    0.004935421462387768, 
                    0.4999999999999999, 
                    0.4999999999999999
                ], 
                "properties": {}, 
                "species": [
                    {
                        "occu": 1, 
                        "element": "O"
                    }
                ]
            }
        ], 
        "@class": "Structure", 
        "@module": "pymatgen.core.structure"
    }
}