{
    "A": "V", 
    "gllbsc_ind-gap": 0.0, 
    "B": "Ru", 
    "anion": "O2N", 
    "CB_ind": 5.820065543684971, 
    "anion_idx": 1, 
    "heat_of_formation_all": 1.62, 
    "CB_dir": 5.820065543684971, 
    "filename": "/Users/ajain/Documents/papers_proposals/2012Paper_UNCOptimization/data/rawdata/abo2n/094d5251dc7fe139d88fe618eeee81b65b1cfd61.json", 
    "sum_magnetic_moments": 0.0, 
    "VB_dir": 5.820065543684971, 
    "VB_ind": 5.820065543684971, 
    "is_direct": true, 
    "gllbsc_dir-gap": 0.0, 
    "FermiLevel": 0.265532819499, 
    "XCFunctional": "RPBE", 
    "FermiWidth": 0.0018374654734, 
    "structure": {
        "lattice": {
            "a": 3.882873531725205, 
            "c": 3.882873531725205, 
            "b": 3.882873531725205, 
            "matrix": [
                [
                    3.882873531725205, 
                    0.0, 
                    0.0
                ], 
                [
                    0.0, 
                    3.882873531725205, 
                    0.0
                ], 
                [
                    0.0, 
                    0.0, 
                    3.882873531725205
                ]
            ], 
            "volume": 58.54094602536753, 
            "beta": 90.0, 
            "alpha": 90.0, 
            "gamma": 90.0
        }, 
        "sites": [
            {
                "label": "V", 
                "xyz": [
                    0.0014735123885358282, 
                    0.0, 
                    0.0
                ], 
                "abc": [
                    0.0003794901833645686, 
                    0.0, 
                    0.0
                ], 
                "properties": {}, 
                "species": [
                    {
                        "occu": 1, 
                        "element": "V"
                    }
                ]
            }, 
            {
                "label": "Ru", 
                "xyz": [
                    1.9605328285521695, 
                    1.9414367658626035, 
                    1.9414367658626035
                ], 
                "abc": [
                    0.504918023348827, 
                    0.5000000000000002, 
                    0.5000000000000002
                ], 
                "properties": {}, 
                "species": [
                    {
                        "occu": 1, 
                        "element": "Ru"
                    }
                ]
            }, 
            {
                "label": "N", 
                "xyz": [
                    1.9434413368952164, 
                    0.0, 
                    1.9414367658626035
                ], 
                "abc": [
                    0.500516259676303, 
                    0.0, 
                    0.5000000000000002
                ], 
                "properties": {}, 
                "species": [
                    {
                        "occu": 1, 
                        "element": "N"
                    }
                ]
            }, 
            {
                "label": "O", 
                "xyz": [
                    1.940714051469264, 
                    1.9414367658626035, 
                    0.0
                ], 
                "abc": [
                    0.499813871250909, 
                    0.5000000000000002, 
                    0.0
                ], 
                "properties": {}, 
                "species": [
                    {
                        "occu": 1, 
                        "element": "O"
                    }
                ]
            }, 
            {
                "label": "O", 
                "xyz": [
                    0.018802406161553816, 
                    1.9414367658626035, 
                    1.9414367658626035
                ], 
                "abc": [
                    0.004842394687318001, 
                    0.5000000000000002, 
                    0.5000000000000002
                ], 
                "properties": {}, 
                "species": [
                    {
                        "occu": 1, 
                        "element": "O"
                    }
                ]
            }
        ], 
        "@class": "Structure", 
        "@module": "pymatgen.core.structure"
    }
}