{
    "A": "V", 
    "gllbsc_ind-gap": 0.0, 
    "B": "Sc", 
    "anion": "O2F", 
    "CB_ind": 5.891392125083224, 
    "anion_idx": 4, 
    "heat_of_formation_all": 0.7, 
    "CB_dir": 5.891392125083224, 
    "filename": "/Users/ajain/Documents/papers_proposals/2012Paper_UNCOptimization/data/rawdata/abo2f/9a8b407c8bcb41344e1f28c462168f36e81a7e93.json", 
    "sum_magnetic_moments": 3.0000045512815863, 
    "VB_dir": 5.891392125083224, 
    "VB_ind": 5.891392125083224, 
    "is_direct": true, 
    "gllbsc_dir-gap": 0.0, 
    "FermiLevel": 0.194777502059, 
    "XCFunctional": "RPBE", 
    "FermiWidth": 0.0036749309468, 
    "structure": {
        "lattice": {
            "a": 4.096428526948937, 
            "c": 4.096428526948937, 
            "b": 4.096428526948937, 
            "matrix": [
                [
                    4.096428526948937, 
                    0.0, 
                    0.0
                ], 
                [
                    0.0, 
                    4.096428526948937, 
                    0.0
                ], 
                [
                    0.0, 
                    0.0, 
                    4.096428526948937
                ]
            ], 
            "volume": 68.74104746014225, 
            "beta": 90.0, 
            "alpha": 90.0, 
            "gamma": 90.0
        }, 
        "sites": [
            {
                "label": "V", 
                "xyz": [
                    0.0021684485766756308, 
                    0.0, 
                    0.0
                ], 
                "abc": [
                    0.0005293510096441776, 
                    0.0, 
                    0.0
                ], 
                "properties": {}, 
                "species": [
                    {
                        "occu": 1, 
                        "element": "V"
                    }
                ]
            }, 
            {
                "label": "Sc", 
                "xyz": [
                    2.0726852274082432, 
                    2.048214263474468, 
                    2.048214263474468
                ], 
                "abc": [
                    0.5059737314523588, 
                    0.4999999999999999, 
                    0.4999999999999999
                ], 
                "properties": {}, 
                "species": [
                    {
                        "occu": 1, 
                        "element": "Sc"
                    }
                ]
            }, 
            {
                "label": "F", 
                "xyz": [
                    2.047262497228517, 
                    0.0, 
                    2.048214263474468
                ], 
                "abc": [
                    0.49976765950151686, 
                    0.0, 
                    0.4999999999999999
                ], 
                "properties": {}, 
                "species": [
                    {
                        "occu": 1, 
                        "element": "F"
                    }
                ]
            }, 
            {
                "label": "O", 
                "xyz": [
                    2.048037500936576, 
                    2.048214263474468, 
                    0.0
                ], 
                "abc": [
                    0.4999568495979535, 
                    0.4999999999999999, 
                    0.0
                ], 
                "properties": {}, 
                "species": [
                    {
                        "occu": 1, 
                        "element": "O"
                    }
                ]
            }, 
            {
                "label": "O", 
                "xyz": [
                    0.016341055317832424, 
                    2.048214263474468, 
                    2.048214263474468
                ], 
                "abc": [
                    0.003989098115670875, 
                    0.4999999999999999, 
                    0.4999999999999999
                ], 
                "properties": {}, 
                "species": [
                    {
                        "occu": 1, 
                        "element": "O"
                    }
                ]
            }
        ], 
        "@class": "Structure", 
        "@module": "pymatgen.core.structure"
    }
}