{
    "A": "V", 
    "gllbsc_ind-gap": 0.0, 
    "B": "Ta", 
    "anion": "OFN", 
    "CB_ind": 6.094994173780412, 
    "anion_idx": 5, 
    "heat_of_formation_all": 0.9, 
    "CB_dir": 6.094994173780412, 
    "filename": "/Users/ajain/Documents/papers_proposals/2012Paper_UNCOptimization/data/rawdata/abofn/afe3fb936e972c5c8fa8f6ea17107dc8d900503e.json", 
    "sum_magnetic_moments": 3.616187511624651, 
    "VB_dir": 6.094994173780412, 
    "VB_ind": 6.094994173780412, 
    "is_direct": true, 
    "gllbsc_dir-gap": 0.0, 
    "FermiLevel": 0.256344346334, 
    "XCFunctional": "RPBE", 
    "FermiWidth": 0.0036749309468, 
    "structure": {
        "lattice": {
            "a": 4.117413368887067, 
            "c": 4.117413368887067, 
            "b": 4.117413368887067, 
            "matrix": [
                [
                    4.117413368887067, 
                    0.0, 
                    0.0
                ], 
                [
                    0.0, 
                    4.117413368887067, 
                    0.0
                ], 
                [
                    0.0, 
                    0.0, 
                    4.117413368887067
                ]
            ], 
            "volume": 69.80289114576756, 
            "beta": 90.0, 
            "alpha": 90.0, 
            "gamma": 90.0
        }, 
        "sites": [
            {
                "label": "V", 
                "xyz": [
                    0.0003365223873784844, 
                    0.0, 
                    0.0
                ], 
                "abc": [
                    8.173150403634263e-05, 
                    0.0, 
                    0.0
                ], 
                "properties": {}, 
                "species": [
                    {
                        "occu": 1, 
                        "element": "V"
                    }
                ]
            }, 
            {
                "label": "Ta", 
                "xyz": [
                    2.086711886760995, 
                    2.0587066844435333, 
                    2.0587066844435333
                ], 
                "abc": [
                    0.5068016494358037, 
                    0.5, 
                    0.5
                ], 
                "properties": {}, 
                "species": [
                    {
                        "occu": 1, 
                        "element": "Ta"
                    }
                ]
            }, 
            {
                "label": "F", 
                "xyz": [
                    2.0585545965160783, 
                    0.0, 
                    2.0587066844435333
                ], 
                "abc": [
                    0.4999630622641379, 
                    0.0, 
                    0.5
                ], 
                "properties": {}, 
                "species": [
                    {
                        "occu": 1, 
                        "element": "F"
                    }
                ]
            }, 
            {
                "label": "N", 
                "xyz": [
                    2.0542263830773835, 
                    2.0587066844435333, 
                    0.0
                ], 
                "abc": [
                    0.4989118650558613, 
                    0.5, 
                    0.0
                ], 
                "properties": {}, 
                "species": [
                    {
                        "occu": 1, 
                        "element": "N"
                    }
                ]
            }, 
            {
                "label": "O", 
                "xyz": [
                    0.017412314544836098, 
                    2.0587066844435333, 
                    2.0587066844435333
                ], 
                "abc": [
                    0.004228944967345514, 
                    0.5, 
                    0.5
                ], 
                "properties": {}, 
                "species": [
                    {
                        "occu": 1, 
                        "element": "O"
                    }
                ]
            }
        ], 
        "@class": "Structure", 
        "@module": "pymatgen.core.structure"
    }
}