{
    "A": "V", 
    "gllbsc_ind-gap": 0.0, 
    "B": "Ti", 
    "anion": "O2N", 
    "CB_ind": 5.518857644073953, 
    "anion_idx": 1, 
    "heat_of_formation_all": 0.88, 
    "CB_dir": 5.518857644073953, 
    "filename": "/Users/ajain/Documents/papers_proposals/2012Paper_UNCOptimization/data/rawdata/abo2n/751a1d9903a7bd2abd6ee4f3b5d28d8559c94119.json", 
    "sum_magnetic_moments": -2.0940177274668357, 
    "VB_dir": 5.518857644073953, 
    "VB_ind": 5.518857644073953, 
    "is_direct": true, 
    "gllbsc_dir-gap": 0.0, 
    "FermiLevel": 0.2456882798, 
    "XCFunctional": "RPBE", 
    "FermiWidth": 0.0018374654734, 
    "structure": {
        "lattice": {
            "a": 3.8383744507717488, 
            "c": 3.8383744507717488, 
            "b": 3.8383744507717488, 
            "matrix": [
                [
                    3.8383744507717488, 
                    0.0, 
                    0.0
                ], 
                [
                    0.0, 
                    3.8383744507717488, 
                    0.0
                ], 
                [
                    0.0, 
                    0.0, 
                    3.8383744507717488
                ]
            ], 
            "volume": 56.55122534017091, 
            "beta": 90.0, 
            "alpha": 90.0, 
            "gamma": 90.0
        }, 
        "sites": [
            {
                "label": "V", 
                "xyz": [
                    0.0010595214605270441, 
                    0.0, 
                    0.0
                ], 
                "abc": [
                    0.0002760338977126151, 
                    0.0, 
                    0.0
                ], 
                "properties": {}, 
                "species": [
                    {
                        "occu": 1, 
                        "element": "V"
                    }
                ]
            }, 
            {
                "label": "Ti", 
                "xyz": [
                    1.9516725332806963, 
                    1.919187225385874, 
                    1.919187225385874
                ], 
                "abc": [
                    0.5084632982819824, 
                    0.4999999999999999, 
                    0.4999999999999999
                ], 
                "properties": {}, 
                "species": [
                    {
                        "occu": 1, 
                        "element": "Ti"
                    }
                ]
            }, 
            {
                "label": "N", 
                "xyz": [
                    1.9141196370740743, 
                    0.0, 
                    1.919187225385874
                ], 
                "abc": [
                    0.4986797566582434, 
                    0.0, 
                    0.4999999999999999
                ], 
                "properties": {}, 
                "species": [
                    {
                        "occu": 1, 
                        "element": "N"
                    }
                ]
            }, 
            {
                "label": "O", 
                "xyz": [
                    1.9172897039108836, 
                    1.919187225385874, 
                    0.0
                ], 
                "abc": [
                    0.49950564451193413, 
                    0.4999999999999999, 
                    0.0
                ], 
                "properties": {}, 
                "species": [
                    {
                        "occu": 1, 
                        "element": "O"
                    }
                ]
            }, 
            {
                "label": "O", 
                "xyz": [
                    0.014663534241228886, 
                    1.919187225385874, 
                    1.919187225385874
                ], 
                "abc": [
                    0.0038202458955719177, 
                    0.4999999999999999, 
                    0.4999999999999999
                ], 
                "properties": {}, 
                "species": [
                    {
                        "occu": 1, 
                        "element": "O"
                    }
                ]
            }
        ], 
        "@class": "Structure", 
        "@module": "pymatgen.core.structure"
    }
}