{
    "A": "W", 
    "gllbsc_ind-gap": 0.0, 
    "B": "Al", 
    "anion": "OFN", 
    "CB_ind": 6.041538746226169, 
    "anion_idx": 5, 
    "heat_of_formation_all": 1.44, 
    "CB_dir": 6.041538746226169, 
    "filename": "/Users/ajain/Documents/papers_proposals/2012Paper_UNCOptimization/data/rawdata/abofn/3ed37e3dfe47ce73b1dc9f453799990f719929ff.json", 
    "sum_magnetic_moments": 2.9969798892033133, 
    "VB_dir": 6.041538746226169, 
    "VB_ind": 6.041538746226169, 
    "is_direct": true, 
    "gllbsc_dir-gap": 0.0, 
    "FermiLevel": 0.314467909756, 
    "XCFunctional": "RPBE", 
    "FermiWidth": 0.0036749309468, 
    "structure": {
        "lattice": {
            "a": 3.7815062445578604, 
            "c": 3.7815062445578604, 
            "b": 3.7815062445578604, 
            "matrix": [
                [
                    3.7815062445578604, 
                    0.0, 
                    0.0
                ], 
                [
                    0.0, 
                    3.7815062445578604, 
                    0.0
                ], 
                [
                    0.0, 
                    0.0, 
                    3.7815062445578604
                ]
            ], 
            "volume": 54.07474320552098, 
            "beta": 90.0, 
            "alpha": 90.0, 
            "gamma": 90.0
        }, 
        "sites": [
            {
                "label": "W", 
                "xyz": [
                    0.010425023181119916, 
                    0.0, 
                    0.0
                ], 
                "abc": [
                    0.0027568441004488745, 
                    0.0, 
                    0.0
                ], 
                "properties": {}, 
                "species": [
                    {
                        "occu": 1, 
                        "element": "W"
                    }
                ]
            }, 
            {
                "label": "Al", 
                "xyz": [
                    1.8989060785136092, 
                    1.8907531222789307, 
                    1.8907531222789307
                ], 
                "abc": [
                    0.5021560076084529, 
                    0.5000000000000001, 
                    0.5000000000000001
                ], 
                "properties": {}, 
                "species": [
                    {
                        "occu": 1, 
                        "element": "Al"
                    }
                ]
            }, 
            {
                "label": "F", 
                "xyz": [
                    1.8903858944494942, 
                    0.0, 
                    1.8907531222789307
                ], 
                "abc": [
                    0.4999028884773192, 
                    0.0, 
                    0.5000000000000001
                ], 
                "properties": {}, 
                "species": [
                    {
                        "occu": 1, 
                        "element": "F"
                    }
                ]
            }, 
            {
                "label": "N", 
                "xyz": [
                    1.9005618628913714, 
                    1.8907531222789307, 
                    0.0
                ], 
                "abc": [
                    0.5025938713248345, 
                    0.5000000000000001, 
                    0.0
                ], 
                "properties": {}, 
                "species": [
                    {
                        "occu": 1, 
                        "element": "N"
                    }
                ]
            }, 
            {
                "label": "O", 
                "xyz": [
                    0.006954868952451192, 
                    1.8907531222789307, 
                    1.8907531222789307
                ], 
                "abc": [
                    0.0018391795498051242, 
                    0.5000000000000001, 
                    0.5000000000000001
                ], 
                "properties": {}, 
                "species": [
                    {
                        "occu": 1, 
                        "element": "O"
                    }
                ]
            }
        ], 
        "@class": "Structure", 
        "@module": "pymatgen.core.structure"
    }
}