{
    "A": "W", 
    "gllbsc_ind-gap": 0.0, 
    "B": "Cd", 
    "anion": "OFN", 
    "CB_ind": 6.443581172159509, 
    "anion_idx": 5, 
    "heat_of_formation_all": 2.24, 
    "CB_dir": 6.443581172159509, 
    "filename": "/Users/ajain/Documents/papers_proposals/2012Paper_UNCOptimization/data/rawdata/abofn/d556df6750a126199c5007fc765eb0ea0d4bdb1f.json", 
    "sum_magnetic_moments": 2.645483953941798, 
    "VB_dir": 6.443581172159509, 
    "VB_ind": 6.443581172159509, 
    "is_direct": true, 
    "gllbsc_dir-gap": 0.0, 
    "FermiLevel": 0.183468076304, 
    "XCFunctional": "RPBE", 
    "FermiWidth": 0.0036749309468, 
    "structure": {
        "lattice": {
            "a": 4.245930393621291, 
            "c": 4.245930393621291, 
            "b": 4.245930393621291, 
            "matrix": [
                [
                    4.245930393621291, 
                    0.0, 
                    0.0
                ], 
                [
                    0.0, 
                    4.245930393621291, 
                    0.0
                ], 
                [
                    0.0, 
                    0.0, 
                    4.245930393621291
                ]
            ], 
            "volume": 76.54531429857909, 
            "beta": 90.0, 
            "alpha": 90.0, 
            "gamma": 90.0
        }, 
        "sites": [
            {
                "label": "W", 
                "xyz": [
                    0.011942241828089749, 
                    0.0, 
                    0.0
                ], 
                "abc": [
                    0.0028126325024147155, 
                    0.0, 
                    0.0
                ], 
                "properties": {}, 
                "species": [
                    {
                        "occu": 1, 
                        "element": "W"
                    }
                ]
            }, 
            {
                "label": "Cd", 
                "xyz": [
                    2.124682862287564, 
                    2.1229651968106458, 
                    2.1229651968106458
                ], 
                "abc": [
                    0.5004045439556661, 
                    0.5000000000000001, 
                    0.5000000000000001
                ], 
                "properties": {}, 
                "species": [
                    {
                        "occu": 1, 
                        "element": "Cd"
                    }
                ]
            }, 
            {
                "label": "F", 
                "xyz": [
                    2.117987520250892, 
                    0.0, 
                    2.1229651968106458
                ], 
                "abc": [
                    0.498827659405997, 
                    0.0, 
                    0.5000000000000001
                ], 
                "properties": {}, 
                "species": [
                    {
                        "occu": 1, 
                        "element": "F"
                    }
                ]
            }, 
            {
                "label": "N", 
                "xyz": [
                    2.1287747198987095, 
                    2.1229651968106458, 
                    0.0
                ], 
                "abc": [
                    0.5013682567893227, 
                    0.5000000000000001, 
                    0.0
                ], 
                "properties": {}, 
                "species": [
                    {
                        "occu": 1, 
                        "element": "N"
                    }
                ]
            }, 
            {
                "label": "O", 
                "xyz": [
                    0.001804820151440823, 
                    2.1229651968106458, 
                    2.1229651968106458
                ], 
                "abc": [
                    0.00042507059327967896, 
                    0.5000000000000001, 
                    0.5000000000000001
                ], 
                "properties": {}, 
                "species": [
                    {
                        "occu": 1, 
                        "element": "O"
                    }
                ]
            }
        ], 
        "@class": "Structure", 
        "@module": "pymatgen.core.structure"
    }
}