{
    "A": "W", 
    "gllbsc_ind-gap": 0.0, 
    "B": "Na", 
    "anion": "OFN", 
    "CB_ind": 5.899504416838957, 
    "anion_idx": 5, 
    "heat_of_formation_all": 2.62, 
    "CB_dir": 5.899504416838957, 
    "filename": "/Users/ajain/Documents/papers_proposals/2012Paper_UNCOptimization/data/rawdata/abofn/bf11fefec0f61e7f8d521fca86df7e5114f57393.json", 
    "sum_magnetic_moments": 1.0003533828087396, 
    "VB_dir": 5.899504416838957, 
    "VB_ind": 5.899504416838957, 
    "is_direct": true, 
    "gllbsc_dir-gap": 0.0, 
    "FermiLevel": 0.138646171888, 
    "XCFunctional": "RPBE", 
    "FermiWidth": 0.0036749309468, 
    "structure": {
        "lattice": {
            "a": 4.044804769161058, 
            "c": 4.044804769161058, 
            "b": 4.044804769161058, 
            "matrix": [
                [
                    4.044804769161058, 
                    0.0, 
                    0.0
                ], 
                [
                    0.0, 
                    4.044804769161058, 
                    0.0
                ], 
                [
                    0.0, 
                    0.0, 
                    4.044804769161058
                ]
            ], 
            "volume": 66.1748084719164, 
            "beta": 90.0, 
            "alpha": 90.0, 
            "gamma": 90.0
        }, 
        "sites": [
            {
                "label": "W", 
                "xyz": [
                    0.001034934439711875, 
                    0.0, 
                    0.0
                ], 
                "abc": [
                    0.00025586758787533105, 
                    0.0, 
                    0.0
                ], 
                "properties": {}, 
                "species": [
                    {
                        "occu": 1, 
                        "element": "W"
                    }
                ]
            }, 
            {
                "label": "Na", 
                "xyz": [
                    2.044579937881832, 
                    2.0224023845805283, 
                    2.0224023845805283
                ], 
                "abc": [
                    0.505482972496075, 
                    0.4999999999999999, 
                    0.4999999999999999
                ], 
                "properties": {}, 
                "species": [
                    {
                        "occu": 1, 
                        "element": "Na"
                    }
                ]
            }, 
            {
                "label": "F", 
                "xyz": [
                    2.0215310569328255, 
                    0.0, 
                    2.0224023845805283
                ], 
                "abc": [
                    0.49978458103729834, 
                    0.0, 
                    0.4999999999999999
                ], 
                "properties": {}, 
                "species": [
                    {
                        "occu": 1, 
                        "element": "F"
                    }
                ]
            }, 
            {
                "label": "N", 
                "xyz": [
                    2.0205559277384357, 
                    2.0224023845805283, 
                    0.0
                ], 
                "abc": [
                    0.4995434991433527, 
                    0.4999999999999999, 
                    0.0
                ], 
                "properties": {}, 
                "species": [
                    {
                        "occu": 1, 
                        "element": "N"
                    }
                ]
            }, 
            {
                "label": "O", 
                "xyz": [
                    0.020023078749483926, 
                    2.0224023845805283, 
                    2.0224023845805283
                ], 
                "abc": [
                    0.004950320198924449, 
                    0.4999999999999999, 
                    0.4999999999999999
                ], 
                "properties": {}, 
                "species": [
                    {
                        "occu": 1, 
                        "element": "O"
                    }
                ]
            }
        ], 
        "@class": "Structure", 
        "@module": "pymatgen.core.structure"
    }
}