{
    "A": "W", 
    "gllbsc_ind-gap": 0.0, 
    "B": "Nb", 
    "anion": "O2F", 
    "CB_ind": 6.357855746057293, 
    "anion_idx": 4, 
    "heat_of_formation_all": 1.34, 
    "CB_dir": 6.357855746057293, 
    "filename": "/Users/ajain/Documents/papers_proposals/2012Paper_UNCOptimization/data/rawdata/abo2f/693c46f895d1af44f1f509837bfe4fa5516bf975.json", 
    "sum_magnetic_moments": 4.278530295392552, 
    "VB_dir": 6.357855746057293, 
    "VB_ind": 6.357855746057293, 
    "is_direct": true, 
    "gllbsc_dir-gap": 0.0, 
    "FermiLevel": 0.257376971687, 
    "XCFunctional": "RPBE", 
    "FermiWidth": 0.0036749309468, 
    "structure": {
        "lattice": {
            "a": 4.18174547989742, 
            "c": 4.18174547989742, 
            "b": 4.18174547989742, 
            "matrix": [
                [
                    4.18174547989742, 
                    0.0, 
                    0.0
                ], 
                [
                    0.0, 
                    4.18174547989742, 
                    0.0
                ], 
                [
                    0.0, 
                    0.0, 
                    4.18174547989742
                ]
            ], 
            "volume": 73.12616337981589, 
            "beta": 90.0, 
            "alpha": 90.0, 
            "gamma": 90.0
        }, 
        "sites": [
            {
                "label": "W", 
                "xyz": [
                    0.00020943478102745548, 
                    0.0, 
                    0.0
                ], 
                "abc": [
                    5.008310095252211e-05, 
                    0.0, 
                    0.0
                ], 
                "properties": {}, 
                "species": [
                    {
                        "occu": 1, 
                        "element": "W"
                    }
                ]
            }, 
            {
                "label": "Nb", 
                "xyz": [
                    2.1118952015353147, 
                    2.0908727399487095, 
                    2.0908727399487095
                ], 
                "abc": [
                    0.5050271977784551, 
                    0.4999999999999999, 
                    0.4999999999999999
                ], 
                "properties": {}, 
                "species": [
                    {
                        "occu": 1, 
                        "element": "Nb"
                    }
                ]
            }, 
            {
                "label": "F", 
                "xyz": [
                    2.0894205829367256, 
                    0.0, 
                    2.0908727399487095
                ], 
                "abc": [
                    0.4996527390251355, 
                    0.0, 
                    0.4999999999999999
                ], 
                "properties": {}, 
                "species": [
                    {
                        "occu": 1, 
                        "element": "F"
                    }
                ]
            }, 
            {
                "label": "O", 
                "xyz": [
                    2.0918392643433177, 
                    2.0908727399487095, 
                    0.0
                ], 
                "abc": [
                    0.5002311294169514, 
                    0.4999999999999999, 
                    0.0
                ], 
                "properties": {}, 
                "species": [
                    {
                        "occu": 1, 
                        "element": "O"
                    }
                ]
            }, 
            {
                "label": "O", 
                "xyz": [
                    0.02050902520073368, 
                    2.0908727399487095, 
                    2.0908727399487095
                ], 
                "abc": [
                    0.004904417377701518, 
                    0.4999999999999999, 
                    0.4999999999999999
                ], 
                "properties": {}, 
                "species": [
                    {
                        "occu": 1, 
                        "element": "O"
                    }
                ]
            }
        ], 
        "@class": "Structure", 
        "@module": "pymatgen.core.structure"
    }
}