{
    "A": "W", 
    "gllbsc_ind-gap": 0.0, 
    "B": "Os", 
    "anion": "O3", 
    "CB_ind": 6.203392959955874, 
    "anion_idx": 0, 
    "heat_of_formation_all": 2.02, 
    "CB_dir": 6.203392959955874, 
    "filename": "/Users/ajain/Documents/papers_proposals/2012Paper_UNCOptimization/data/rawdata/abo3/1e4e40e8379b01c98d9809a90ddd4f3c2ee859df.json", 
    "sum_magnetic_moments": 2.6970878822249187, 
    "VB_dir": 6.203392959955874, 
    "VB_ind": 6.203392959955874, 
    "is_direct": true, 
    "gllbsc_dir-gap": 0.0, 
    "FermiLevel": 0.322725248954, 
    "XCFunctional": "RPBE", 
    "FermiWidth": 0.0018374654734, 
    "structure": {
        "lattice": {
            "a": 3.95828922701982, 
            "c": 3.95828922701982, 
            "b": 3.95828922701982, 
            "matrix": [
                [
                    3.95828922701982, 
                    0.0, 
                    0.0
                ], 
                [
                    0.0, 
                    3.95828922701982, 
                    0.0
                ], 
                [
                    0.0, 
                    0.0, 
                    3.95828922701982
                ]
            ], 
            "volume": 62.01868779201601, 
            "beta": 90.0, 
            "alpha": 90.0, 
            "gamma": 90.0
        }, 
        "sites": [
            {
                "label": "W", 
                "xyz": [
                    0.0020096986519390165, 
                    0.0, 
                    1.534116560707351e-18
                ], 
                "abc": [
                    0.0005077190009816717, 
                    0.0, 
                    3.8757060758351435e-19
                ], 
                "properties": {}, 
                "species": [
                    {
                        "occu": 1, 
                        "element": "W"
                    }
                ]
            }, 
            {
                "label": "Os", 
                "xyz": [
                    1.9967785068530353, 
                    1.9791446135099098, 
                    1.9791446135099098
                ], 
                "abc": [
                    0.5044549279579557, 
                    0.49999999999999994, 
                    0.49999999999999994
                ], 
                "properties": {}, 
                "species": [
                    {
                        "occu": 1, 
                        "element": "Os"
                    }
                ]
            }, 
            {
                "label": "O", 
                "xyz": [
                    1.978089219386523, 
                    6.053554100542522e-20, 
                    1.9791446135099098
                ], 
                "abc": [
                    0.4997333711452456, 
                    1.5293359715152038e-20, 
                    0.49999999999999994
                ], 
                "properties": {}, 
                "species": [
                    {
                        "occu": 1, 
                        "element": "O"
                    }
                ]
            }, 
            {
                "label": "O", 
                "xyz": [
                    1.978089219386523, 
                    1.9791446135099098, 
                    0.0
                ], 
                "abc": [
                    0.4997333711452456, 
                    0.49999999999999994, 
                    0.0
                ], 
                "properties": {}, 
                "species": [
                    {
                        "occu": 1, 
                        "element": "O"
                    }
                ]
            }, 
            {
                "label": "O", 
                "xyz": [
                    0.019210817131365784, 
                    1.9791446135099098, 
                    1.9791446135099098
                ], 
                "abc": [
                    0.0048533131435242625, 
                    0.49999999999999994, 
                    0.49999999999999994
                ], 
                "properties": {}, 
                "species": [
                    {
                        "occu": 1, 
                        "element": "O"
                    }
                ]
            }
        ], 
        "@class": "Structure", 
        "@module": "pymatgen.core.structure"
    }
}