{
    "A": "W", 
    "gllbsc_ind-gap": 0.0, 
    "B": "Pd", 
    "anion": "ON2", 
    "CB_ind": 6.002543237890347, 
    "anion_idx": 2, 
    "heat_of_formation_all": 1.56, 
    "CB_dir": 6.002543237890347, 
    "filename": "/Users/ajain/Documents/papers_proposals/2012Paper_UNCOptimization/data/rawdata/abon2/57ef899ec2e0cb31959986f086b514f50c2ad228.json", 
    "sum_magnetic_moments": 0.9809166670472785, 
    "VB_dir": 6.002543237890347, 
    "VB_ind": 6.002543237890347, 
    "is_direct": true, 
    "gllbsc_dir-gap": 0.0, 
    "FermiLevel": 0.283005463601, 
    "XCFunctional": "RPBE", 
    "FermiWidth": 0.0018374654734, 
    "structure": {
        "lattice": {
            "a": 3.9849181415129533, 
            "c": 3.9849181415129533, 
            "b": 3.9849181415129533, 
            "matrix": [
                [
                    3.9849181415129533, 
                    0.0, 
                    0.0
                ], 
                [
                    0.0, 
                    3.9849181415129533, 
                    0.0
                ], 
                [
                    0.0, 
                    0.0, 
                    3.9849181415129533
                ]
            ], 
            "volume": 63.27879691153028, 
            "beta": 90.0, 
            "alpha": 90.0, 
            "gamma": 90.0
        }, 
        "sites": [
            {
                "label": "W", 
                "xyz": [
                    0.8841287140306157, 
                    4.2562204189609427e-16, 
                    3.9849181415129524
                ], 
                "abc": [
                    0.22186872669232263, 
                    1.0680822711567631e-16, 
                    0.9999999999999998
                ], 
                "properties": {}, 
                "species": [
                    {
                        "occu": 1, 
                        "element": "W"
                    }
                ]
            }, 
            {
                "label": "Pd", 
                "xyz": [
                    2.0743279729823407, 
                    1.992459070756476, 
                    1.992459070756476
                ], 
                "abc": [
                    0.5205446885779141, 
                    0.49999999999999983, 
                    0.49999999999999983
                ], 
                "properties": {}, 
                "species": [
                    {
                        "occu": 1, 
                        "element": "Pd"
                    }
                ]
            }, 
            {
                "label": "N", 
                "xyz": [
                    1.593279121171333, 
                    0.0, 
                    1.992459070756476
                ], 
                "abc": [
                    0.39982731503900176, 
                    0.0, 
                    0.49999999999999983
                ], 
                "properties": {}, 
                "species": [
                    {
                        "occu": 1, 
                        "element": "N"
                    }
                ]
            }, 
            {
                "label": "N", 
                "xyz": [
                    1.593279121171333, 
                    1.992459070756476, 
                    0.0
                ], 
                "abc": [
                    0.39982731503900176, 
                    0.49999999999999983, 
                    0.0
                ], 
                "properties": {}, 
                "species": [
                    {
                        "occu": 1, 
                        "element": "N"
                    }
                ]
            }, 
            {
                "label": "O", 
                "xyz": [
                    0.03299058784208601, 
                    1.992459070756476, 
                    1.992459070756476
                ], 
                "abc": [
                    0.00827886211724301, 
                    0.49999999999999983, 
                    0.49999999999999983
                ], 
                "properties": {}, 
                "species": [
                    {
                        "occu": 1, 
                        "element": "O"
                    }
                ]
            }
        ], 
        "@class": "Structure", 
        "@module": "pymatgen.core.structure"
    }
}