{
    "A": "W", 
    "gllbsc_ind-gap": 0.0, 
    "B": "Rb", 
    "anion": "O3", 
    "CB_ind": 5.353165772850118, 
    "anion_idx": 0, 
    "heat_of_formation_all": 1.88, 
    "CB_dir": 5.353165772850118, 
    "filename": "/Users/ajain/Documents/papers_proposals/2012Paper_UNCOptimization/data/rawdata/abo3/40a27f7e67d79c8d31a6d3794835cab8f8fe3b12.json", 
    "sum_magnetic_moments": 0.3725712312761758, 
    "VB_dir": 5.353165772850118, 
    "VB_ind": 5.353165772850118, 
    "is_direct": true, 
    "gllbsc_dir-gap": 0.0, 
    "FermiLevel": 0.186627709318, 
    "XCFunctional": "RPBE", 
    "FermiWidth": 0.0018374654734, 
    "structure": {
        "lattice": {
            "a": 4.2808016585429085, 
            "c": 4.2808016585429085, 
            "b": 4.2808016585429085, 
            "matrix": [
                [
                    4.2808016585429085, 
                    0.0, 
                    0.0
                ], 
                [
                    0.0, 
                    4.2808016585429085, 
                    0.0
                ], 
                [
                    0.0, 
                    0.0, 
                    4.2808016585429085
                ]
            ], 
            "volume": 78.44681555778085, 
            "beta": 90.0, 
            "alpha": 90.0, 
            "gamma": 90.0
        }, 
        "sites": [
            {
                "label": "W", 
                "xyz": [
                    1.7405933695127784, 
                    1.2470140925938817e-12, 
                    4.280801658542895
                ], 
                "abc": [
                    0.40660453540032465, 
                    2.913038706442517e-13, 
                    0.9999999999999969
                ], 
                "properties": {}, 
                "species": [
                    {
                        "occu": 1, 
                        "element": "W"
                    }
                ]
            }, 
            {
                "label": "Rb", 
                "xyz": [
                    0.11263377811967934, 
                    2.1404008292714543, 
                    2.1404008292714543
                ], 
                "abc": [
                    0.02631137508903354, 
                    0.5, 
                    0.5
                ], 
                "properties": {}, 
                "species": [
                    {
                        "occu": 1, 
                        "element": "Rb"
                    }
                ]
            }, 
            {
                "label": "O", 
                "xyz": [
                    1.6235446003128196, 
                    4.280801658542901, 
                    2.1404008292714543
                ], 
                "abc": [
                    0.37926181351402266, 
                    0.9999999999999983, 
                    0.5
                ], 
                "properties": {}, 
                "species": [
                    {
                        "occu": 1, 
                        "element": "O"
                    }
                ]
            }, 
            {
                "label": "O", 
                "xyz": [
                    1.6235446003107155, 
                    2.1404008292714543, 
                    0.0
                ], 
                "abc": [
                    0.37926181351353117, 
                    0.5, 
                    0.0
                ], 
                "properties": {}, 
                "species": [
                    {
                        "occu": 1, 
                        "element": "O"
                    }
                ]
            }, 
            {
                "label": "O", 
                "xyz": [
                    2.3253365635563816, 
                    2.1404008292714543, 
                    2.1404008292714543
                ], 
                "abc": [
                    0.5432011919813813, 
                    0.5, 
                    0.5
                ], 
                "properties": {}, 
                "species": [
                    {
                        "occu": 1, 
                        "element": "O"
                    }
                ]
            }
        ], 
        "@class": "Structure", 
        "@module": "pymatgen.core.structure"
    }
}