{
    "A": "W", 
    "gllbsc_ind-gap": 0.0, 
    "B": "Rh", 
    "anion": "N3", 
    "CB_ind": 5.919770537883195, 
    "anion_idx": 3, 
    "heat_of_formation_all": 1.5, 
    "CB_dir": 5.919770537883195, 
    "filename": "/Users/ajain/Documents/papers_proposals/2012Paper_UNCOptimization/data/rawdata/abn3/5b51034f6ddabd65a90b14326e35317401b35f65.json", 
    "sum_magnetic_moments": 1.2485215768321165, 
    "VB_dir": 5.919770537883195, 
    "VB_ind": 5.919770537883195, 
    "is_direct": true, 
    "gllbsc_dir-gap": 0.0, 
    "FermiLevel": 0.309943357588, 
    "XCFunctional": "RPBE", 
    "FermiWidth": 0.0018374654734, 
    "structure": {
        "lattice": {
            "a": 3.9309664689396038, 
            "c": 3.9309664689396038, 
            "b": 3.9309664689396038, 
            "matrix": [
                [
                    3.9309664689396038, 
                    0.0, 
                    0.0
                ], 
                [
                    0.0, 
                    3.9309664689396038, 
                    0.0
                ], 
                [
                    0.0, 
                    0.0, 
                    3.9309664689396038
                ]
            ], 
            "volume": 60.74324906187207, 
            "beta": 90.0, 
            "alpha": 90.0, 
            "gamma": 90.0
        }, 
        "sites": [
            {
                "label": "W", 
                "xyz": [
                    1.3158789948289271, 
                    2.052900274668548e-15, 
                    3.930966468939601
                ], 
                "abc": [
                    0.33474693951889434, 
                    5.222380528782092e-16, 
                    0.9999999999999993
                ], 
                "properties": {}, 
                "species": [
                    {
                        "occu": 1, 
                        "element": "W"
                    }
                ]
            }, 
            {
                "label": "Rh", 
                "xyz": [
                    2.7383875188959017, 
                    1.9654832344698006, 
                    1.9654832344698006
                ], 
                "abc": [
                    0.6966194040405016, 
                    0.49999999999999967, 
                    0.49999999999999967
                ], 
                "properties": {}, 
                "species": [
                    {
                        "occu": 1, 
                        "element": "Rh"
                    }
                ]
            }, 
            {
                "label": "N", 
                "xyz": [
                    2.1168809318401647, 
                    1.9428999277534843e-17, 
                    1.9654832344698006
                ], 
                "abc": [
                    0.5385141156930812, 
                    4.942550243318637e-18, 
                    0.49999999999999967
                ], 
                "properties": {}, 
                "species": [
                    {
                        "occu": 1, 
                        "element": "N"
                    }
                ]
            }, 
            {
                "label": "N", 
                "xyz": [
                    2.1168809318401443, 
                    1.9654832344698006, 
                    0.0
                ], 
                "abc": [
                    0.5385141156930761, 
                    0.49999999999999967, 
                    0.0
                ], 
                "properties": {}, 
                "species": [
                    {
                        "occu": 1, 
                        "element": "N"
                    }
                ]
            }, 
            {
                "label": "N", 
                "xyz": [
                    0.6678882279052859, 
                    1.9654832344698006, 
                    1.9654832344698006
                ], 
                "abc": [
                    0.1699043309533627, 
                    0.49999999999999967, 
                    0.49999999999999967
                ], 
                "properties": {}, 
                "species": [
                    {
                        "occu": 1, 
                        "element": "N"
                    }
                ]
            }
        ], 
        "@class": "Structure", 
        "@module": "pymatgen.core.structure"
    }
}