{
    "A": "W", 
    "gllbsc_ind-gap": 0.0, 
    "B": "Sb", 
    "anion": "ON2", 
    "CB_ind": 6.106771113405729, 
    "anion_idx": 2, 
    "heat_of_formation_all": 1.24, 
    "CB_dir": 6.106771113405729, 
    "filename": "/Users/ajain/Documents/papers_proposals/2012Paper_UNCOptimization/data/rawdata/abon2/7b01867f3fd29bbcb4ebcd64edb3f137129ffc0a.json", 
    "sum_magnetic_moments": 2.6663066007820144, 
    "VB_dir": 6.106771113405729, 
    "VB_ind": 6.106771113405729, 
    "is_direct": true, 
    "gllbsc_dir-gap": 0.0, 
    "FermiLevel": 0.315997240293, 
    "XCFunctional": "RPBE", 
    "FermiWidth": 0.0018374654734, 
    "structure": {
        "lattice": {
            "a": 4.078127553216231, 
            "c": 4.078127553216231, 
            "b": 4.078127553216231, 
            "matrix": [
                [
                    4.078127553216231, 
                    0.0, 
                    0.0
                ], 
                [
                    0.0, 
                    4.078127553216231, 
                    0.0
                ], 
                [
                    0.0, 
                    0.0, 
                    4.078127553216231
                ]
            ], 
            "volume": 67.82384641314827, 
            "beta": 90.0, 
            "alpha": 90.0, 
            "gamma": 90.0
        }, 
        "sites": [
            {
                "label": "W", 
                "xyz": [
                    0.7184147671922769, 
                    0.0, 
                    0.0
                ], 
                "abc": [
                    0.1761628977557841, 
                    0.0, 
                    0.0
                ], 
                "properties": {}, 
                "species": [
                    {
                        "occu": 1, 
                        "element": "W"
                    }
                ]
            }, 
            {
                "label": "Sb", 
                "xyz": [
                    2.121100420368041, 
                    2.0390637766081157, 
                    2.0390637766081157
                ], 
                "abc": [
                    0.5201162525422303, 
                    0.5, 
                    0.5
                ], 
                "properties": {}, 
                "species": [
                    {
                        "occu": 1, 
                        "element": "Sb"
                    }
                ]
            }, 
            {
                "label": "N", 
                "xyz": [
                    1.5982243717539366, 
                    0.0, 
                    2.0390637766081157
                ], 
                "abc": [
                    0.3919015162959998, 
                    0.0, 
                    0.5
                ], 
                "properties": {}, 
                "species": [
                    {
                        "occu": 1, 
                        "element": "N"
                    }
                ]
            }, 
            {
                "label": "N", 
                "xyz": [
                    1.598224371754063, 
                    2.0390637766081157, 
                    0.0
                ], 
                "abc": [
                    0.39190151629603076, 
                    0.5, 
                    0.0
                ], 
                "properties": {}, 
                "species": [
                    {
                        "occu": 1, 
                        "element": "N"
                    }
                ]
            }, 
            {
                "label": "O", 
                "xyz": [
                    4.046204366685265, 
                    2.0390637766081157, 
                    2.0390637766081157
                ], 
                "abc": [
                    0.9921720970925026, 
                    0.5, 
                    0.5
                ], 
                "properties": {}, 
                "species": [
                    {
                        "occu": 1, 
                        "element": "O"
                    }
                ]
            }
        ], 
        "@class": "Structure", 
        "@module": "pymatgen.core.structure"
    }
}