{
    "A": "W", 
    "gllbsc_ind-gap": 0.0, 
    "B": "Sr", 
    "anion": "O3", 
    "CB_ind": 5.1876840756188995, 
    "anion_idx": 0, 
    "heat_of_formation_all": 1.5, 
    "CB_dir": 5.1876840756188995, 
    "filename": "/Users/ajain/Documents/papers_proposals/2012Paper_UNCOptimization/data/rawdata/abo3/d5f7fe74d6d24c4be8a24607f2df73379e70c330.json", 
    "sum_magnetic_moments": 1.186728542214528, 
    "VB_dir": 5.1876840756188995, 
    "VB_ind": 5.1876840756188995, 
    "is_direct": true, 
    "gllbsc_dir-gap": 0.0, 
    "FermiLevel": 0.184040261854, 
    "XCFunctional": "RPBE", 
    "FermiWidth": 0.0018374654734, 
    "structure": {
        "lattice": {
            "a": 4.339068332597686, 
            "c": 4.339068332597686, 
            "b": 4.339068332597686, 
            "matrix": [
                [
                    4.339068332597686, 
                    0.0, 
                    0.0
                ], 
                [
                    0.0, 
                    4.339068332597686, 
                    0.0
                ], 
                [
                    0.0, 
                    0.0, 
                    4.339068332597686
                ]
            ], 
            "volume": 81.69386975703627, 
            "beta": 90.0, 
            "alpha": 90.0, 
            "gamma": 90.0
        }, 
        "sites": [
            {
                "label": "W", 
                "xyz": [
                    1.2317471969239977, 
                    1.808517255288781e-15, 
                    4.339068332597685
                ], 
                "abc": [
                    0.28387365731725706, 
                    4.167985190973171e-16, 
                    0.9999999999999996
                ], 
                "properties": {}, 
                "species": [
                    {
                        "occu": 1, 
                        "element": "W"
                    }
                ]
            }, 
            {
                "label": "Sr", 
                "xyz": [
                    2.5422738862993604, 
                    2.169534166298843, 
                    2.169534166298843
                ], 
                "abc": [
                    0.5859031689361222, 
                    0.5, 
                    0.5
                ], 
                "properties": {}, 
                "species": [
                    {
                        "occu": 1, 
                        "element": "Sr"
                    }
                ]
            }, 
            {
                "label": "O", 
                "xyz": [
                    1.4346062775195165, 
                    7.002582659742127e-18, 
                    2.169534166298843
                ], 
                "abc": [
                    0.33062541715277743, 
                    1.6138447526015024e-18, 
                    0.5
                ], 
                "properties": {}, 
                "species": [
                    {
                        "occu": 1, 
                        "element": "O"
                    }
                ]
            }, 
            {
                "label": "O", 
                "xyz": [
                    1.4346062775195176, 
                    2.169534166298843, 
                    3.801480911959008e-18
                ], 
                "abc": [
                    0.3306254171527777, 
                    0.5, 
                    8.76105334271876e-19
                ], 
                "properties": {}, 
                "species": [
                    {
                        "occu": 1, 
                        "element": "O"
                    }
                ]
            }, 
            {
                "label": "O", 
                "xyz": [
                    0.31307039033481215, 
                    2.169534166298843, 
                    2.169534166298843
                ], 
                "abc": [
                    0.07215152340027453, 
                    0.5, 
                    0.5
                ], 
                "properties": {}, 
                "species": [
                    {
                        "occu": 1, 
                        "element": "O"
                    }
                ]
            }
        ], 
        "@class": "Structure", 
        "@module": "pymatgen.core.structure"
    }
}