{
    "A": "Y", 
    "gllbsc_ind-gap": 0.0, 
    "B": "Cs", 
    "anion": "O3", 
    "CB_ind": 4.953634339657629, 
    "anion_idx": 0, 
    "heat_of_formation_all": 1.62, 
    "CB_dir": 4.953634339657629, 
    "filename": "/Users/ajain/Documents/papers_proposals/2012Paper_UNCOptimization/data/rawdata/abo3/3daaf461e5266105986559a2ef9ad8462c77cfb9.json", 
    "sum_magnetic_moments": -0.23535929957821194, 
    "VB_dir": 4.953634339657629, 
    "VB_ind": 4.953634339657629, 
    "is_direct": true, 
    "gllbsc_dir-gap": 0.0, 
    "FermiLevel": 0.205557855484, 
    "XCFunctional": "RPBE", 
    "FermiWidth": 0.0018374654734, 
    "structure": {
        "lattice": {
            "a": 4.64202095082192, 
            "c": 4.64202095082192, 
            "b": 4.64202095082192, 
            "matrix": [
                [
                    4.64202095082192, 
                    0.0, 
                    0.0
                ], 
                [
                    0.0, 
                    4.64202095082192, 
                    0.0
                ], 
                [
                    0.0, 
                    0.0, 
                    4.64202095082192
                ]
            ], 
            "volume": 100.02793164935268, 
            "beta": 90.0, 
            "alpha": 90.0, 
            "gamma": 90.0
        }, 
        "sites": [
            {
                "label": "Y", 
                "xyz": [
                    0.9141183442749543, 
                    5.985483089638754e-19, 
                    0.0
                ], 
                "abc": [
                    0.19692249430996206, 
                    1.2894132002094818e-19, 
                    0.0
                ], 
                "properties": {}, 
                "species": [
                    {
                        "occu": 1, 
                        "element": "Y"
                    }
                ]
            }, 
            {
                "label": "Cs", 
                "xyz": [
                    3.2380978455250466, 
                    2.32101047541096, 
                    2.32101047541096
                ], 
                "abc": [
                    0.6975620919917878, 
                    0.5, 
                    0.5
                ], 
                "properties": {}, 
                "species": [
                    {
                        "occu": 1, 
                        "element": "Cs"
                    }
                ]
            }, 
            {
                "label": "O", 
                "xyz": [
                    0.9136923295177932, 
                    0.0, 
                    2.32101047541096
                ], 
                "abc": [
                    0.19683072075665967, 
                    0.0, 
                    0.5
                ], 
                "properties": {}, 
                "species": [
                    {
                        "occu": 1, 
                        "element": "O"
                    }
                ]
            }, 
            {
                "label": "O", 
                "xyz": [
                    0.9136923295177932, 
                    2.32101047541096, 
                    0.0
                ], 
                "abc": [
                    0.19683072075665967, 
                    0.5, 
                    0.0
                ], 
                "properties": {}, 
                "species": [
                    {
                        "occu": 1, 
                        "element": "O"
                    }
                ]
            }, 
            {
                "label": "O", 
                "xyz": [
                    0.9154205847288018, 
                    2.32101047541096, 
                    2.32101047541096
                ], 
                "abc": [
                    0.19720302739407428, 
                    0.5, 
                    0.5
                ], 
                "properties": {}, 
                "species": [
                    {
                        "occu": 1, 
                        "element": "O"
                    }
                ]
            }
        ], 
        "@class": "Structure", 
        "@module": "pymatgen.core.structure"
    }
}