{
    "A": "Y", 
    "gllbsc_ind-gap": 6.0, 
    "B": "Ga", 
    "anion": "O3", 
    "CB_ind": 2.328983616246822, 
    "anion_idx": 0, 
    "heat_of_formation_all": 0.3, 
    "CB_dir": 2.073983616246822, 
    "filename": "/Users/ajain/Documents/papers_proposals/2012Paper_UNCOptimization/data/rawdata/abo3/d6edd8e0c566657953087cfa38690e7657c7f6bb.json", 
    "sum_magnetic_moments": 1.1230386897428469e-05, 
    "VB_dir": 8.613983616246822, 
    "VB_ind": 8.358983616246823, 
    "is_direct": false, 
    "gllbsc_dir-gap": 6.5, 
    "FermiLevel": 0.295029736359, 
    "XCFunctional": "RPBE", 
    "FermiWidth": 0.0018374654734, 
    "structure": {
        "lattice": {
            "a": 3.8757691980297464, 
            "c": 3.8757691980297464, 
            "b": 3.8757691980297464, 
            "matrix": [
                [
                    3.8757691980297464, 
                    0.0, 
                    0.0
                ], 
                [
                    0.0, 
                    3.8757691980297464, 
                    0.0
                ], 
                [
                    0.0, 
                    0.0, 
                    3.8757691980297464
                ]
            ], 
            "volume": 58.220203721064046, 
            "beta": 90.0, 
            "alpha": 90.0, 
            "gamma": 90.0
        }, 
        "sites": [
            {
                "label": "Y", 
                "xyz": [
                    0.010779251636120476, 
                    4.2484166795318965e-21, 
                    0.0
                ], 
                "abc": [
                    0.0027811902838796817, 
                    1.0961480063600242e-21, 
                    0.0
                ], 
                "properties": {}, 
                "species": [
                    {
                        "occu": 1, 
                        "element": "Y"
                    }
                ]
            }, 
            {
                "label": "Ga", 
                "xyz": [
                    1.946031140224801, 
                    1.9378845990148732, 
                    1.9378845990148732
                ], 
                "abc": [
                    0.5021019159794317, 
                    0.5, 
                    0.5
                ], 
                "properties": {}, 
                "species": [
                    {
                        "occu": 1, 
                        "element": "Ga"
                    }
                ]
            }, 
            {
                "label": "O", 
                "xyz": [
                    1.9437226789455617, 
                    0.0, 
                    1.9378845990148732
                ], 
                "abc": [
                    0.5015063022673425, 
                    0.0, 
                    0.5
                ], 
                "properties": {}, 
                "species": [
                    {
                        "occu": 1, 
                        "element": "O"
                    }
                ]
            }, 
            {
                "label": "O", 
                "xyz": [
                    1.9437226789455617, 
                    1.9378845990148732, 
                    0.0
                ], 
                "abc": [
                    0.5015063022673425, 
                    0.5, 
                    0.0
                ], 
                "properties": {}, 
                "species": [
                    {
                        "occu": 1, 
                        "element": "O"
                    }
                ]
            }, 
            {
                "label": "O", 
                "xyz": [
                    0.007215649200096479, 
                    1.9378845990148732, 
                    1.9378845990148732
                ], 
                "abc": [
                    0.0018617334602288923, 
                    0.5, 
                    0.5
                ], 
                "properties": {}, 
                "species": [
                    {
                        "occu": 1, 
                        "element": "O"
                    }
                ]
            }
        ], 
        "@class": "Structure", 
        "@module": "pymatgen.core.structure"
    }
}