{
    "A": "Y", 
    "gllbsc_ind-gap": 0.0, 
    "B": "Os", 
    "anion": "O2F", 
    "CB_ind": 6.2062325511244625, 
    "anion_idx": 4, 
    "heat_of_formation_all": 1.52, 
    "CB_dir": 6.2062325511244625, 
    "filename": "/Users/ajain/Documents/papers_proposals/2012Paper_UNCOptimization/data/rawdata/abo2f/22a3ec1771986087186aef235a9de274116a0c1a.json", 
    "sum_magnetic_moments": -1.734558466285307, 
    "VB_dir": 6.2062325511244625, 
    "VB_ind": 6.2062325511244625, 
    "is_direct": true, 
    "gllbsc_dir-gap": 0.0, 
    "FermiLevel": 0.307964222942, 
    "XCFunctional": "RPBE", 
    "FermiWidth": 0.0036749309468, 
    "structure": {
        "lattice": {
            "a": 4.135977846857308, 
            "c": 4.135977846857308, 
            "b": 4.135977846857308, 
            "matrix": [
                [
                    4.135977846857308, 
                    0.0, 
                    0.0
                ], 
                [
                    0.0, 
                    4.135977846857308, 
                    0.0
                ], 
                [
                    0.0, 
                    0.0, 
                    4.135977846857308
                ]
            ], 
            "volume": 70.75133057414884, 
            "beta": 90.0, 
            "alpha": 90.0, 
            "gamma": 90.0
        }, 
        "sites": [
            {
                "label": "Y", 
                "xyz": [
                    0.3907585580493063, 
                    0.0, 
                    0.0
                ], 
                "abc": [
                    0.0944779136924588, 
                    0.0, 
                    0.0
                ], 
                "properties": {}, 
                "species": [
                    {
                        "occu": 1, 
                        "element": "Y"
                    }
                ]
            }, 
            {
                "label": "Os", 
                "xyz": [
                    2.499436888702743, 
                    2.0679889234286546, 
                    2.0679889234286546
                ], 
                "abc": [
                    0.6043158308021214, 
                    0.5000000000000001, 
                    0.5000000000000001
                ], 
                "properties": {}, 
                "species": [
                    {
                        "occu": 1, 
                        "element": "Os"
                    }
                ]
            }, 
            {
                "label": "F", 
                "xyz": [
                    1.221012435880869, 
                    0.0, 
                    2.0679889234286546
                ], 
                "abc": [
                    0.2952173539344864, 
                    0.0, 
                    0.5000000000000001
                ], 
                "properties": {}, 
                "species": [
                    {
                        "occu": 1, 
                        "element": "F"
                    }
                ]
            }, 
            {
                "label": "O", 
                "xyz": [
                    2.148476593831667, 
                    2.0679889234286546, 
                    0.0
                ], 
                "abc": [
                    0.5194603727058574, 
                    0.5000000000000001, 
                    0.0
                ], 
                "properties": {}, 
                "species": [
                    {
                        "occu": 1, 
                        "element": "O"
                    }
                ]
            }, 
            {
                "label": "O", 
                "xyz": [
                    0.32009826807818575, 
                    2.0679889234286546, 
                    2.0679889234286546
                ], 
                "abc": [
                    0.07739361281187955, 
                    0.5000000000000001, 
                    0.5000000000000001
                ], 
                "properties": {}, 
                "species": [
                    {
                        "occu": 1, 
                        "element": "O"
                    }
                ]
            }
        ], 
        "@class": "Structure", 
        "@module": "pymatgen.core.structure"
    }
}