{
    "A": "Y", 
    "gllbsc_ind-gap": 0.0, 
    "B": "Sc", 
    "anion": "ON2", 
    "CB_ind": 5.314717557475582, 
    "anion_idx": 2, 
    "heat_of_formation_all": 1.02, 
    "CB_dir": 5.314717557475582, 
    "filename": "/Users/ajain/Documents/papers_proposals/2012Paper_UNCOptimization/data/rawdata/abon2/136cbaae8814b81075d6a8922e98fb926c6e9c5c.json", 
    "sum_magnetic_moments": -0.0005800844751872122, 
    "VB_dir": 5.314717557475582, 
    "VB_ind": 5.314717557475582, 
    "is_direct": true, 
    "gllbsc_dir-gap": 0.0, 
    "FermiLevel": 0.231950490502, 
    "XCFunctional": "RPBE", 
    "FermiWidth": 0.0018374654734, 
    "structure": {
        "lattice": {
            "a": 4.125861006336951, 
            "c": 4.125861006336951, 
            "b": 4.125861006336951, 
            "matrix": [
                [
                    4.125861006336951, 
                    0.0, 
                    0.0
                ], 
                [
                    0.0, 
                    4.125861006336951, 
                    0.0
                ], 
                [
                    0.0, 
                    0.0, 
                    4.125861006336951
                ]
            ], 
            "volume": 70.23341398247724, 
            "beta": 90.0, 
            "alpha": 90.0, 
            "gamma": 90.0
        }, 
        "sites": [
            {
                "label": "Y", 
                "xyz": [
                    0.696341887528146, 
                    0.0, 
                    0.0
                ], 
                "abc": [
                    0.16877492636291613, 
                    0.0, 
                    0.0
                ], 
                "properties": {}, 
                "species": [
                    {
                        "occu": 1, 
                        "element": "Y"
                    }
                ]
            }, 
            {
                "label": "Sc", 
                "xyz": [
                    2.3560481987351434, 
                    2.062930503168475, 
                    2.062930503168475
                ], 
                "abc": [
                    0.5710440063580585, 
                    0.4999999999999999, 
                    0.4999999999999999
                ], 
                "properties": {}, 
                "species": [
                    {
                        "occu": 1, 
                        "element": "Sc"
                    }
                ]
            }, 
            {
                "label": "N", 
                "xyz": [
                    1.9629903272318743, 
                    1.5466084243339245e-18, 
                    2.062930503168475
                ], 
                "abc": [
                    0.47577713457067455, 
                    3.7485713211338754e-19, 
                    0.4999999999999999
                ], 
                "properties": {}, 
                "species": [
                    {
                        "occu": 1, 
                        "element": "N"
                    }
                ]
            }, 
            {
                "label": "N", 
                "xyz": [
                    1.9629903272318743, 
                    2.062930503168475, 
                    0.0
                ], 
                "abc": [
                    0.47577713457067455, 
                    0.4999999999999999, 
                    0.0
                ], 
                "properties": {}, 
                "species": [
                    {
                        "occu": 1, 
                        "element": "N"
                    }
                ]
            }, 
            {
                "label": "O", 
                "xyz": [
                    0.2222072203028338, 
                    2.062930503168475, 
                    2.062930503168475
                ], 
                "abc": [
                    0.05385717549901548, 
                    0.4999999999999999, 
                    0.4999999999999999
                ], 
                "properties": {}, 
                "species": [
                    {
                        "occu": 1, 
                        "element": "O"
                    }
                ]
            }
        ], 
        "@class": "Structure", 
        "@module": "pymatgen.core.structure"
    }
}