{
    "A": "Y", 
    "gllbsc_ind-gap": 0.0, 
    "B": "Sn", 
    "anion": "O2F", 
    "CB_ind": 6.04867101608311, 
    "anion_idx": 4, 
    "heat_of_formation_all": 1.26, 
    "CB_dir": 6.04867101608311, 
    "filename": "/Users/ajain/Documents/papers_proposals/2012Paper_UNCOptimization/data/rawdata/abo2f/abdc18138bb95535d049e92cb8de165154a9a128.json", 
    "sum_magnetic_moments": 1.0708970469777347e-09, 
    "VB_dir": 6.04867101608311, 
    "VB_ind": 6.04867101608311, 
    "is_direct": true, 
    "gllbsc_dir-gap": 0.0, 
    "FermiLevel": 0.296029165673, 
    "XCFunctional": "RPBE", 
    "FermiWidth": 0.0036749309468, 
    "structure": {
        "lattice": {
            "a": 4.351858702607225, 
            "c": 4.351858702607225, 
            "b": 4.351858702607225, 
            "matrix": [
                [
                    4.351858702607225, 
                    0.0, 
                    0.0
                ], 
                [
                    0.0, 
                    4.351858702607225, 
                    0.0
                ], 
                [
                    0.0, 
                    0.0, 
                    4.351858702607225
                ]
            ], 
            "volume": 82.41843399149577, 
            "beta": 90.0, 
            "alpha": 90.0, 
            "gamma": 90.0
        }, 
        "sites": [
            {
                "label": "Y", 
                "xyz": [
                    0.005376828600727917, 
                    0.0, 
                    0.0
                ], 
                "abc": [
                    0.0012355246270993648, 
                    0.0, 
                    0.0
                ], 
                "properties": {}, 
                "species": [
                    {
                        "occu": 1, 
                        "element": "Y"
                    }
                ]
            }, 
            {
                "label": "Sn", 
                "xyz": [
                    2.195161490166543, 
                    2.175929351303612, 
                    2.175929351303612
                ], 
                "abc": [
                    0.5044192930371127, 
                    0.4999999999999999, 
                    0.4999999999999999
                ], 
                "properties": {}, 
                "species": [
                    {
                        "occu": 1, 
                        "element": "Sn"
                    }
                ]
            }, 
            {
                "label": "F", 
                "xyz": [
                    2.1731418700683847, 
                    0.0, 
                    2.175929351303612
                ], 
                "abc": [
                    0.49935947340533876, 
                    0.0, 
                    0.4999999999999999
                ], 
                "properties": {}, 
                "species": [
                    {
                        "occu": 1, 
                        "element": "F"
                    }
                ]
            }, 
            {
                "label": "O", 
                "xyz": [
                    2.1771852974232417, 
                    2.175929351303612, 
                    0.0
                ], 
                "abc": [
                    0.5002885999306175, 
                    0.4999999999999999, 
                    0.0
                ], 
                "properties": {}, 
                "species": [
                    {
                        "occu": 1, 
                        "element": "O"
                    }
                ]
            }, 
            {
                "label": "O", 
                "xyz": [
                    0.019930308275523168, 
                    2.175929351303612, 
                    2.175929351303612
                ], 
                "abc": [
                    0.004579723202773748, 
                    0.4999999999999999, 
                    0.4999999999999999
                ], 
                "properties": {}, 
                "species": [
                    {
                        "occu": 1, 
                        "element": "O"
                    }
                ]
            }
        ], 
        "@class": "Structure", 
        "@module": "pymatgen.core.structure"
    }
}