{
    "A": "Zn", 
    "gllbsc_ind-gap": 0.0, 
    "B": "Hg", 
    "anion": "OFN", 
    "CB_ind": 6.673630020261534, 
    "anion_idx": 5, 
    "heat_of_formation_all": 1.92, 
    "CB_dir": 6.673630020261534, 
    "filename": "/Users/ajain/Documents/papers_proposals/2012Paper_UNCOptimization/data/rawdata/abofn/63e2af82b0adcbd957d9d0ea1c18bfeece81aa40.json", 
    "sum_magnetic_moments": -0.5699209853010383, 
    "VB_dir": 6.673630020261534, 
    "VB_ind": 6.673630020261534, 
    "is_direct": true, 
    "gllbsc_dir-gap": 0.0, 
    "FermiLevel": 0.100610689948, 
    "XCFunctional": "RPBE", 
    "FermiWidth": 0.0036749309468, 
    "structure": {
        "lattice": {
            "a": 4.378541786855715, 
            "c": 4.378541786855715, 
            "b": 4.378541786855715, 
            "matrix": [
                [
                    4.378541786855715, 
                    0.0, 
                    0.0
                ], 
                [
                    0.0, 
                    4.378541786855715, 
                    0.0
                ], 
                [
                    0.0, 
                    0.0, 
                    4.378541786855715
                ]
            ], 
            "volume": 83.94377510487006, 
            "beta": 90.0, 
            "alpha": 90.0, 
            "gamma": 90.0
        }, 
        "sites": [
            {
                "label": "Zn", 
                "xyz": [
                    0.0012222511972274329, 
                    0.0, 
                    0.0
                ], 
                "abc": [
                    0.0002791457194485625, 
                    0.0, 
                    0.0
                ], 
                "properties": {}, 
                "species": [
                    {
                        "occu": 1, 
                        "element": "Zn"
                    }
                ]
            }, 
            {
                "label": "Hg", 
                "xyz": [
                    2.212998465316048, 
                    2.189270893427858, 
                    2.189270893427858
                ], 
                "abc": [
                    0.5054190579976695, 
                    0.5000000000000001, 
                    0.5000000000000001
                ], 
                "properties": {}, 
                "species": [
                    {
                        "occu": 1, 
                        "element": "Hg"
                    }
                ]
            }, 
            {
                "label": "F", 
                "xyz": [
                    2.1880223284229285, 
                    0.0, 
                    2.189270893427858
                ], 
                "abc": [
                    0.49971484456111, 
                    0.0, 
                    0.5000000000000001
                ], 
                "properties": {}, 
                "species": [
                    {
                        "occu": 1, 
                        "element": "F"
                    }
                ]
            }, 
            {
                "label": "N", 
                "xyz": [
                    2.1888424843024743, 
                    2.189270893427858, 
                    0.0
                ], 
                "abc": [
                    0.49990215712302455, 
                    0.5000000000000001, 
                    0.0
                ], 
                "properties": {}, 
                "species": [
                    {
                        "occu": 1, 
                        "element": "N"
                    }
                ]
            }, 
            {
                "label": "O", 
                "xyz": [
                    0.020546975004747427, 
                    2.189270893427858, 
                    2.189270893427858
                ], 
                "abc": [
                    0.004692652486823122, 
                    0.5000000000000001, 
                    0.5000000000000001
                ], 
                "properties": {}, 
                "species": [
                    {
                        "occu": 1, 
                        "element": "O"
                    }
                ]
            }
        ], 
        "@class": "Structure", 
        "@module": "pymatgen.core.structure"
    }
}