{
    "A": "Zn", 
    "gllbsc_ind-gap": 0.0, 
    "B": "La", 
    "anion": "OFN", 
    "CB_ind": 5.981765919959249, 
    "anion_idx": 5, 
    "heat_of_formation_all": 1.54, 
    "CB_dir": 5.981765919959249, 
    "filename": "/Users/ajain/Documents/papers_proposals/2012Paper_UNCOptimization/data/rawdata/abofn/c46f3226131bf6ed6849d79c0fa4605cda8e186e.json", 
    "sum_magnetic_moments": 0.0, 
    "VB_dir": 5.981765919959249, 
    "VB_ind": 5.981765919959249, 
    "is_direct": true, 
    "gllbsc_dir-gap": 0.0, 
    "FermiLevel": 0.10238244135, 
    "XCFunctional": "RPBE", 
    "FermiWidth": 0.0036749309468, 
    "structure": {
        "lattice": {
            "a": 4.7452229379635655, 
            "c": 4.7452229379635655, 
            "b": 4.7452229379635655, 
            "matrix": [
                [
                    4.7452229379635655, 
                    0.0, 
                    0.0
                ], 
                [
                    0.0, 
                    4.7452229379635655, 
                    0.0
                ], 
                [
                    0.0, 
                    0.0, 
                    4.7452229379635655
                ]
            ], 
            "volume": 106.84885269397897, 
            "beta": 90.0, 
            "alpha": 90.0, 
            "gamma": 90.0
        }, 
        "sites": [
            {
                "label": "Zn", 
                "xyz": [
                    0.0015784939688010206, 
                    0.0, 
                    0.0
                ], 
                "abc": [
                    0.0003326490640033951, 
                    0.0, 
                    0.0
                ], 
                "properties": {}, 
                "species": [
                    {
                        "occu": 1, 
                        "element": "Zn"
                    }
                ]
            }, 
            {
                "label": "La", 
                "xyz": [
                    2.3968726424102567, 
                    2.372611468981783, 
                    2.372611468981783
                ], 
                "abc": [
                    0.505112757344734, 
                    0.5000000000000001, 
                    0.5000000000000001
                ], 
                "properties": {}, 
                "species": [
                    {
                        "occu": 1, 
                        "element": "La"
                    }
                ]
            }, 
            {
                "label": "F", 
                "xyz": [
                    2.3716255516207383, 
                    0.0, 
                    2.372611468981783
                ], 
                "abc": [
                    0.4997922294960777, 
                    0.0, 
                    0.5000000000000001
                ], 
                "properties": {}, 
                "species": [
                    {
                        "occu": 1, 
                        "element": "F"
                    }
                ]
            }, 
            {
                "label": "N", 
                "xyz": [
                    2.377308523546249, 
                    2.372611468981783, 
                    0.0
                ], 
                "abc": [
                    0.5009898490810386, 
                    0.5000000000000001, 
                    0.0
                ], 
                "properties": {}, 
                "species": [
                    {
                        "occu": 1, 
                        "element": "N"
                    }
                ]
            }, 
            {
                "label": "O", 
                "xyz": [
                    0.02230900404911737, 
                    2.372611468981783, 
                    2.372611468981783
                ], 
                "abc": [
                    0.004701360576894493, 
                    0.5000000000000001, 
                    0.5000000000000001
                ], 
                "properties": {}, 
                "species": [
                    {
                        "occu": 1, 
                        "element": "O"
                    }
                ]
            }
        ], 
        "@class": "Structure", 
        "@module": "pymatgen.core.structure"
    }
}