{
    "A": "Zn", 
    "gllbsc_ind-gap": 0.0, 
    "B": "Nb", 
    "anion": "O2S", 
    "CB_ind": 5.748573226715517, 
    "anion_idx": 6, 
    "heat_of_formation_all": 0.54, 
    "CB_dir": 5.748573226715517, 
    "filename": "/Users/ajain/Documents/papers_proposals/2012Paper_UNCOptimization/data/rawdata/abo2s/843760d1d9e329ee384b0c1a79942d9d51c7a304.json", 
    "sum_magnetic_moments": 0.6275834959214883, 
    "VB_dir": 5.748573226715517, 
    "VB_ind": 5.748573226715517, 
    "is_direct": true, 
    "gllbsc_dir-gap": 0.0, 
    "FermiLevel": 0.197692906787, 
    "XCFunctional": "RPBE", 
    "FermiWidth": 0.0018374654734, 
    "structure": {
        "lattice": {
            "a": 4.430175002125878, 
            "c": 4.430175002125878, 
            "b": 4.430175002125878, 
            "matrix": [
                [
                    4.430175002125878, 
                    0.0, 
                    0.0
                ], 
                [
                    0.0, 
                    4.430175002125878, 
                    0.0
                ], 
                [
                    0.0, 
                    0.0, 
                    4.430175002125878
                ]
            ], 
            "volume": 86.94861060468195, 
            "beta": 90.0, 
            "alpha": 90.0, 
            "gamma": 90.0
        }, 
        "sites": [
            {
                "label": "Zn", 
                "xyz": [
                    0.9690986178625057, 
                    4.430175002125877, 
                    4.4301750021258774
                ], 
                "abc": [
                    0.21874951156499933, 
                    0.9999999999999997, 
                    0.9999999999999999
                ], 
                "properties": {}, 
                "species": [
                    {
                        "occu": 1, 
                        "element": "Zn"
                    }
                ]
            }, 
            {
                "label": "Nb", 
                "xyz": [
                    2.396712372854434, 
                    2.2150875010629396, 
                    2.2150875010629396
                ], 
                "abc": [
                    0.5409972228420638, 
                    0.5000000000000001, 
                    0.5000000000000001
                ], 
                "properties": {}, 
                "species": [
                    {
                        "occu": 1, 
                        "element": "Nb"
                    }
                ]
            }, 
            {
                "label": "S", 
                "xyz": [
                    1.3827272287809773, 
                    5.429918206170457e-17, 
                    2.2150875010629396
                ], 
                "abc": [
                    0.31211571283695505, 
                    1.2256667521181079e-17, 
                    0.5000000000000001
                ], 
                "properties": {}, 
                "species": [
                    {
                        "occu": 1, 
                        "element": "S"
                    }
                ]
            }, 
            {
                "label": "O", 
                "xyz": [
                    2.097385761509941, 
                    2.2150875010629396, 
                    0.0
                ], 
                "abc": [
                    0.4734318081122038, 
                    0.5000000000000001, 
                    0.0
                ], 
                "properties": {}, 
                "species": [
                    {
                        "occu": 1, 
                        "element": "O"
                    }
                ]
            }, 
            {
                "label": "O", 
                "xyz": [
                    4.226979535193324, 
                    2.2150875010629396, 
                    2.2150875010629396
                ], 
                "abc": [
                    0.9541337606674571, 
                    0.5000000000000001, 
                    0.5000000000000001
                ], 
                "properties": {}, 
                "species": [
                    {
                        "occu": 1, 
                        "element": "O"
                    }
                ]
            }
        ], 
        "@class": "Structure", 
        "@module": "pymatgen.core.structure"
    }
}