{
    "A": "Zn", 
    "gllbsc_ind-gap": 0.0, 
    "B": "Rh", 
    "anion": "O2N", 
    "CB_ind": 6.017146230347339, 
    "anion_idx": 1, 
    "heat_of_formation_all": 1.28, 
    "CB_dir": 6.017146230347339, 
    "filename": "/Users/ajain/Documents/papers_proposals/2012Paper_UNCOptimization/data/rawdata/abo2n/675fa927c6eb42c2c4d2024730a41316cabe389a.json", 
    "sum_magnetic_moments": 1.0737333740181967, 
    "VB_dir": 6.017146230347339, 
    "VB_ind": 6.017146230347339, 
    "is_direct": true, 
    "gllbsc_dir-gap": 0.0, 
    "FermiLevel": 0.176065889434, 
    "XCFunctional": "RPBE", 
    "FermiWidth": 0.0018374654734, 
    "structure": {
        "lattice": {
            "a": 3.9881643686596253, 
            "c": 3.9881643686596253, 
            "b": 3.9881643686596253, 
            "matrix": [
                [
                    3.9881643686596253, 
                    0.0, 
                    0.0
                ], 
                [
                    0.0, 
                    3.9881643686596253, 
                    0.0
                ], 
                [
                    0.0, 
                    0.0, 
                    3.9881643686596253
                ]
            ], 
            "volume": 63.433569023731806, 
            "beta": 90.0, 
            "alpha": 90.0, 
            "gamma": 90.0
        }, 
        "sites": [
            {
                "label": "Zn", 
                "xyz": [
                    1.0470402024644052, 
                    3.9881643686596244, 
                    3.606972661260973e-16
                ], 
                "abc": [
                    0.262536873026701, 
                    0.9999999999999998, 
                    9.044192585455632e-17
                ], 
                "properties": {}, 
                "species": [
                    {
                        "occu": 1, 
                        "element": "Zn"
                    }
                ]
            }, 
            {
                "label": "Rh", 
                "xyz": [
                    2.160116056435921, 
                    1.9940821843298127, 
                    1.9940821843298127
                ], 
                "abc": [
                    0.5416316522485533, 
                    0.5, 
                    0.5
                ], 
                "properties": {}, 
                "species": [
                    {
                        "occu": 1, 
                        "element": "Rh"
                    }
                ]
            }, 
            {
                "label": "N", 
                "xyz": [
                    1.632587001290527, 
                    0.0, 
                    1.9940821843298127
                ], 
                "abc": [
                    0.40935800292484437, 
                    0.0, 
                    0.5
                ], 
                "properties": {}, 
                "species": [
                    {
                        "occu": 1, 
                        "element": "N"
                    }
                ]
            }, 
            {
                "label": "O", 
                "xyz": [
                    1.6780754734927237, 
                    1.9940821843298127, 
                    0.0
                ], 
                "abc": [
                    0.42076386988450654, 
                    0.5, 
                    0.0
                ], 
                "properties": {}, 
                "species": [
                    {
                        "occu": 1, 
                        "element": "O"
                    }
                ]
            }, 
            {
                "label": "O", 
                "xyz": [
                    0.04296898843281626, 
                    1.9940821843298127, 
                    1.9940821843298127
                ], 
                "abc": [
                    0.010774126756279513, 
                    0.5, 
                    0.5
                ], 
                "properties": {}, 
                "species": [
                    {
                        "occu": 1, 
                        "element": "O"
                    }
                ]
            }
        ], 
        "@class": "Structure", 
        "@module": "pymatgen.core.structure"
    }
}