{
    "A": "Zn", 
    "gllbsc_ind-gap": 0.0, 
    "B": "Zn", 
    "anion": "OFN", 
    "CB_ind": 6.463980352374051, 
    "anion_idx": 5, 
    "heat_of_formation_all": 1.46, 
    "CB_dir": 6.463980352374051, 
    "filename": "/Users/ajain/Documents/papers_proposals/2012Paper_UNCOptimization/data/rawdata/abofn/71e435f12e6ed14ef3c1b25e2b00c93a7030d8b2.json", 
    "sum_magnetic_moments": 1.5864736717843329, 
    "VB_dir": 6.463980352374051, 
    "VB_ind": 6.463980352374051, 
    "is_direct": true, 
    "gllbsc_dir-gap": 0.0, 
    "FermiLevel": 0.131998740772, 
    "XCFunctional": "RPBE", 
    "FermiWidth": 0.0036749309468, 
    "structure": {
        "lattice": {
            "a": 4.008221184905444, 
            "c": 4.008221184905444, 
            "b": 4.008221184905444, 
            "matrix": [
                [
                    4.008221184905444, 
                    0.0, 
                    0.0
                ], 
                [
                    0.0, 
                    4.008221184905444, 
                    0.0
                ], 
                [
                    0.0, 
                    0.0, 
                    4.008221184905444
                ]
            ], 
            "volume": 64.39542848568877, 
            "beta": 90.0, 
            "alpha": 90.0, 
            "gamma": 90.0
        }, 
        "sites": [
            {
                "label": "Zn", 
                "xyz": [
                    0.0016045967460197649, 
                    0.0, 
                    0.0
                ], 
                "abc": [
                    0.0004003263971715219, 
                    0.0, 
                    0.0
                ], 
                "properties": {}, 
                "species": [
                    {
                        "occu": 1, 
                        "element": "Zn"
                    }
                ]
            }, 
            {
                "label": "Zn", 
                "xyz": [
                    2.0274997855975756, 
                    2.0041105924527223, 
                    2.0041105924527223
                ], 
                "abc": [
                    0.5058353050058553, 
                    0.5000000000000001, 
                    0.5000000000000001
                ], 
                "properties": {}, 
                "species": [
                    {
                        "occu": 1, 
                        "element": "Zn"
                    }
                ]
            }, 
            {
                "label": "F", 
                "xyz": [
                    2.0023067673634953, 
                    0.0, 
                    2.0041105924527223
                ], 
                "abc": [
                    0.4995499686753766, 
                    0.0, 
                    0.5000000000000001
                ], 
                "properties": {}, 
                "species": [
                    {
                        "occu": 1, 
                        "element": "F"
                    }
                ]
            }, 
            {
                "label": "N", 
                "xyz": [
                    2.003377942312054, 
                    2.0041105924527223, 
                    0.0
                ], 
                "abc": [
                    0.4998172131459644, 
                    0.5000000000000001, 
                    0.0
                ], 
                "properties": {}, 
                "species": [
                    {
                        "occu": 1, 
                        "element": "N"
                    }
                ]
            }, 
            {
                "label": "O", 
                "xyz": [
                    0.0182814488613533, 
                    2.0041105924527223, 
                    2.0041105924527223
                ], 
                "abc": [
                    0.004560988033843888, 
                    0.5000000000000001, 
                    0.5000000000000001
                ], 
                "properties": {}, 
                "species": [
                    {
                        "occu": 1, 
                        "element": "O"
                    }
                ]
            }
        ], 
        "@class": "Structure", 
        "@module": "pymatgen.core.structure"
    }
}