{
    "A": "Zn", 
    "gllbsc_ind-gap": 0.0, 
    "B": "Zn", 
    "anion": "ON2", 
    "CB_ind": 6.016123791327994, 
    "anion_idx": 2, 
    "heat_of_formation_all": 2.12, 
    "CB_dir": 6.016123791327994, 
    "filename": "/Users/ajain/Documents/papers_proposals/2012Paper_UNCOptimization/data/rawdata/abon2/5d0b69a2851fcf64645c42f1980ed98f222f07c0.json", 
    "sum_magnetic_moments": 3.0233684165388226, 
    "VB_dir": 6.016123791327994, 
    "VB_ind": 6.016123791327994, 
    "is_direct": true, 
    "gllbsc_dir-gap": 0.0, 
    "FermiLevel": 0.180605442784, 
    "XCFunctional": "RPBE", 
    "FermiWidth": 0.0018374654734, 
    "structure": {
        "lattice": {
            "a": 3.9023328733827145, 
            "c": 3.9023328733827145, 
            "b": 3.9023328733827145, 
            "matrix": [
                [
                    3.9023328733827145, 
                    0.0, 
                    0.0
                ], 
                [
                    0.0, 
                    3.9023328733827145, 
                    0.0
                ], 
                [
                    0.0, 
                    0.0, 
                    3.9023328733827145
                ]
            ], 
            "volume": 59.425512700038624, 
            "beta": 90.0, 
            "alpha": 90.0, 
            "gamma": 90.0
        }, 
        "sites": [
            {
                "label": "Zn", 
                "xyz": [
                    0.004739964405209536, 
                    0.0, 
                    7.741069576828411e-19
                ], 
                "abc": [
                    0.001214648918737864, 
                    0.0, 
                    1.983703038156791e-19
                ], 
                "properties": {}, 
                "species": [
                    {
                        "occu": 1, 
                        "element": "Zn"
                    }
                ]
            }, 
            {
                "label": "Zn", 
                "xyz": [
                    1.9560277603633445, 
                    1.9511664366913577, 
                    1.9511664366913577
                ], 
                "abc": [
                    0.5012457480767839, 
                    0.5000000000000001, 
                    0.5000000000000001
                ], 
                "properties": {}, 
                "species": [
                    {
                        "occu": 1, 
                        "element": "Zn"
                    }
                ]
            }, 
            {
                "label": "N", 
                "xyz": [
                    1.9540074111756152, 
                    2.5615274233959697e-20, 
                    1.9511664366913577
                ], 
                "abc": [
                    0.5007280195145923, 
                    6.564092573618725e-21, 
                    0.5000000000000001
                ], 
                "properties": {}, 
                "species": [
                    {
                        "occu": 1, 
                        "element": "N"
                    }
                ]
            }, 
            {
                "label": "N", 
                "xyz": [
                    1.9540074111756152, 
                    1.9511664366913577, 
                    8.889644288486618e-19
                ], 
                "abc": [
                    0.5007280195145923, 
                    0.5000000000000001, 
                    2.278033314154638e-19
                ], 
                "properties": {}, 
                "species": [
                    {
                        "occu": 1, 
                        "element": "N"
                    }
                ]
            }, 
            {
                "label": "O", 
                "xyz": [
                    0.005124763332979359, 
                    1.9511664366913577, 
                    1.9511664366913577
                ], 
                "abc": [
                    0.0013132563262182675, 
                    0.5000000000000001, 
                    0.5000000000000001
                ], 
                "properties": {}, 
                "species": [
                    {
                        "occu": 1, 
                        "element": "O"
                    }
                ]
            }
        ], 
        "@class": "Structure", 
        "@module": "pymatgen.core.structure"
    }
}