{
    "A": "Zr", 
    "gllbsc_ind-gap": 0.0, 
    "B": "Ag", 
    "anion": "N3", 
    "CB_ind": 5.736110609779817, 
    "anion_idx": 3, 
    "heat_of_formation_all": 1.72, 
    "CB_dir": 5.736110609779817, 
    "filename": "/Users/ajain/Documents/papers_proposals/2012Paper_UNCOptimization/data/rawdata/abn3/12b943653b698bd17d72ef5005fa9bbc9b5fc2d1.json", 
    "sum_magnetic_moments": 0.00010154917305271738, 
    "VB_dir": 5.736110609779817, 
    "VB_ind": 5.736110609779817, 
    "is_direct": true, 
    "gllbsc_dir-gap": 0.0, 
    "FermiLevel": 0.315992597371, 
    "XCFunctional": "RPBE", 
    "FermiWidth": 0.0018374654734, 
    "structure": {
        "lattice": {
            "a": 4.053034094204447, 
            "c": 4.053034094204447, 
            "b": 4.053034094204447, 
            "matrix": [
                [
                    4.053034094204447, 
                    0.0, 
                    0.0
                ], 
                [
                    0.0, 
                    4.053034094204447, 
                    0.0
                ], 
                [
                    0.0, 
                    0.0, 
                    4.053034094204447
                ]
            ], 
            "volume": 66.57953706808723, 
            "beta": 90.0, 
            "alpha": 90.0, 
            "gamma": 90.0
        }, 
        "sites": [
            {
                "label": "Zr", 
                "xyz": [
                    0.3031887288196523, 
                    4.053034094204446, 
                    3.2959597095544506e-16
                ], 
                "abc": [
                    0.07480537339994026, 
                    0.9999999999999999, 
                    8.132079900999206e-17
                ], 
                "properties": {}, 
                "species": [
                    {
                        "occu": 1, 
                        "element": "Zr"
                    }
                ]
            }, 
            {
                "label": "Ag", 
                "xyz": [
                    2.605471655170991, 
                    2.026517047102224, 
                    2.026517047102224
                ], 
                "abc": [
                    0.6428447416459269, 
                    0.5000000000000001, 
                    0.5000000000000001
                ], 
                "properties": {}, 
                "species": [
                    {
                        "occu": 1, 
                        "element": "Ag"
                    }
                ]
            }, 
            {
                "label": "N", 
                "xyz": [
                    1.1199001732062845, 
                    0.0, 
                    2.026517047102224
                ], 
                "abc": [
                    0.2763115599761825, 
                    0.0, 
                    0.5000000000000001
                ], 
                "properties": {}, 
                "species": [
                    {
                        "occu": 1, 
                        "element": "N"
                    }
                ]
            }, 
            {
                "label": "N", 
                "xyz": [
                    1.1199001732062845, 
                    2.026517047102224, 
                    0.0
                ], 
                "abc": [
                    0.2763115599761825, 
                    0.5000000000000001, 
                    0.0
                ], 
                "properties": {}, 
                "species": [
                    {
                        "occu": 1, 
                        "element": "N"
                    }
                ]
            }, 
            {
                "label": "N", 
                "xyz": [
                    0.5337534098711811, 
                    2.026517047102224, 
                    2.026517047102224
                ], 
                "abc": [
                    0.1316923069150617, 
                    0.5000000000000001, 
                    0.5000000000000001
                ], 
                "properties": {}, 
                "species": [
                    {
                        "occu": 1, 
                        "element": "N"
                    }
                ]
            }
        ], 
        "@class": "Structure", 
        "@module": "pymatgen.core.structure"
    }
}