{
    "A": "Zr", 
    "gllbsc_ind-gap": 0.0, 
    "B": "Al", 
    "anion": "ON2", 
    "CB_ind": 5.413698218768043, 
    "anion_idx": 2, 
    "heat_of_formation_all": 0.78, 
    "CB_dir": 5.413698218768043, 
    "filename": "/Users/ajain/Documents/papers_proposals/2012Paper_UNCOptimization/data/rawdata/abon2/ea5400b2a9ab172d5f7d84572ee73d4f4881eb12.json", 
    "sum_magnetic_moments": 0.36120556303292517, 
    "VB_dir": 5.413698218768043, 
    "VB_ind": 5.413698218768043, 
    "is_direct": true, 
    "gllbsc_dir-gap": 0.0, 
    "FermiLevel": 0.317914508969, 
    "XCFunctional": "RPBE", 
    "FermiWidth": 0.0018374654734, 
    "structure": {
        "lattice": {
            "a": 3.793010776965677, 
            "c": 3.793010776965677, 
            "b": 3.793010776965677, 
            "matrix": [
                [
                    3.793010776965677, 
                    0.0, 
                    0.0
                ], 
                [
                    0.0, 
                    3.793010776965677, 
                    0.0
                ], 
                [
                    0.0, 
                    0.0, 
                    3.793010776965677
                ]
            ], 
            "volume": 54.56978339805521, 
            "beta": 90.0, 
            "alpha": 90.0, 
            "gamma": 90.0
        }, 
        "sites": [
            {
                "label": "Zr", 
                "xyz": [
                    3.3271147705157, 
                    0.0, 
                    5.387864876210332e-17
                ], 
                "abc": [
                    0.8771698700991608, 
                    0.0, 
                    1.4204718080238365e-17
                ], 
                "properties": {}, 
                "species": [
                    {
                        "occu": 1, 
                        "element": "Zr"
                    }
                ]
            }, 
            {
                "label": "Al", 
                "xyz": [
                    1.9518492519007524, 
                    1.896505388482838, 
                    1.896505388482838
                ], 
                "abc": [
                    0.5145910113817783, 
                    0.4999999999999999, 
                    0.4999999999999999
                ], 
                "properties": {}, 
                "species": [
                    {
                        "occu": 1, 
                        "element": "Al"
                    }
                ]
            }, 
            {
                "label": "N", 
                "xyz": [
                    2.1512459194472595, 
                    0.0, 
                    1.896505388482838
                ], 
                "abc": [
                    0.5671605080880386, 
                    0.0, 
                    0.4999999999999999
                ], 
                "properties": {}, 
                "species": [
                    {
                        "occu": 1, 
                        "element": "N"
                    }
                ]
            }, 
            {
                "label": "N", 
                "xyz": [
                    2.1512459194472595, 
                    1.896505388482838, 
                    0.0
                ], 
                "abc": [
                    0.5671605080880386, 
                    0.4999999999999999, 
                    0.0
                ], 
                "properties": {}, 
                "species": [
                    {
                        "occu": 1, 
                        "element": "N"
                    }
                ]
            }, 
            {
                "label": "O", 
                "xyz": [
                    0.13012563580400896, 
                    1.896505388482838, 
                    1.896505388482838
                ], 
                "abc": [
                    0.034306687604011114, 
                    0.4999999999999999, 
                    0.4999999999999999
                ], 
                "properties": {}, 
                "species": [
                    {
                        "occu": 1, 
                        "element": "O"
                    }
                ]
            }
        ], 
        "@class": "Structure", 
        "@module": "pymatgen.core.structure"
    }
}