{
    "A": "Zr", 
    "gllbsc_ind-gap": 0.0, 
    "B": "Al", 
    "anion": "OFN", 
    "CB_ind": 5.816708587386708, 
    "anion_idx": 5, 
    "heat_of_formation_all": 0.86, 
    "CB_dir": 5.816708587386708, 
    "filename": "/Users/ajain/Documents/papers_proposals/2012Paper_UNCOptimization/data/rawdata/abofn/62fa2f3422424c1c407eef6856a2b58d510fbbcc.json", 
    "sum_magnetic_moments": 0.40124876695393397, 
    "VB_dir": 5.816708587386708, 
    "VB_ind": 5.816708587386708, 
    "is_direct": true, 
    "gllbsc_dir-gap": 0.0, 
    "FermiLevel": 0.419493776903, 
    "XCFunctional": "RPBE", 
    "FermiWidth": 0.0036749309468, 
    "structure": {
        "lattice": {
            "a": 3.7709443645781926, 
            "c": 3.7709443645781926, 
            "b": 3.7709443645781926, 
            "matrix": [
                [
                    3.7709443645781926, 
                    0.0, 
                    0.0
                ], 
                [
                    0.0, 
                    3.7709443645781926, 
                    0.0
                ], 
                [
                    0.0, 
                    0.0, 
                    3.7709443645781926
                ]
            ], 
            "volume": 53.622909565316995, 
            "beta": 90.0, 
            "alpha": 90.0, 
            "gamma": 90.0
        }, 
        "sites": [
            {
                "label": "Zr", 
                "xyz": [
                    0.012051472821310508, 
                    0.0, 
                    0.0
                ], 
                "abc": [
                    0.0031958765911569084, 
                    0.0, 
                    0.0
                ], 
                "properties": {}, 
                "species": [
                    {
                        "occu": 1, 
                        "element": "Zr"
                    }
                ]
            }, 
            {
                "label": "Al", 
                "xyz": [
                    1.8931359202856795, 
                    1.8854721822890952, 
                    1.8854721822890952
                ], 
                "abc": [
                    0.5020323126664428, 
                    0.4999999999999997, 
                    0.4999999999999997
                ], 
                "properties": {}, 
                "species": [
                    {
                        "occu": 1, 
                        "element": "Al"
                    }
                ]
            }, 
            {
                "label": "F", 
                "xyz": [
                    1.8892795778405704, 
                    0.0, 
                    1.8854721822890952
                ], 
                "abc": [
                    0.5010096663284769, 
                    0.0, 
                    0.4999999999999997
                ], 
                "properties": {}, 
                "species": [
                    {
                        "occu": 1, 
                        "element": "F"
                    }
                ]
            }, 
            {
                "label": "N", 
                "xyz": [
                    1.8981332277766794, 
                    1.8854721822890952, 
                    0.0
                ], 
                "abc": [
                    0.5033575264611466, 
                    0.4999999999999997, 
                    0.0
                ], 
                "properties": {}, 
                "species": [
                    {
                        "occu": 1, 
                        "element": "N"
                    }
                ]
            }, 
            {
                "label": "O", 
                "xyz": [
                    0.008549463476969223, 
                    1.8854721822890952, 
                    1.8854721822890952
                ], 
                "abc": [
                    0.0022671942755977366, 
                    0.4999999999999997, 
                    0.4999999999999997
                ], 
                "properties": {}, 
                "species": [
                    {
                        "occu": 1, 
                        "element": "O"
                    }
                ]
            }
        ], 
        "@class": "Structure", 
        "@module": "pymatgen.core.structure"
    }
}