{
    "A": "Zr", 
    "gllbsc_ind-gap": 0.0, 
    "B": "Pt", 
    "anion": "N3", 
    "CB_ind": 6.002220727768562, 
    "anion_idx": 3, 
    "heat_of_formation_all": 1.34, 
    "CB_dir": 6.002220727768562, 
    "filename": "/Users/ajain/Documents/papers_proposals/2012Paper_UNCOptimization/data/rawdata/abn3/0c49593576e7f73faea914789f83961fc5a9cba7.json", 
    "sum_magnetic_moments": 0.8893116026825929, 
    "VB_dir": 6.002220727768562, 
    "VB_ind": 6.002220727768562, 
    "is_direct": true, 
    "gllbsc_dir-gap": 0.0, 
    "FermiLevel": 0.366395101245, 
    "XCFunctional": "RPBE", 
    "FermiWidth": 0.0018374654734, 
    "structure": {
        "lattice": {
            "a": 3.994712370001739, 
            "c": 3.994712370001739, 
            "b": 3.994712370001739, 
            "matrix": [
                [
                    3.994712370001739, 
                    0.0, 
                    0.0
                ], 
                [
                    0.0, 
                    3.994712370001739, 
                    0.0
                ], 
                [
                    0.0, 
                    0.0, 
                    3.994712370001739
                ]
            ], 
            "volume": 63.74652912061843, 
            "beta": 90.0, 
            "alpha": 90.0, 
            "gamma": 90.0
        }, 
        "sites": [
            {
                "label": "Zr", 
                "xyz": [
                    0.4904418730367862, 
                    2.8526702753260376e-16, 
                    3.9947123700017384
                ], 
                "abc": [
                    0.12277276249468062, 
                    7.141115582558942e-17, 
                    0.9999999999999999
                ], 
                "properties": {}, 
                "species": [
                    {
                        "occu": 1, 
                        "element": "Zr"
                    }
                ]
            }, 
            {
                "label": "Pt", 
                "xyz": [
                    2.027446247786242, 
                    1.9973561850008694, 
                    1.9973561850008694
                ], 
                "abc": [
                    0.507532472928798, 
                    0.5, 
                    0.5
                ], 
                "properties": {}, 
                "species": [
                    {
                        "occu": 1, 
                        "element": "Pt"
                    }
                ]
            }, 
            {
                "label": "N", 
                "xyz": [
                    1.575759363552169, 
                    0.0, 
                    1.9973561850008694
                ], 
                "abc": [
                    0.39446128221529075, 
                    0.0, 
                    0.5
                ], 
                "properties": {}, 
                "species": [
                    {
                        "occu": 1, 
                        "element": "N"
                    }
                ]
            }, 
            {
                "label": "N", 
                "xyz": [
                    1.575759363552169, 
                    1.9973561850008694, 
                    0.0
                ], 
                "abc": [
                    0.39446128221529075, 
                    0.5, 
                    0.0
                ], 
                "properties": {}, 
                "species": [
                    {
                        "occu": 1, 
                        "element": "N"
                    }
                ]
            }, 
            {
                "label": "N", 
                "xyz": [
                    3.9679581901512213, 
                    1.9973561850008694, 
                    1.9973561850008694
                ], 
                "abc": [
                    0.9933026016963254, 
                    0.5, 
                    0.5
                ], 
                "properties": {}, 
                "species": [
                    {
                        "occu": 1, 
                        "element": "N"
                    }
                ]
            }
        ], 
        "@class": "Structure", 
        "@module": "pymatgen.core.structure"
    }
}