{
    "A": "Zr", 
    "gllbsc_ind-gap": 0.0, 
    "B": "Rh", 
    "anion": "N3", 
    "CB_ind": 5.699471867919883, 
    "anion_idx": 3, 
    "heat_of_formation_all": 1.18, 
    "CB_dir": 5.699471867919883, 
    "filename": "/Users/ajain/Documents/papers_proposals/2012Paper_UNCOptimization/data/rawdata/abn3/012a8bb082175100cb5c5f6ff56092ea561a5d5d.json", 
    "sum_magnetic_moments": 0.033174634621065735, 
    "VB_dir": 5.699471867919883, 
    "VB_ind": 5.699471867919883, 
    "is_direct": true, 
    "gllbsc_dir-gap": 0.0, 
    "FermiLevel": 0.356490831222, 
    "XCFunctional": "RPBE", 
    "FermiWidth": 0.0018374654734, 
    "structure": {
        "lattice": {
            "a": 3.9481568734050256, 
            "c": 3.9481568734050256, 
            "b": 3.9481568734050256, 
            "matrix": [
                [
                    3.9481568734050256, 
                    0.0, 
                    0.0
                ], 
                [
                    0.0, 
                    3.9481568734050256, 
                    0.0
                ], 
                [
                    0.0, 
                    0.0, 
                    3.9481568734050256
                ]
            ], 
            "volume": 61.543643101464816, 
            "beta": 90.0, 
            "alpha": 90.0, 
            "gamma": 90.0
        }, 
        "sites": [
            {
                "label": "Zr", 
                "xyz": [
                    0.4989110687703686, 
                    0.0, 
                    9.729296815882836e-17
                ], 
                "abc": [
                    0.1263655636712557, 
                    0.0, 
                    2.4642629783582934e-17
                ], 
                "properties": {}, 
                "species": [
                    {
                        "occu": 1, 
                        "element": "Zr"
                    }
                ]
            }, 
            {
                "label": "Rh", 
                "xyz": [
                    2.154027282273461, 
                    1.9740784367025126, 
                    1.9740784367025126
                ], 
                "abc": [
                    0.5455779370832736, 
                    0.49999999999999994, 
                    0.49999999999999994
                ], 
                "properties": {}, 
                "species": [
                    {
                        "occu": 1, 
                        "element": "Rh"
                    }
                ]
            }, 
            {
                "label": "N", 
                "xyz": [
                    1.5590878877141656, 
                    0.0, 
                    1.9740784367025126
                ], 
                "abc": [
                    0.39489005571593583, 
                    0.0, 
                    0.49999999999999994
                ], 
                "properties": {}, 
                "species": [
                    {
                        "occu": 1, 
                        "element": "N"
                    }
                ]
            }, 
            {
                "label": "N", 
                "xyz": [
                    1.5590878877141656, 
                    1.9740784367025126, 
                    2.0109029999174858e-19
                ], 
                "abc": [
                    0.39489005571593583, 
                    0.49999999999999994, 
                    5.093270263557725e-20
                ], 
                "properties": {}, 
                "species": [
                    {
                        "occu": 1, 
                        "element": "N"
                    }
                ]
            }, 
            {
                "label": "N", 
                "xyz": [
                    0.0648509061972997, 
                    1.9740784367025126, 
                    1.9740784367025126
                ], 
                "abc": [
                    0.016425615363497466, 
                    0.49999999999999994, 
                    0.49999999999999994
                ], 
                "properties": {}, 
                "species": [
                    {
                        "occu": 1, 
                        "element": "N"
                    }
                ]
            }
        ], 
        "@class": "Structure", 
        "@module": "pymatgen.core.structure"
    }
}