{
    "A": "Zr", 
    "gllbsc_ind-gap": 0.0, 
    "B": "Ru", 
    "anion": "N3", 
    "CB_ind": 5.751530484516478, 
    "anion_idx": 3, 
    "heat_of_formation_all": 1.34, 
    "CB_dir": 5.751530484516478, 
    "filename": "/Users/ajain/Documents/papers_proposals/2012Paper_UNCOptimization/data/rawdata/abn3/10b45b46c599e62ed081a8eaba86d0bd32eea9fb.json", 
    "sum_magnetic_moments": 0.010706758462674774, 
    "VB_dir": 5.751530484516478, 
    "VB_ind": 5.751530484516478, 
    "is_direct": true, 
    "gllbsc_dir-gap": 0.0, 
    "FermiLevel": 0.382622111811, 
    "XCFunctional": "RPBE", 
    "FermiWidth": 0.0018374654734, 
    "structure": {
        "lattice": {
            "a": 3.887461162043201, 
            "c": 3.887461162043201, 
            "b": 3.887461162043201, 
            "matrix": [
                [
                    3.887461162043201, 
                    0.0, 
                    0.0
                ], 
                [
                    0.0, 
                    3.887461162043201, 
                    0.0
                ], 
                [
                    0.0, 
                    0.0, 
                    3.887461162043201
                ]
            ], 
            "volume": 58.74869035539484, 
            "beta": 90.0, 
            "alpha": 90.0, 
            "gamma": 90.0
        }, 
        "sites": [
            {
                "label": "Zr", 
                "xyz": [
                    0.008804452635236843, 
                    2.99488155500531e-18, 
                    0.0
                ], 
                "abc": [
                    0.0022648335940182954, 
                    7.703952348764399e-19, 
                    0.0
                ], 
                "properties": {}, 
                "species": [
                    {
                        "occu": 1, 
                        "element": "Zr"
                    }
                ]
            }, 
            {
                "label": "Ru", 
                "xyz": [
                    1.953050521731392, 
                    1.9437305810216001, 
                    1.9437305810216001
                ], 
                "abc": [
                    0.5023974363527514, 
                    0.4999999999999999, 
                    0.4999999999999999
                ], 
                "properties": {}, 
                "species": [
                    {
                        "occu": 1, 
                        "element": "Ru"
                    }
                ]
            }, 
            {
                "label": "N", 
                "xyz": [
                    1.9483907256674324, 
                    9.637065263238073e-19, 
                    1.9437305810216001
                ], 
                "abc": [
                    0.5011987630105049, 
                    2.4790126155686023e-19, 
                    0.4999999999999999
                ], 
                "properties": {}, 
                "species": [
                    {
                        "occu": 1, 
                        "element": "N"
                    }
                ]
            }, 
            {
                "label": "N", 
                "xyz": [
                    1.9483907256674324, 
                    1.9437305810216001, 
                    0.0
                ], 
                "abc": [
                    0.5011987630105049, 
                    0.4999999999999999, 
                    0.0
                ], 
                "properties": {}, 
                "species": [
                    {
                        "occu": 1, 
                        "element": "N"
                    }
                ]
            }, 
            {
                "label": "N", 
                "xyz": [
                    0.0070601267292348035, 
                    1.9437305810216001, 
                    1.9437305810216001
                ], 
                "abc": [
                    0.0018161279135517044, 
                    0.4999999999999999, 
                    0.4999999999999999
                ], 
                "properties": {}, 
                "species": [
                    {
                        "occu": 1, 
                        "element": "N"
                    }
                ]
            }
        ], 
        "@class": "Structure", 
        "@module": "pymatgen.core.structure"
    }
}